"Day","Date","League","Type","Gilded.Ambush.Scarab","Gilded.Bestiary.Scarab","Gilded.Breach.Scarab","Gilded.Cartography.Scarab","Gilded.Divination.Scarab","Gilded.Elder.Scarab","Gilded.Harbinger.Scarab","Gilded.Perandus.Scarab","Gilded.Reliquary.Scarab","Gilded.Shaper.Scarab","Gilded.Sulphite.Scarab","Gilded.Torment.Scarab","Polished.Ambush.Scarab","Polished.Bestiary.Scarab","Polished.Breach.Scarab","Polished.Cartography.Scarab","Polished.Divination.Scarab","Polished.Elder.Scarab","Polished.Harbinger.Scarab","Polished.Perandus.Scarab","Polished.Reliquary.Scarab","Polished.Shaper.Scarab","Polished.Sulphite.Scarab","Polished.Torment.Scarab","Rusted.Ambush.Scarab","Rusted.Bestiary.Scarab","Rusted.Breach.Scarab","Rusted.Cartography.Scarab","Rusted.Divination.Scarab","Rusted.Elder.Scarab","Rusted.Harbinger.Scarab","Rusted.Perandus.Scarab","Rusted.Reliquary.Scarab","Rusted.Shaper.Scarab","Rusted.Sulphite.Scarab","Rusted.Torment.Scarab","Gilded.Legion.Scarab","Polished.Legion.Scarab","Rusted.Legion.Scarab"
1,"2018-12-07","Betrayal HC","Scarab",0,0,0,0,0,0,0,0,0,0,0,0,0,0,0,0,0,0,0,0,0,0,0,0,0.715,1,1.12,0.35,0.535,10,1,1,1,1,0,2,NA,NA,NA
2,"2018-12-08","Betrayal HC","Scarab",1.4,9,2,6.98,1,8.65,5.5,0,0,3,0,0,3,2.2,1,15,5,2.4,2,5,42.645,1,5,2.31,0.99,0.30538,1,1,1,1,1,0.65833,1,1,1,0.60071,NA,NA,NA
3,"2018-12-09","Betrayal HC","Scarab",3,4.2,3.415,5,18.3,5,3.98,1.43,4,1,1,1.23,2,1.6,5.4,4,5,1.46,2,1.89,7.85833,1,2,2,1,0.31091,1,1,1,1,1,1,1,0.675,1,0.28,NA,NA,NA
4,"2018-12-10","Betrayal HC","Scarab",2,2.07,5.3,7.63,8.77273,2.47917,4.2,1.64,4,1,10.55,1.78,2,2,5,4.14,4.31412,1,2,1,5.27,1,2.48,1,1,0.54,1,1,1,1,1,1,1,0.31,2,0.31402,NA,NA,NA
5,"2018-12-11","Betrayal HC","Scarab",3,2.69,4,10,7,2,4.41,2,9.70375,1,9.78,1,2,2,5,5.48,4.9,1,2,2,2,1,4.08,1,1,1,1,1,1,0.87031,1,1,1,0.48051,5.746,0.49347,NA,NA,NA
6,"2018-12-12","Betrayal HC","Scarab",3,4,5,11.19652,7,2,4,2.37,9.14237,1,10,1,2.03,2,4,9.10708,4.51317,1,2,2,3.4405,0.98,7,1,1,1,1,2,1.39667,1,1,1,1,0.53,6,0.58,NA,NA,NA
7,"2018-12-13","Betrayal HC","Scarab",4,3.5,5,10.77,7.44,2,4,3,8.63,1,10,1,3,2,4,10,4,0.97,2.02375,3,3,0.7,8.44,1,1,1,1,4,2,1,1,1,1,0.42,6.66423,0.46,NA,NA,NA
8,"2018-12-14","Betrayal HC","Scarab",4,4,4,13.1,6.87,3,5,3,8.32,1,10.83837,1,4,2,4,10,4.46711,1,1.81,2,3.68,0.88,9,1,1.47282,1,1,2.74,2,1,1.16,1.26,1,0.4402,7,0.9801,NA,NA,NA
9,"2018-12-15","Betrayal HC","Scarab",5.84184,4,4,16.86667,8.21,3,5,3.61,7,1,11,1,3.71,1.68,4,12.63841,4.46483,1.32,4,2,4,0.88,9,1,1.222,1,1.92333,2.63,2,0.49,2,2,1,0.44,7.83,1,NA,NA,NA
10,"2018-12-16","Betrayal HC","Scarab",7.0302,4,5,22,18.2275,3.06436,5,3,5,1,11.43559,1,4,1.91,4,11.84348,5,1.88882,3.12,2,3,0.9301,9.05,1,2,1.69,2,4,2,1,3,2,1,0.44,7.99606,1,NA,NA,NA
11,"2018-12-17","Betrayal HC","Scarab",6,6.05692,5.25,21.6122,17.4384,3,6.09,4,4.05102,1,12.09,1,4.02212,1.67,4.28933,13,8,2,4.52647,2,3,0.57612,10,1,3,1.08029,2,4.57,2,1,3.49,2,1,0.45,8,1,NA,NA,NA
12,"2018-12-18","Betrayal HC","Scarab",6,7,6,19,16,3.17533,7,3.84041,4,1,18.10347,1,4.06,3.61074,4,12.99,8.17,2,5,2,3,0.94,10,1,3,1.81,2,4,2.354,1,3,1,1,0.47,8.82,0.97,NA,NA,NA
13,"2018-12-19","Betrayal HC","Scarab",6,6,5.19444,18,9.9802,3.22526,7,3,4,1,17.78071,1.93,4,3.87027,4,12.04615,9,2,4,2,3,0.9501,13.56,1,3,2,1.89,4,3,1,3,1,1,0.86082,10,0.96,NA,NA,NA
14,"2018-12-20","Betrayal HC","Scarab",6.06,6,5.80427,12,11.61796,4,5,2.0102,4,1,17,2,5,4,4,10,9,1,3,2,3,0.97,13.21102,1,3,2,1.64,4,3,1,2,1,1,0.99,10.13082,1,NA,NA,NA
15,"2018-12-21","Betrayal HC","Scarab",7.15,6,6,10,13.30041,4,5,2,4,1,16,2,5,3.21,4,8,7.65,1,4,2,3,0.89041,13,1,3,2,1,4,2.31796,1,2,1,1,0.97,10,1,NA,NA,NA
16,"2018-12-22","Betrayal HC","Scarab",8,6,5.47163,11.70612,13,4.00838,4,2,4,1,15,2,5,3.6263,4,9,7,1,4,2,2,0.39,12.8802,1,3,1.98531,2,4,3,1,2,1,1,0.9302,10,0.42,NA,NA,NA
17,"2018-12-23","Betrayal HC","Scarab",9.8,6.39,6,14.52102,12,4,5,3,4,1,16,2,5,4,4,10,5,1.52,3,2,2,0.82571,12,1,3,1.96,1.25,4,2,1,2,1,1,0.8551,9.70041,0.69551,NA,NA,NA
18,"2018-12-24","Betrayal HC","Scarab",10,6.4651,7,16.49551,13,5,5,3,3.89,1.2,20,2,5,4,4,10,5,2,4,2,2,0.39,13,1,2.72939,1.61122,1,4,2,0.52551,2,1,0.94531,0.4,10,0.76,NA,NA,NA
19,"2018-12-25","Betrayal HC","Scarab",10,6,7,14.76051,13,5,5,3,4,1.01,17.06112,2,5,3.51143,4,9,5,2,4,2,2,0.67,14,1,2,1.23143,1.36,3.71,2,0.39,2,1,1,0.39,10,0.39,NA,NA,NA
20,"2018-12-26","Betrayal HC","Scarab",11.13041,6,7,14.96041,14,5,5,3,4.6375,1.23061,17,2,5,3,4.17692,9.18306,4,1.86,4,2,2,1,14,1,2,2,1.71,4,1.5,0.39,2,1,1,0.41,10,0.4,NA,NA,NA
21,"2018-12-27","Betrayal HC","Scarab",12,6,7,14.41,12,5,5,3,4.50949,2,17,2,5,4.25,4,8.56,4,2,3,2,2,0.73,14,1,2,3,2,4,2,0.44,2,1,1,0.43,10,0.7451,NA,NA,NA
22,"2018-12-28","Betrayal HC","Scarab",12,6,7.92464,14,12.55571,5,5,3,5,2,15.97061,2,5,4,4.66975,8,4.45,2,3,2,2,0.72,13.92,1,3,3,2,4,2.7102,0.8,2,1,1,0.44,10,0.72,NA,NA,NA
23,"2018-12-29","Betrayal HC","Scarab",10,6.99,9,14,11.73041,5,5.4,3,5,1,16,2,4.38556,4,5,9,5.53244,2,2.02297,2,2,0.5202,13.58133,1,2,2,2,4,2,1,2,1,1,0.49,10,0.8601,NA,NA,NA
24,"2018-12-30","Betrayal HC","Scarab",10,6,9.30204,14,11.61122,5,5.99659,3,5,1.48,16,2,5,4,5,9,6,2,2.56,1.38,2,1,12,1,2.28,2.36,2,4,2,1,2,1,1,0.5151,9.32041,0.8,NA,NA,NA
25,"2018-12-31","Betrayal HC","Scarab",10,7,9,14,11,5,6,3,5,1.32,17,2,4.31786,4.74,5,9,6.91438,2,2.70116,2,2,0.8202,11.9801,0.94,2.7702,2,2,4.6101,3,0.37,1,1,1,0.56,9,0.9701,NA,NA,NA
26,"2019-01-01","Betrayal HC","Scarab",10,7,9,14,10.20592,5,6,3,5,1.18592,16,2,5,5,5.04,7.0202,6,2,2.635,2,2,0.8451,12,0.74,2,2,2,4,3,0.37,1.31,1,1,0.43,9,0.9751,NA,NA,NA
27,"2019-01-02","Betrayal HC","Scarab",8,6.66429,9.15112,14,10,5,7,3,5.93,1.90051,16,2,5,4,5.57,7.5901,6.45051,2,3,2,2,1,11.97031,0.72,2,2,2,4,3,0.7,1,1,1,0.49,9,0.7,NA,NA,NA
28,"2019-01-03","Betrayal HC","Scarab",7,6.27,8,13.83,10,5.65765,6.74041,3.63,5,2,16,2,4.59531,3.91531,6,7.65,6.9,2,3,2,1,1,12,0.77,2,2,2,4,3,0.98,1,1,1,0.55,9,0.35,NA,NA,NA
29,"2019-01-04","Betrayal HC","Scarab",7,7,9,13,11,5.77,7,3.3,7,2,16.2051,2,4,4,6,7.15265,7,2,3.33364,2,1,1,12,1,2,2,2,3.72551,3,0.93,2,1,1,0.6,9,0.34,NA,NA,NA
30,"2019-01-05","Betrayal HC","Scarab",7.15102,8,9,13,14,5.5302,6.34082,3.69,7,2,18,2,4.51,4,5,6.45864,7,1,3.7025,1,1,1,12,1,2,2,2,4,3,1,2,1,1,0.48,9,0.33,NA,NA,NA
31,"2019-01-06","Betrayal HC","Scarab",7.03051,7,9,13,14.92439,5,7,3,7,2,17.69071,1.89,4,4,5,7,7,1,4,1.42188,2,0.9601,12.37,1,2,2,2,4,3,0.98,2.53459,1,1,0.51,9.24133,0.32,NA,NA,NA
32,"2019-01-07","Betrayal HC","Scarab",8,7,9,13,16,5,7,3,7,2,17,1.00172,4,4,5,7.34328,7,1,3,1.0402,2,0.53,13,1,3,2,2,4,2,0.97,2.62122,1,1,0.62,9.18,0.31,NA,NA,NA
33,"2019-01-08","Betrayal HC","Scarab",9,7,10,13,16,5,7,3,6.39,2,16,1.36583,4,4,6,7,6.24,1,4,1,2,0.62,12.81184,1,3,2,2,3,2,0.88,2.48041,1,1,0.31,9,0.31,NA,NA,NA
34,"2019-01-09","Betrayal HC","Scarab",9,7.73531,10,12.26,15,5,7,3,7,2,16.89041,2,5,4,6,7,5,1,4,1,2,0.82,13,0.97,2.3302,2,2.12,3,1.80531,1,2.5,1.13,1,0.3,10,0.29,NA,NA,NA
35,"2019-01-10","Betrayal HC","Scarab",8,7.63031,11,11,11,5,7,3,7,2,16,2,5,4,6,6,4.33041,1,4,1.47,2,1,13,0.98,2,2.26436,2,3,2,0.96,2,1.0001,1,0.3,9.01,0.29,NA,NA,NA
36,"2019-01-11","Betrayal HC","Scarab",7,8,12.31857,10,9,5,6,3,7,2,17,2,4,4.27,6,5,4.36,1,4,1.59156,2,1,13,0.98,2,2.33,2,2.76,2,1,2,1,1,0.29,9.20878,0.29,NA,NA,NA
37,"2019-01-12","Betrayal HC","Scarab",7.33041,7,12,10,9,5,6.52592,3,7,2,17,1.98588,4,4.25,6,5,4,1.09,4,1.92692,2,0.54,13,0.92,2,2.80204,2,2,2,1,2,1,0.9851,0.57,9,0.27,NA,NA,NA
38,"2019-01-13","Betrayal HC","Scarab",8,6,13,11,9,5.55,7,3,7,2,18,3.57,4,4.54,5.7,6,4.1151,1.75,4,2,2,1,13,0.68,2,3,2.38,2,2,1,1.28571,1,0.82531,1,9,0.27,NA,NA,NA
39,"2019-01-14","Betrayal HC","Scarab",8,6,13,10,8,5,6,3.68,7,2,17,4,4.5,4.73511,6.03167,6,4.28,1.87673,4,2,2,1,13,0.74,2,3,3,2,2,1,1,1,0.7202,1,9,0.27,NA,NA,NA
40,"2019-01-15","Betrayal HC","Scarab",8,6,13,10,9,5,6,3.95,7,2,17,4,4,4.69,7,5,5,2,4,2,1.45,1,13,0.72,2,3,3,2,2,1,1.87531,1,0.96,0.59,9,0.27,NA,NA,NA
41,"2019-01-16","Betrayal HC","Scarab",7,6,14.13,10,10,5,6,3,7,2,16,4,4,4.02,7,4.79,5,2,4,2,1.89,1,12,0.77,2,2.6302,1.99867,2,2,1,1,1,1,0.54,9,0.27,NA,NA,NA
42,"2019-01-17","Betrayal HC","Scarab",6.79531,6,13.90041,9.72,9,5,6,4,7,2,17,4,4,4,8,4,4,2,4,2,2,0.6051,13,0.82,2,2,2,1.67,2,1,1,1,0.94,0.59,9,0.28,NA,NA,NA
43,"2019-01-18","Betrayal HC","Scarab",7,7,14,9,8,5,6,4,7,2,16,4,4,3.04,9,4.84,4,2,4,2,2,0.78,13,0.86,2,2,2,1.87,2,1,1.21,1,1,0.7351,9,0.26,NA,NA,NA
44,"2019-01-19","Betrayal HC","Scarab",7,6,13.31571,9,8,5.20419,6,4,6,2,17,4,4,3.23469,8,4.33,4,2,4,2,2,0.55,13,0.897,2,2,2,1.65,2,1,1.8751,1,1,1,10,0.49,NA,NA,NA
45,"2019-01-20","Betrayal HC","Scarab",6,5,12.11112,9,7,6,6,3,6,2,15.21245,4,4,3,8,5,4,2,4,2,2,0.63,12.06143,1,2,2,2.99,1.43,2,1,2,1,1,1,8,0.47,NA,NA,NA
46,"2019-01-21","Betrayal HC","Scarab",6,5,12.00122,9.59041,7,6,6,3,5,2,14,3,4,2.91051,7.07,5,4,2.3,4,1.99193,2,1,12,1,2,2,3,1.79,1,1,2,1,1,1,9,0.34,NA,NA,NA
47,"2019-01-22","Betrayal HC","Scarab",5.98041,5,11.9951,9,7,6.06857,6,3.6251,5,2,14.31551,3,3,2.03551,8,5,4,2.32,4,1.85,2,1,12,1,2,2,2.94,2,1,1,2,1,1,1,8,0.36,NA,NA,NA
48,"2019-01-23","Betrayal HC","Scarab",5,5,12,9,6,6,5.7802,4,5,2,14.5851,3,3,3,8,5,4,3,4,1.59,2,1,11.73082,1,2,1.93,2,1.96,1,1,1.66,1,1,1,6,0.38,NA,NA,NA
49,"2019-01-24","Betrayal HC","Scarab",5,5,12,8,7,7.34,6,3.70071,6,2,14,3,3,3,8,5,4,3,4,1.16,2,1,10,0.98922,1.86,2,2,2,1.47,1,1.74061,1,1,1,5.92031,0.42,NA,NA,NA
50,"2019-01-25","Betrayal HC","Scarab",5,5,12,8,8,7.39776,6,3,5.27,2,14.38031,3,3,3.62,7.05568,5,3.57,3.15,4,1.44,2,0.83,10.84,0.8,2,1,2,2,1.74,1,2,1,0.98,1,6.2,0.53,NA,NA,NA
51,"2019-01-26","Betrayal HC","Scarab",5,5,12,9,8,6.19171,6,3,5.39,2,14.51367,3,3,3.34,7,4,4,2.97,3.28,1.31784,1.91,1,10,0.96,1.32041,1,2,2,2,0.99,1.47102,1,1,1,7,0.51,NA,NA,NA
52,"2019-01-27","Betrayal HC","Scarab",4.17,5,12,9,8,5,6,3,5.13286,2,15,3,3,3,7,4,3.73,2.74,3,1,1.88,1,10,0.98,1,1,2.11,2,2,1,1,1,1,1,7,0.36346,NA,NA,NA
53,"2019-01-28","Betrayal HC","Scarab",5,5,11.95,8.74541,10,7,6,3.2051,6,2,16,3,3,3,7,3.99727,4,2.74,3,1,1.83,1,11,0.97,1.5,1,2,2,2,1,2,1,1,1,7,0.42038,NA,NA,NA
54,"2019-01-29","Betrayal HC","Scarab",5,5,10.16,8.52326,11,8,6,3.24,6,2,19,3,3,3,6.50276,4,3.62705,3,3,1,1.97,1,11,0.82,1.72061,1,2.03333,2,2,0.96,2,1,0.95,1,7,0.52,NA,NA,NA
55,"2019-01-30","Betrayal HC","Scarab",5.47,5.64,12.87,8.72,9.86286,8,6,3,6,2,19.94551,3,3,3,7,4.23,3.51438,3,3,1,1.96,1,11.23769,0.56,1.6802,1,2.00288,2,2,0.96528,2,1,0.66,1,7,0.49,NA,NA,NA
56,"2019-01-31","Betrayal HC","Scarab",5.27026,6,13,9,10.86,8,6,3.11235,6,2,20,3,3,3,7,4.23,3.85,3,3,1,1.97,1,11.02953,0.51,1.33122,1,2.38978,2,2,1,2,0.9,0.62,1,8,0.33,NA,NA,NA
57,"2019-02-01","Betrayal HC","Scarab",5.83083,6,13.5,10,12.25,7.43207,6.55,3,6,2,18.97061,3,3,3,7.35,4.99,4,3,3.61,1,1.97,1,12,0.58,1,1,2.55,2.34,2,1,2,0.87,0.98,1,8,0.17,NA,NA,NA
58,"2019-02-02","Betrayal HC","Scarab",6.97476,6,13,10,14,7,6,3,6,2,20,3,3,4,7.41,5,4,3,3,1,2,0.42,12.69,0.63,1,1,2,2.69,2,1,2,0.87419,0.99529,1,8,0.16,NA,NA,NA
59,"2019-02-03","Betrayal HC","Scarab",9.81,6,13.03,10,12,7,5.63,3,6,2,19,3,3,3.47,7,5.63,4,3,3.36,1,2,0.65,13,0.64,1,1,1.75806,2.84,2,1,1.54,0.9,0.86,1,8,0.22,NA,NA,NA
60,"2019-02-04","Betrayal HC","Scarab",10,7,13,10,12,6,5,3,6,2,18,3,3,4,7,6,4,3,3.42,1.25,2,0.6,13,0.55,1,1,2,2.48,2,1,1.12,0.95,0.75,1,8,0.35,NA,NA,NA
61,"2019-02-05","Betrayal HC","Scarab",9.88061,7,14,10.19,12,6.59347,5,3,5.32737,2,20,3,3,4,7,5.10588,5,3,3.37,1.4,2,0.68,13,0.58,1,1,2.99167,2.5,2,1,1.36,1,0.97,0.9723,8,0.47,NA,NA,NA
62,"2019-02-06","Betrayal HC","Scarab",9.3601,6,13.44,9.08,13,6,5,3.85,5.86912,2,20,3,2.65,4,7.72,6,5,3,3.42,1.44,2,0.27,13.99,0.59,1,1,3,2.75,1.4,1,1.41,1,0.83357,0.91,8,0.488,NA,NA,NA
63,"2019-02-07","Betrayal HC","Scarab",9,6,14,9.63,11.58031,6,5,3.08,5.63586,2,19.31061,3,2.73,4,8,5.22,5,3,4,2,2,0.3001,14,0.73,1,1.36,3,2.82,2,1,1.48138,1,0.92524,1,8,0.51,NA,NA,NA
64,"2019-02-08","Betrayal HC","Scarab",9.92,6,14,9,10,6,5.18,3,5.75,2,20,3.2525,3,4,8,5.1525,5,3,4,2,2,0.34,14.12,0.77,1.3,2,3,2.5085,2,1,1.49,1,1,1,8,0.72444,NA,NA,NA
65,"2019-02-09","Betrayal HC","Scarab",10.83,7,14,10,9,6,5,2.93,6,2,19.14061,3,2.88375,4,8,5.19,5,3,4,2,2,0.34,14,1,1.77,2,3,2.17,2,1,1,1,0.96,1,7.33,0.925,NA,NA,NA
66,"2019-02-10","Betrayal HC","Scarab",10,8.65,13,10,9,6.19,5.85553,3.53,6.99,2,24,3.46,2.56,4,8,5.01,5,3,4,2,2,0.34,14.95,1,1.95,2,3,2,2,1,1,1,1,1,8,0.93,NA,NA,NA
67,"2019-02-11","Betrayal HC","Scarab",10,9,13,10,8,7,7,3,7,2,23.84,3.15,2,4,8,5,5,2,4,2,2,1,15,1,2,2.22,3,2,2,1,1,1,1,1,8.19,1,NA,NA,NA
68,"2019-02-12","Betrayal HC","Scarab",10,7,13,9.67,8,7,7,3,6,2,20,3,3,4,8,5,5,2,3.72,1.27,2,0.73,13.19,0.63,1.3,1,3,2,2,1,1,1,1,1,8,0.52,NA,NA,NA
69,"2019-02-13","Betrayal HC","Scarab",10,7,12.41,10,8,6.63,7,3,6,2,20,3,3,4,8,5,5,2,3,1.19,2,0.84,14,0.63,1.32,1.89,3,2,2,1,1,1,1,1,8,0.64,NA,NA,NA
70,"2019-02-14","Betrayal HC","Scarab",10,7,13,10,8.5,6,6.86,3,6,2,20,3,3,4,8,5,4,2,4,2,2,0.87,14.39,0.92,1,2,3,2,2,1,1.1,1,1,1,8,0.72,NA,NA,NA
71,"2019-02-15","Betrayal HC","Scarab",10,7,13,10,8.62,6,6.82,3.21,6,2.07,20,3,3,4,8,5,4,2,4,2,2,0.91,14,0.89,1,2,3,2,2,1,1.22,1,1,1,8,0.84,NA,NA,NA
72,"2019-02-16","Betrayal HC","Scarab",10,8,13,10,8.34,6,6.3,3.24,7,2.17,20,3,3,4,8,5,4,2,4,2,2,0.95,11.04,0.89,1,2,2.72,2,2,1,1.27,1,1,1,8,1,NA,NA,NA
73,"2019-02-17","Betrayal HC","Scarab",10,7.07,12.84,10,9.42,6,6.66043,4,7,2.73,22,3,3,4,7.51,5,4,2,4,2,2,0.82,13.21,1,1.48,2,2,2,2,1,1.5848,1,1,1,8.05,1,NA,NA,NA
74,"2019-02-18","Betrayal HC","Scarab",9,9,12.52294,10,9.95,6,7.47,4,7,3,24,3,3,4,7.76,5,4,2,4,2,2,0.63,12.43,1,1,2,1.34,2,2,1,2,1,1,0.61,9.62,1,NA,NA,NA
75,"2019-02-19","Betrayal HC","Scarab",9,9,12.15,10,10,7,8,4,7,3,26.48,4,2.58,4,8,5,4,2,4,2,1.68,0.83,10.99,1,1.2,2,1.65,2,2,1,2,1,0.99,0.63,9.88,1,NA,NA,NA
76,"2019-02-20","Betrayal HC","Scarab",9,9.6,10,10,9.87,7,7.96,4,7,3,30,4,2.83,4,8,5,4,2,4,2,1.59,0.65,12.58,1,1.23,2,1.8928,2,2,1,1.83,1,0.93,0.63,9.75,1,NA,NA,NA
77,"2019-02-21","Betrayal HC","Scarab",9,10,10.53525,10,9.91,7,8,4.4,7.45,3,28,5,2.31,4,8,5,4,2,4,2,1.5,0.74,11.75,1,1.62,2,1.82,2,2,1,1.54,1,1,0.65,10.63,1,NA,NA,NA
78,"2019-02-22","Betrayal HC","Scarab",9.15,10.15,10,10,9.94,7,8.36,4.51,7.45,3,28,5,2,4,8,5,4,2,4,2,1.5,0.85,10.12,1,1.49,2,2,2,2,1,1,1,1,0.91,10.86,0.99,NA,NA,NA
79,"2019-02-23","Betrayal HC","Scarab",10,11,10,10,9.21,7,8.07,4.63,8,2.92,28.01,5,2.86,3,7.44,5,4,2,4,2,1.4,0.9,12.02,1,1.28,2,2,2,2.24,1,2,1,1,1,10.86,1,NA,NA,NA
80,"2019-02-24","Betrayal HC","Scarab",9,10,10,10,9.83,7.17,8.43,5,8,2,28,5.56,2.86,3,6,5,4,2,4,2,1.51,0.92,17.52,1,1.51,2,1.28,2,2.14,1,2,1,1,1,10.61,1,NA,NA,NA
81,"2019-02-25","Betrayal HC","Scarab",9,10,10,10,10,7.08,9.53,5,8,2.88,29.31,5.79,2,3,6,5,4,2.55,4,2,1.51,0.89591,18.17,1,1.12,2,1,2,3,1,2,1,1,1,10,1,NA,NA,NA
82,"2019-02-26","Betrayal HC","Scarab",9,10,10,10,10,8,9.83,5,8,2.51,29,5.91,2,3,5.63,4.86,4,3,4,2,1.51,0.85,19.45,1,1.13,2,1.4,2,2.86,1,2,1,1,1,10,1,NA,NA,NA
83,"2019-02-27","Betrayal HC","Scarab",9,11,10,10,10,7.73,10.45,5,8.05,2.5,30,8,2.41,3,5.43,5,4,3,4,2,1.51,0.8,20,1,1.22,2,1.2,2,2.69,1,2,1,1,1,10,1,NA,NA,NA
84,"2019-02-28","Betrayal HC","Scarab",9,10,10,10,10.32,7.72,10.24,5,8,2.46,36.27,11.36,2.44,3,5.24,5,4,3,4,2,2.25,0.72,20,1,1.29,2,1,2,2,1,2,1,0.96,0.92,6.34,1,NA,NA,NA
85,"2019-03-01","Betrayal HC","Scarab",9,10.45,10,10,10.69,9.6,10.48,5,9.53,2.29,33.33,11.36,2.88,3,5.24,5,4.52,3,4,2,2.25,0.66,20,1,1.33,1.57,1,2,2,1,2,1,0.82182,0.83,5.56,1,NA,NA,NA
86,"2019-03-02","Betrayal HC","Scarab",9,10.35,10,9.89,11,10,10.48,5,9.3,2.1362,37.08,12.2,2.76,3,5.36,5,4.27,3,4,2,1,0.7,21,1,1.24,1.54,1,2,2,1,2,1,0.8,0.76118,5.56,1,NA,NA,NA
87,"2019-03-03","Betrayal HC","Scarab",9,12.8,10.64,9.61,11,10,10.34,9.06,10,2.66,39,11.72,3.59,3,5.4,5.2,4.29,3,4.65,2,1,0.79,20.33,1,1.3,1.51,2,2,2.07,1,2,1,0.89,0.79,6.39,1,NA,NA,NA
88,"2019-03-04","Betrayal HC","Scarab",9,12.44,10.72,9.41,11,10,10.24,12.6,10,2.63,39.2,11.36,3.59,3,5.3,5,4.29,3,5,2,1,1,20.33,1,1.52,1.56,2,2,1.97,1,1.56,1,1,1,0.78,1,NA,NA,NA
89,"2019-03-05","Betrayal HC","Scarab",9,12.44,10.72,9.41,11,10,11.77,12.19,10,2.59,39.24,11.72,3.3,3,5.95,5,4.1,3,5,2,1,1,20,1,1.52,2,2.92,2,0.98,1,1.4,1,1,1,0.87,1,NA,NA,NA
1,"2019-09-06","Blight HC","Scarab",0,0,0,0,0,0,0,0,0,0,0,0,0,0,0,0,0,0,0,0,0,0,0,0,0,0,0,0,0,0,0,0,0,0,0,0,0,0,0
2,"2019-09-07","Blight HC","Scarab",4,0,0,5,0,0,0,0,0,0,16,0,8,3.11,0,8,0,12,0,0,2,2,10.6,0,1,1.05,1,1.22,5.73,7,0,2.29,1,0,10.4775,1,5,2,4.41
3,"2019-09-08","Blight HC","Scarab",3,4,0,5,0,0,9.1,7,0,0,15,0,8,3.11,3.21,7.31,0,12,6,4.2,1,2,9.68,0,1,1,1,1.08,4,3.92,2.91,1,1,1.14,6.48,0.88,4,2,3.65
4,"2019-09-09","Blight HC","Scarab",3,3,10,4.1,8,0,7.41,2,0,3,15,8,5,3,2.8725,7.31,5,9,3,4,1,2,12,4,1,1,1,1,3,2,1,1,1,1,7,1,13.82,2,3
5,"2019-09-10","Blight HC","Scarab",15,20,6.8,50,8,10.4,7.22,3.29375,0,3,17.8595,4.4,4.8,3,2,6.69,3.79,4.39,3,3.86,1.65,2,15.63,3.21,1,1,1,1.42692,3,2,1,1,1,1,10,1,13.82,2,3
6,"2019-09-11","Blight HC","Scarab",15,20,5.52,14,8,4.55,7.22,3.08,0,2.4,18.27,5.7275,3,3.97,2,5.91,2.59,4.31,2,3,1.65,2,16.3,4,1,1,1,2,3,2,1.14,1,1,0.98,13,1,13.82,3.95,3
7,"2019-09-12","Blight HC","Scarab",15,10,5.22,51.69,9.07,3.85,7,5.98,8,2.4,20,5.48,3,4.32,2,5.06,3.11,3.53,1.32,3,1.86,2,16,3,1,1,1,2,3,2,1.28,1,1,0.87,11.74292,1,13.82,4,2
8,"2019-09-13","Blight HC","Scarab",10,10,7,50,12.47,4.27,6.3,7.67,8,2.62,19.8,5.48,3,3,2,5,3.91,3,3,2,1.76,2,14.345,3.21,1,1,1,2,3,1,1.05,1,1,0.95,10.76,1,26.59,4,2
9,"2019-09-14","Blight HC","Scarab",8,9.49789,6.4,26.91,11.14,8.65,6.3,6,5.8,3,19,7.49,3.11,3,2,5.5,4.73,3,3,2,1.957,2,14.56815,4,1,1,1,2,2.32,1,1.2,1,1,1,10,1,24.73,5,3
10,"2019-09-15","Blight HC","Scarab",7,8,7,25,13.62,9.1,5,6,4.76667,3,20,6.59,3,3,2,5.53,5.38,3,3,2,1.16,2,15,4,1,1,1,2,2.5,1,1.88,1,1,1,10,1,15,5.38654,3
11,"2019-09-16","Blight HC","Scarab",7,7.269,7.62,24.10593,12.03,9.71,7.21,6,5,2.65,20,8,3,3.02573,2,3.95,5.97,3.42,3,2,1,2,15,5,1,1,1,2,2,1,1.04,1,1,1,10.48,1,15,7.13,3
12,"2019-09-17","Blight HC","Scarab",6.96,7,8,20.85933,11,9.37,7.32,6,4.72,3,20,8,3.42,3,2.815,4.31211,6,3.73,3,1.89851,1,2,15,2.21,1,1,1,2,2,1,1,1,1,1,11,1,15,7.34,3
13,"2019-09-18","Blight HC","Scarab",6,7,7.69,18.56,10.22143,7.07,7.32,5.36,6.93,3,21.24118,8,3,4,3,4.43,5.73,3,3,2,1,2,15,3.21,2,1.22,1,2,3,1,1,1,1,1,12,1,15,8,3
14,"2019-09-19","Blight HC","Scarab",5.79,7,7.01,18.42,15,6.99,7.42,5,7.08,2.02,21,8,3,4,3,4.72,6,2.69531,3,2,1,2,15,3.44,2,2,1,2,2,1,1.59,1,1,1,12,1,15,8,3
15,"2019-09-20","Blight HC","Scarab",5.82,7.08,7,16.5,10,7.2,7.42,5,7,2.04,20.71,7.891,3,4,3,5,5.35,2.61,3,2.85,1.04,2,15,2.7,2,2,1,2,2,1,2,1,1,1,13,1,17.77,9.54,3
16,"2019-09-21","Blight HC","Scarab",7.16,7,7,14,10,6.65,7.54,5,7,2.08,21,8.8,3.15818,3.08,3.03396,5,5,3,3,3,1.277,2,16.17,3,2,2,1,2,2,1,2,1,1,1,13,1,20,10,3
17,"2019-09-22","Blight HC","Scarab",8,7,6,13.89,10,6.76,7.54,5,6.59,2.08,21,9.28,3,3,3.15,5,5.86,3,3,2.77902,1.71,2,17,3,2,2,1,2,2,1,2,1,1,1,13.55207,1,20.23636,10.28,3
18,"2019-09-23","Blight HC","Scarab",8,7,6,14,15,6.06,8.88,5,7,2.68,21,11.03,3,3,4,5,6,3,3.76,2.56,2,2,17,2,2,2,1,2,2,1,2,1,1,1,13,1,20,12,3
19,"2019-09-24","Blight HC","Scarab",8,7.25286,6,14,15,6.06,11.27,5,7,3,21,12.1,3,3,4,5,5,2.68,6.31,2.97,2,2,16.72036,2,2,2,1,2,2,1,2,1,1,1,13,1,24.97,12,3
20,"2019-09-25","Blight HC","Scarab",8,8.09,6,12,15,6.28,12,5,7,3,22,12.65,3,3.85,4,5,5,3,5.58079,2.13,2,2,16.15,2.3,2,2,1,2.56,2,1,2,1,1,1,13,1,25,12,4.17
21,"2019-09-26","Blight HC","Scarab",8,7.85413,6.61,12,15,6.28,12,5,7,3,22,14.36,3,3,4,5,5,3,6,2.32,2,2,16.76,3.97,2,1.78,1,3,2,1,2,1,1,1,14,1,25.54,11.03,5
22,"2019-09-27","Blight HC","Scarab",8,8,6.72,12,14.93,7,12,5,7,3,22.43,12.08,3,3,4,5,5,3,6.83,3,2,2,17,4.29,1.42,1.92,1,2.61,2,1,2,1,1,1,13.33,1,26.7,11,5
23,"2019-09-28","Blight HC","Scarab",8,7,7,11.17526,12.37,6,11.9,4.33558,7,3,23,9.98,2,3,4,5,4.91,3,5.16,2,2,2,16,3.38,2,1.93,1,2,2,1,2,1,1,1,12,1,27,11,5
24,"2019-09-29","Blight HC","Scarab",8.24,7.29,7,11,13,6,11,4,7,3,22.21809,9,2.93,4,4,4.0715,4.97,3,6.03,2,1.98,2,14,3,2,1.53,1,2,1,1,2,1,1,1,10,1,27,11,5
25,"2019-09-30","Blight HC","Scarab",9,9,7.32,12,13.91,6,10.95,4,7,3,22,9,3,4,4,5,5,3,6.02,2,2.02,2,14,3,2,1,1,2,1,1,3,1,1,1,11.3802,1,22.1,11,4.13
26,"2019-10-01","Blight HC","Scarab",8.18,8.69,7,11,14,6,9.93,4,6.99,3,21,9.06,3,3,4,5,5,3,5.51316,2,2,2,14,3.58,2,1,1,2,1.05,1,3,1,1,1,12,1,20.11,11,5
27,"2019-10-02","Blight HC","Scarab",8.48,8,7,10,14,6,9,4,6.8,3,20,9,3,3,4,5,5,3,6.06,2,2,2,13.9,4,2,1,1,2,2,1,3,1,1,1,12,1,25,11,4.4
28,"2019-10-03","Blight HC","Scarab",8.48593,8,7,10,14,5.97,9.73,4,6.72,3,20.20826,9,3,4,4,5,5,3,4,2,2,2,13.77468,3,2,1,1,2,2,1,3,1,1,1,12,1,28,11,5
29,"2019-10-04","Blight HC","Scarab",8,8.22,7.86,10.79,13.03,5.97,10.81,4.43,6,3,22,9,3.26,4,4,5,4.26,3,7,2,2,2,13.79953,3,2,1,1,2,1.89,1,3,1,1,1,12,1,28.47,11,5
30,"2019-10-05","Blight HC","Scarab",8,8,8,10.18,13.19179,5.22,10.83,5,6,3,22,8.69,3,4,4,5,4,3,7,2,1.9,2,14,3,2,1,1,2,1.98,1,3,1,1,1,12,1,28,11,4
31,"2019-10-06","Blight HC","Scarab",8,8,8,10,13,5,11,4.13,6,3,21,8,3.38,4,4,5,4,3,7,2,1.88,2,14,3,2,1,1.03505,1.94,1.96,1,3,1,1,1,12,1,25.49034,11,4.04085
32,"2019-10-07","Blight HC","Scarab",8,8.16,8.72,10,13,5,12,4,6,3,20,8.22,3.14,4,3.51,5,4,2.53,7,2,1.82,2,14.22,3,2,1,1,2,2,1,3,1,1,1,12,1,24,10.14,4
33,"2019-10-08","Blight HC","Scarab",8,8,8.07,11,13.66,5,12,4,6.17,3.1,19,8.98,3,4,3.07621,6,4,2.81,7,2,1.74,2,14,3,2,1.66,1,2,1.92,1,3,1,1,1,12,1,22,10,4.18
34,"2019-10-09","Blight HC","Scarab",8,8,8.11,10.94,13,5,11.15,4,6.13,3.75,19,8.79,3,4,3,6,4,2.83,7,2,1.74,2,13,3,2,2,1,2,1,1,3.53,1,1,1,12,1,20,10,5
35,"2019-10-10","Blight HC","Scarab",8,8,9,10,13,4.07,11.48,4,6.13,3.65,19,7.39,3,4,3,5,4,3,7,2,2,2,14,3,2,2,1,2,1,1,3.62,1,1,1,12,1,19.57,10,5
36,"2019-10-11","Blight HC","Scarab",8,8,9.18,10,10.63,4.14,10.94,4,6.35,3.39,19,8.16,3.18,4,3,5,4,3,7,2,2,2,14.1166,3,2,1.54,1,2,1,1,3.65,1,1,1,12,1,19.7,10,4
37,"2019-10-12","Blight HC","Scarab",8,8,9.72,10,9.79,4.26,11.17,4,5.28,3.25,19,8.3,3.01,4,3,5,4,3,7,2,2,2,14,3,2,2,1,2,1.64,1,3,1,1,1,13,1,20,10,4.66
38,"2019-10-13","Blight HC","Scarab",8,8,9.96,10,11.32,4.47,11.2,4,5.56,3,19,8.2,3,4,3.01593,5.45,4,3,7,2,1.49,2,14.54,3.42,2,2,1,2,1.95,1,3,1,1,1,13,1,19,9.43314,5
39,"2019-10-14","Blight HC","Scarab",7,7.84,9.9,10,11.32,4.47,11.77,4.35,7.23,3,19.68,8.18,3.09,3.66,3,6,4.1,3,7,2,1.4,1.77,14.98,3.75,2,2,1,2,2,1,3,1,1,1,13,1,19,7,5
40,"2019-10-15","Blight HC","Scarab",7.11,7.61,10,10,14.94,4.21,10.95,4.94,7.43,3,20,8.5,3.39,3,3,5.5,4.46,3,7,2,2,1.78,15,3.8,2,2,1,2,1.93,1,3,1,1,1,11,1,18.48,7,5
41,"2019-10-16","Blight HC","Scarab",7,8,8.44,8,14.88,4.21,10.95,5,5.47,3,20,9.54,3.25,3,3,5.82,4,3,7,2,1.72,1.7,15,3,2,2,1,2,2,1,3,1,1,1,12.2,1,18.02,8,5
42,"2019-10-17","Blight HC","Scarab",7.01,8,7.71,8,14.1,4.27,13.37,5,5.73,3,20,9.58,3.25,3,3,5.88,4,3,5.82,2,1.64,2,15,3,2,2,1,2,1.93,1,3,1,1,1,12,1,18,8,4
43,"2019-10-18","Blight HC","Scarab",7.05563,8,7.44,8,14.21,4.27,12.99,5,4.96,3,20,11.7,3,2.90232,3,5.39,4,3,5.68,2,1.47,2,14,3,2,2,1,2,1.98,1,3,1,1,1,11,1,18,7.90667,4
44,"2019-10-19","Blight HC","Scarab",6.12,7,7,8.89619,14.06,4,12.99,5,4.91,3,20,9.02,3,2.07,3,5,4,3,5.91,2,2,2,14.26526,3,2,2,1,2,1.76,1,3.16,1,1,1,12,1,17.1258,8,4
45,"2019-10-20","Blight HC","Scarab",6,7,7,8.17,15,4,14.52,4.96,5,3,19,8.68842,3,3,3,5,4,3,5.91,2,2,2,14.92972,3,2,1.80005,1,2,1.88,1,4,1,1,1,10,1.01,16.06,8,4
46,"2019-10-21","Blight HC","Scarab",6,7,7,8.17,15.59,4,14,5,4.17,3.18,19,8.5,3,2.99308,2.5,5,4.14,3,4.5,2,1.52,2,14,3,2,1.64,1,2,1.88,1,3.42,1,1,1,10,1.43,14.96,8,4
47,"2019-10-22","Blight HC","Scarab",6,7,7.44,7.85,15,4,14.41,5,3.88,3.36,17.32,10.71,3.79,3,2.53746,5,5,3,7,2.09452,1.53,2,14,3,2,1.07,1,2,2,1,3,1,1,1,10,1,15,8,4
48,"2019-10-23","Blight HC","Scarab",6,6.7,7,7.66,15,4,14.31,5,3.93,3.29,19,10.81,3,3,2.33,5,5,3,6.61,2,1.78,2,14,3,2,1.05,1,2,2,1,3,1,1,1,10,1,15,8,4.63
49,"2019-10-24","Blight HC","Scarab",6,7,7,7.73,15,4.01,14.41,5,4.11,3,19.52,11.2,3.07,2.76,2.24,5,5,3,6.67,2,2,2,14,2.15,2,2,1,2,2,1,3.46,1,1,1,10,1,15,8,5
50,"2019-10-25","Blight HC","Scarab",6.41,7,7,7.68889,15,4,13.6,5,4.14,3,19,11.78,4,2.54,2,4.63,5,3,9.33,2,2,2,14,1.7,2,2,1,2,2,1,3.6,1,1,1,10,1,15,8,5
51,"2019-10-26","Blight HC","Scarab",5.51,7,7,8,15,4.36929,13.51,5,4.24,3,19,12.16,4,2.27,2,4,5,3,9.81,2,2,1.11,14,1,2,2,1,2,1.85,1,3.26,1,1,1,10,1,15,8,4.43
52,"2019-10-27","Blight HC","Scarab",5.74,7,7,8,15,4,13.51,4.92,4.38,3,19.56,12.94,4,2,2,4,5,2.29,8.47,2,2,1.91,14,1,2,1.99,1,2,1.85,1,4,1,1,1,10,1,15.61,8,4.11
53,"2019-10-28","Blight HC","Scarab",5.84,7,7,7.38,15,4,12.7,4.92,4.28,3,20,14.96,4,3,2,4,5,2.14,8.31,2,2,2,14,1.19,2,2,1,2,1.96,1,4,1,1,1,10,1,16,8.14,4
54,"2019-10-29","Blight HC","Scarab",5,7,7,8,15.08,4,12,4.82,4.43,3,19,14.92,4,3,2,4,5,2,7.99,2,2.06,2,14,1.42,2,2,1,2,2,1,3.55,1,1,1,10,1,16,8.37,4
55,"2019-10-30","Blight HC","Scarab",5,6.41,7,8,15.08,4,12,4.84,4.43,3,19,12.28768,4,2.86,2,4.91,5,2,9.16,2,2.62,2,14.12,1.09,2,2,1,2,2,1,4,1,1,1,10.39,1,16,8.14,4
56,"2019-10-31","Blight HC","Scarab",5,7,7,8,15,4,12,4.74,4.29,3,19,12,4,2.8,2,4.83,5,2,9.16,2,2.42,1.27,14.02,1.25,2,2,1,2,2,1,4,1,1,1,10.38,1,15.77,8,4
57,"2019-11-01","Blight HC","Scarab",5,7,7,8,15,4,12,4.73333,4.13,3.17,19,12,4,3,2,4.75,5,2,10,2,2.54,1.09,14,1.25,2,2,1,2,2,1,3.21,1,1,1,10,1,15,8,3.99
58,"2019-11-02","Blight HC","Scarab",5.85,7,7,8,15,4,12,4.61,3.96,3,20,12.43966,4,3,2,4.75,5,2,10,2,2.58571,1.09,14.15,3,2,2,1,2,2,1,4,1,1,1,10.15606,1,15,8,4
59,"2019-11-03","Blight HC","Scarab",6.08,7,7,8,15,4,11.71,4.83,3.9,3,20,14,4,2.99161,2.85,4,5,2,9.86,2,2.52,1,15,2.97,2,2,1,2.22,2,1,4,1,1,1,11.27,1,15,8,4
60,"2019-11-04","Blight HC","Scarab",6.33,7,7,8,15,4.19,10.69,4.63,4.67,3,20,12.66,4,3,2.61,4,5,2,8.15,2,2.63,1,15.43,2.97,2,2,1,3,2,1,4.69,1,1,1,12,1,14.58,8.17,4
61,"2019-11-05","Blight HC","Scarab",6.83,6,7,8,14,4,10.69,4.63,5,3,20,13.15,4,3,2.74,4,5,2.25,8,2,2.7,1,15.69,3,2,2,1,3,2,1,4.72,1,1,1,12,1,14.7,8,4
62,"2019-11-06","Blight HC","Scarab",6.57,5.14,7,8,14,4,11,4.86,5,3,20,13.26,4,3,2.59,4,5,2,8,2,2.7,1,15.37,3,2,1.93,1,3,2,1,4.8,1,1,1,12,1,12.04,8,3.29
63,"2019-11-07","Blight HC","Scarab",6.42,5.51375,7,7,13.67,4,11,4.86,4.58,3,21,12.85,4,3,2.63,4,5,2,8,2,2,1,16.26,3,2,2,1,3,1.71813,1,5,1,1,1,12.18,1,12.67,9,3
64,"2019-11-08","Blight HC","Scarab",5,5.74,7,7,13.41,4,10.8,4.86,5,3,21,12.49,4,3,2.43,4,5,2,8,2,2.5,1,16.16,2.58,2,2,1,3,1.26,1,4.19,1,1,1,12.87,1,12.86,9,3
65,"2019-11-09","Blight HC","Scarab",5,7,7,7,13.41,4,10.8,6.44,5,3,21.80167,12.12,4,3,2.6313,4,5,2,8,2,2.5,1,15.84,4.91,2,2,1,3,1,1,3.83,0.99,1,1,12.81,1.07,12.15,9,2.68
66,"2019-11-10","Blight HC","Scarab",5,7,7,7,13.41,4,13.88,12.77,5,3,22.17,12,4,3,4,4,5.02,2,7.54,2.02,2.5,1,18,6.9,2,2,1,2,1,1,4,0.97788,1,1,14.92,1.06,12,9,2.37
67,"2019-11-11","Blight HC","Scarab",5,6.36,7,6.97,13.55,4,10.61,6.22,5,3,24.36,12,4,3.28,3.99,5,5,2,7.36,1.84,2.5,1,18,3.4,2,1.58,1,2,1,1,5,0.98,1,1,15,1.06,12,8.03,1.01
68,"2019-11-12","Blight HC","Scarab",5.12,6.18,7,6.88,13.47,4,10.8,6.22,5,3,24.01,12,4,2.95,3.94,4,5.74,1.77,6.98,1.95,2.52,0.99,20.35,3.3,2,1,1,2,1,1,4.53,1,1,1,15,1,12,8.16,1
69,"2019-11-13","Blight HC","Scarab",5.12,6.2,7,6.78,13.67,4,10,4.51,5,3,24.77,12,4,2.75,3.93,4,5.85,1,6.47,1.01,2.52,0.98,21.85,3.61,1.4,1.57,1,2,1.27,1,4.98,1,1,1,15,1,12,8.16,1.58
70,"2019-11-14","Blight HC","Scarab",5,5.3,7,5.89,12.64,4,10,3.18,5.62,3,24.64,10.83,4,1,3.86,4,5.76,1,6.47,1,2.52,0.98,22.62,3.61,1.34,1.42,1,2,1.14,1,5,0.88,1,1,15,1,9.68,8.09,1.52
71,"2019-11-15","Blight HC","Scarab",5,4.48,7,5.7,11.32,4,6.62,3.18,5.62,3,27.31,10.83,4,1,3.02,4,5.76,1,6.47,1,2.5,1,24.28,3.61,1.25,1,1,2,1,1,5,0.99,1,1,15,1,9.4,7.96,1.49
72,"2019-11-16","Blight HC","Scarab",4.69,5,7,5.82,11.26,4,11.65,3.41,5.62,3,26.88,10.85,4,1.84,3.01,4,4.36,1,6.77,1.82,2.61,0.99,25.64925,3.61,2,1,1,2,1,1,3.28,1,1,0.945,20,1.08,12,8.1,1.3
73,"2019-11-17","Blight HC","Scarab",4.78,5,7,6.62,9.92,4,11.65,4.52,7.1,3,32.37,10.63,4,1.84,3.15214,4,3.84,1,6.82,1.82,2.52,0.99,29.5,3.61,2,1.54,1,2,1,1,3.76,1,1,0.91,17.24,1.01,12,8.01,1.42
74,"2019-11-18","Blight HC","Scarab",4.52,5,6.58,6.53,9.68,4,11.62,4.52,5.3,3,35.724,12.07,4,2.01,3.06,4.2,2.74,1,5.82,1.97,2.42,0.99,29.65125,3.61,2,1.04,1,2,1,1,3.38,1,1,0.86,15,1,11.98,7.05,1
75,"2019-11-19","Blight HC","Scarab",4.11,4.94,6.7,6.53,8.88,4.4,11.08,4.55667,5.3,3,37.46,12.07,4,1.71,3.66,4.1,2,1,5.41,2.59,2.32,1.33,27.53,3.61,1.99,2,1,2,1,1,3.21,1,1,0.82,20.03,1.06,11.94,6.71,1
76,"2019-11-20","Blight HC","Scarab",3.5,5,6.60654,6.53,9.5,4.4,11.64,4.77,5.22,3.44,37.51,11.88,4,2.27,3.34,4.1,2,1,5.41,2.81,2.32,1.33,28.65,3.61,2,2,1,2,1,0.96,5,1,1,0.78,20.81,1.06,10.98,6.05,2.59889
77,"2019-11-21","Blight HC","Scarab",3.41,5.26,6,7,10,4,11.64,4.89,5.22,4.43,34.74,11.3,4,2.27,3.46,4.1,2,1,5.52,2.85,3,1.28063,27.14,3.83,2,1.92,1,2.1,1,0.91,5,1,1,0.78,20.77,1.28,10.01,6.05,3
78,"2019-11-22","Blight HC","Scarab",3.36071,5.09,7,9.19,10,4,11.64,5.04,5.54,4.43,35,11.3,4,3.67,3.39,4.21,2.07,1,5.33,2.85,3,1.3325,26.13,3.83,2,1.66,1,2.02,1,1.6,5,1,1,0.86,20,1.19,10.29,5.62,4
79,"2019-11-23","Blight HC","Scarab",3.25,5.2,7,9.19,10,4,11.64,5.23,5.54,3,34.4,11.3,4,3.67,3.07,4.32,2.04,1,6.84,2.66,3,1.32563,25,3.83,2,1.51,1,2,1,1.58667,5,1,1.02,0.87538,19.86,1.29,8.44,5.61167,4
80,"2019-11-24","Blight HC","Scarab",3,5,6.97,9.19,9.13,4,11.64,5.45,6.08,3,35,11.3,4,3.1,3.07,3.53,2.04,1,5.41,2.51,3,1.34,25,3.63,1.13,1,1,2.86,1,1.64,4.51,1,1.02,0.92,20,1,8.66,7,4
81,"2019-11-25","Blight HC","Scarab",3.4,5,6.83,9.68,8.87,4,15,6.95,6.08,3,32.28,6.52,2.6,2.76,2.74,2.45,2.02,1,5.43,2.51,1.8,0.99,25,3.33,1.13,1,1,2.86,1,1.67,3,1,1.07,0.88,19.16,1,10.52,7,4
82,"2019-11-26","Blight HC","Scarab",3.4,5,6.66,9.68,8.87,4,15,7.48,6.08,3,29.58,9.58,2.4,3.15,0.47,2.4,2.02,1.44,5.43,2.52,1.6,0.53,25,2.84,1.43,1.14,1,2,1,2,3,1,1.35,0.45,19.09,0.98,10.35,7,4
83,"2019-11-27","Blight HC","Scarab",3.4,5.01,6.66,12,6.66,4.22,15,11.05,5,3,29.51,9.58,2.61,3.4,3.18,3,0.59,8.83,5.52,3,1.6,2.21,23.45,2.94,1.69,1,1,2,0.98,2,2.76,1,1.1,0.76,17.07,0.94,10.35,6.8,2.96
84,"2019-11-28","Blight HC","Scarab",3.7,5.77,6.68,12,7.72,4.22,15,11.05,5,3,29.51,10.71,2.64667,3.06,0.49,2.99,1.05,8.97,5.43,3,1.6,0.7,23.19,3.32667,0.72,1,1,2,1,1.6,2.59,1.47,1,0.49,15,0.94,11.79,6.4,2.98
85,"2019-11-29","Blight HC","Scarab",3.7,5.89,6.68,10.47,7.72,4.22,16.09,9.38,5,3,29.66,10.13,2.61,3.87,0.54,2.69,1.05,8.7,5.43,3,1.4,1.09,21.17,3.27,0.73,1,1,2,1,1.71,2.57,1.58,1.26,0.49,15,0.99,11.61,6.21,2.97
86,"2019-11-30","Blight HC","Scarab",3.7,5.89,6.56773,10.47,7.5,4.22,16.09,9.11,5,3,29.94,10,4,3.53,0.53,2.61,1.04,8.56,5.43,2.22,1.6,1.04938,20.97,3.27,0.8,1,1,2,1,1.71,2.57,1.49,1.17,0.49,14,1,11.83,6.47,2.9
87,"2019-12-01","Blight HC","Scarab",3.7,5.89,5.74,10.22,7.58,4.22,17.19,9.68,5,2.31,29.88,9.15,2.2,4,0.51,2.61,1.03,8.29,7.3,2.45,1.21,0.55,20.78,3.26,0.9,1,0.92,2,1,1.71,2.41,1,1.17,0.47,13.8,0.98,10.92,6.47,2
88,"2019-12-02","Blight HC","Scarab",3,6,6.5,10.22,10.42,4.22,29.36,9.68,8.2,2.42,29.82,8.9,2.42,3.77,0.49,2.61,1.01,8.02,4.22,2.9,1.21,0.47,20,3.26,0.82,0.69,0.98,2,1,1.83,2.32,1,1.27,0.5,12.20891,0.98,10.92,6.27,2
89,"2019-12-03","Blight HC","Scarab",3,6.86,6.46143,10.22,10.32,4.22,29.36,9.49,8.2,2.42,27.8,8.97,2.42,2.78,1.61,3,1.51,8.16,5.08,4,1.21,1.29,20,3.26,1,1,0.93,2,1,1.73,2.35,1,1.9,0.71,10.88,0.94,11.04,6.27,2
90,"2019-12-04","Blight HC","Scarab",3,6.76,6.41,10.22,10.32,4.22,29.36,9.39,8.2,2.44,28.52,8.92875,2.42,2.65,1.61,3,1.50667,8.125,5.08,4,1.21,1.24,20,3.26,1,0.99,1,2,1,1.73,2.209,1,1.81,0.68,10.95,0.85,10.94,6.27,2
91,"2019-12-05","Blight HC","Scarab",3,7.41,6.52,9.41,13.17,5,25,9.39,8.2,2.44,27.71,8.76,2.42,2.65,1.32,4.17,1.5,7.88,4.39,4,1.21,1.24,18.29,2.97,1,0.99,1,2,1,1.63,2.01,1,1.81,0.68,10,0.75,11.62,6.51,2
92,"2019-12-06","Blight HC","Scarab",3,7.64,6.52,9.31,15.21,5,25,9.3,8.2,2.44,24.44,9.08,2.44,2.65,1.5,3.98,1.99,8.29,4.39,4,1.21,1.24,18,2.97,1,1,1,2,0.97,1.54,2.01,1,1.81,0.69,10,0.75,11.43,8,2
93,"2019-12-07","Blight HC","Scarab",3,7.42,6.52,9.42,15.21,5,18,9.3,8.42,2.44,24.19,8.76,2.44,2.65,1.49,3,1.96,7.88,4.39,4,1.21,1.24,18,2.97,1,1,1,2.63,0.92,1.54,2.01,1,1.72,0.66,10,0.76,11.43,8,2
94,"2019-12-08","Blight HC","Scarab",0,7.54,6.52,9.42,13.92,5,18,9.3,15.77,2.65,24.94,9.08,2.44,2.68,1.49,3,1.99,8.1,4.39,4.32,1.11,1.29,18,3.29,1,0.95,1,2.63,0.93,1,1.87,1,1.43,0.59,10,0.77,11.54,8,2
95,"2019-12-09","Blight HC","Scarab",0,7.54,6.52,9.42,13.27,5,18,9.3,15.81,2.65,28.9,9.19,2.32,2.59,1.34,3,1.99,8.25,3,4.32,1.11,1.29,18.39,3.29,1,0.96,1,1.83,0.93,1,1.87,1,1.43,0.83,10,0.83,12.68,8,2
1,"2019-06-07","Legion HC","Scarab",0,0,0,0,0,0,0,0,0,0,0,0,0,0,0,0,0,0,0,0,0,0,0,0,0,0,0,0,0,0,0,0,0,0,0,0,NA,NA,NA
2,"2019-06-08","Legion HC","Scarab",0,0,0,0,0,0,0,0,0,0,0,0,0,0,0,0,0,0,0,0,0,0,0,0,0,0,0,0,0,0,0,0,0,0,0,0,NA,NA,NA
3,"2019-06-09","Legion HC","Scarab",0,0,0,0,0,0,0,0,0,0,0,0,0,0,0,0,0,0,0,0,0,0,0,0,0,0,0,0,0,0,0,0,0,0,0,0,NA,NA,NA
4,"2019-06-10","Legion HC","Scarab",3,20,4.63357,6.77,9,5,4.66,4.45,3.62,3.96,18.095,2.3,2,4,3,4,3,4,1.80938,3,2,1.14,9,2.26,1,1,1,1,2.08919,1,1,1,1,1,6.75929,0.96,NA,NA,NA
5,"2019-06-11","Legion HC","Scarab",3,6,4.74,5.55706,9,5,5.92,4,3.19,2,17.28,2,1.75,3,2.65,4,3,3.09,2,2,2,1.24,10,1,1,1,1,1,2,1,1,1,1,1,7.08654,1,NA,NA,NA
6,"2019-06-12","Legion HC","Scarab",3,6,3,5,8.56,5,4,4,2.78,2,17.27485,1.3,1.13,4,2,4,3,3,2,2,2,1.10179,10,1,1,1,1,2,1.88393,1,2,1,1,1,7,1,NA,NA,NA
7,"2019-06-13","Legion HC","Scarab",7.26,5.97727,4,5,8,5,5.98,3.91,2.82,2,18,1.67,1.39,4,2,4,3,3,2,2,2,1,11.63333,1,1,1,1,2,2,1,2,1,1,1,8.51333,1,NA,NA,NA
8,"2019-06-14","Legion HC","Scarab",6.82,6,4,9.03,7.57,5,6,3.25,2.82,2,18,10.71,1.51,3,2,5,3,3,2,2,2,1,12.332,1.23,1,1,1,2,2,1,2,1,1,1,10,1,NA,NA,NA
9,"2019-06-15","Legion HC","Scarab",8,8.27,4.41,12.53,7.9,4.6,5.68,3,2.02,2,18,10.8,1,3,2,5.32,3,3,2,2,2,1,12.81,1.875,1,1,1,2,2,1,2,1,1,1,12,1,NA,NA,NA
10,"2019-06-16","Legion HC","Scarab",8,5,4.77,16.94,8,5,5,3,2.93,2,18,6.1,2,3.52,2,5,3,3,2,2,2,1,12,2,1,1,1,2,2,1,2,1,1,1,9,1,NA,NA,NA
11,"2019-06-17","Legion HC","Scarab",7.05,5,6.09917,17,8,5,5.82632,3,3.48,2,18,9,2,3.95,1.96,5,3.8,3,2,2,2,1,12.58,2,1,1,1,2,3,1,2,1,1,1,10,1,NA,NA,NA
12,"2019-06-18","Legion HC","Scarab",7,6.6,11.21,15.29,9.01,5,6,3.54,3,2,18,9,2.06,3,2,5,4,3,2.09,2,2,1,13,2,1,1,1,3,3,1,2,1,1,1,10,1,NA,NA,NA
13,"2019-06-19","Legion HC","Scarab",7,6.48,11.56423,15,9.07636,5,6,4.06,3,2,18,8.67,2,3.51,2,5,4,3,2,2,2,1,13.72286,3,1,1,1,3,3,1,2,1,1,1,11,1,NA,NA,NA
14,"2019-06-20","Legion HC","Scarab",7,8,11,14,14,5,6,4.91,3,2,19.07931,8.52707,2.23,4,2,4.97,4.52,3,2,2,2,1,14,4,1,1,1,2.6,3,1,2,1,1,1,11,1,NA,NA,NA
15,"2019-06-21","Legion HC","Scarab",5,8,9.87,13,14.334,5,6.14,5,3,2.29,18,8,3.07,3,2,4.52593,8.04,3,2.02,2,2,1.81,14.86,4,1,1,1,2.33981,3,1,2,1,1,1,11,1,NA,NA,NA
16,"2019-06-22","Legion HC","Scarab",5,5.89,10,11.16,14,5,6.43,5,3,2.5,19,5.45,3,3,2.78,5.57138,9,3,2,2,2,2,14,3.14,1,1,1,2.63805,3,1,2,1,1,1,11,1,NA,NA,NA
17,"2019-06-23","Legion HC","Scarab",7,6,9.765,12,14.77,5,6.76,5,3,2.5,19,6,3,3,3,6,9.44,3,2,2,2,2,14,3,1,1,1,2.89012,3,1,2,1,1,1,11,1,NA,NA,NA
18,"2019-06-24","Legion HC","Scarab",8,6,9,12.66,14.44,5,7,5,3,2.33,20,6,3,3.37919,3,6,9.05,3,2,3,2,1.70525,14.24364,3,1,1,1,3,3,1,2,1,1,1,12,1,NA,NA,NA
19,"2019-06-25","Legion HC","Scarab",7.83,6,10,12,14.35,5,7.72,5,2.44,2.7019,20,5.76,4,3,3,7,6.32,3.94,4,3.95,2,1.04,14.9958,3,1,1,1,2.95,3,1,2,1,1,1,12,1,NA,NA,NA
20,"2019-06-26","Legion HC","Scarab",8,6,10,12.72468,14,5.54,7.06,9,2.58,2,20,8,3.75,3,3.46,7,8,4,4,4,2,1.02,15,3.26,1,1,1,3,3.49,1,2,2,1,1,12.13868,1,NA,NA,NA
21,"2019-06-27","Legion HC","Scarab",8,6,9.27038,12.87,14.74,6.7,6.79,9.37,2.76,2.65,20,8,4,3.32316,3.95,6.67,8.46,4,4.48,5.55877,2,1,15,4,1,1,1,3,4,1,2,3,1,1,12,1,NA,NA,NA
22,"2019-06-28","Legion HC","Scarab",8,6,9.87,12,19.31,5,7.43,9.34,3,3,20,8.08,3.995,4,4,5,9,3.23,5,5,1.86,1,15,3,1,1,1,3,5,1,2,3,1,1,14.94939,1,NA,NA,NA
23,"2019-06-29","Legion HC","Scarab",8,6.00357,8,10.79,18.7,6,9,10,3,3,21.96923,8,3.02739,4,4,5,9.86,3,5,5,2,1,15,3,1.47,1,1,3,5,1,2,3,1,1,14.93788,1,NA,NA,NA
24,"2019-06-30","Legion HC","Scarab",8,6.01,8,10,18.36,6.41,7,10.73,3,3,24,7.37,4,4,3,5,8.4732,3,4,5,2,1,17,3,2,1.58,1,3,5,1,2,3,1,1,14.15,1,NA,NA,NA
25,"2019-07-01","Legion HC","Scarab",7.41,7,8,11.73571,19.06052,6,7,11,2.53,3,24,6,4,4,3,5,8,3,4,6,2,1,18,3,1.99,1.7801,1,2.98,4,1,2,3,1,1,14,1,NA,NA,NA
26,"2019-07-02","Legion HC","Scarab",7.02,7,7.88,11.53,18,5,7.61,12,3.76,3,24,6.63143,4,4,3,5,6,2,3.82,5,2,1,17,2.964,1.95,2,1,2,3.88121,1,2,3,1,1,14,1,NA,NA,NA
27,"2019-07-03","Legion HC","Scarab",8,6.80696,7,11.67,19,5,7,11.21,3.71,3,23,7.65,4,4,3,5,6,2,3.4,5,2,1,16,3,1.85,1.04,1,2.2,3,1,2,2,1,0.98,14,1,NA,NA,NA
28,"2019-07-04","Legion HC","Scarab",8,6,7,12,19.16,5,7.15,10.1186,4,3,23,8,4,4,3,5,7,2,3.41,6,2,1,16,3,2,1.08005,1,3,3,1,2,3,1,0.96,14,1,NA,NA,NA
29,"2019-07-05","Legion HC","Scarab",8,6.49,6.09,12,20,5,8,12.22,5,3,23,8,4,3.57,3,5,8,2,3.1,6,2,1,16,3,2,1,1,3,3,1,2,3,1,0.96,13,1,NA,NA,NA
30,"2019-07-06","Legion HC","Scarab",8,6.52,6.64,12.97,21.44,5,8,10,5,3,22,8.19,4,4,3,5,8,2,3.07,6,2,1,15,3,2,1.17,1,2.9302,3,1,2,3,1,0.96,12,1,NA,NA,NA
31,"2019-07-07","Legion HC","Scarab",8,7.46,7,12,21.35,5,8,10.24,5,3,20.82,8.87,4,4,3,5,9,2,3.64,6,2,1,15,2.76,2,1.17,1,2.65,3.72545,1,2,3,1,0.85,12,1,NA,NA,NA
32,"2019-07-08","Legion HC","Scarab",8,7,6,12,20,5,7,12,5,3,20,8,3.23,3.97,3,5,8,2,4,6,2,1,15,2,2,1,1,2.54,4,1,2,3,1,0.89,11,1,NA,NA,NA
33,"2019-07-09","Legion HC","Scarab",8,7,5.75302,11,20,5,7,12,5,3,20,7,3.48,4,3,5,8,2,4,5.32,2,1,15.42,2,2,1,1,2.5,4,1,2,3.59,1,0.96,12,1,NA,NA,NA
34,"2019-07-10","Legion HC","Scarab",8,7,5.63,10,18.44,5,7.54,11.06,5,3,21,7,3,4,3,5,7,2,4.21,5.72797,2,1,16,2,2,1.38,1,2,4,1,2,4,1,0.91,13,1,NA,NA,NA
35,"2019-07-11","Legion HC","Scarab",8,6.95,5,10,18.8,5,7,10,5,3,20.6103,7,3,4,3,4.15,7,2,4.55,5,2,1,16,1.32,2,2,1,2,4,1,2,3.9,1,0.99,12,1,NA,NA,NA
36,"2019-07-12","Legion HC","Scarab",7.36,6,6,10,17.88864,5,7,11.97674,5.03,2.84,21,7,4,4,3,4.97,7,2,4,5,2,1,15,1.74,2,1.48505,1,2,4,1,2,3.7102,1,0.98505,11.0202,1,NA,NA,NA
37,"2019-07-13","Legion HC","Scarab",7,6,6,10,15.41,5,7,11.63804,5,2.15304,22,7,4,3.21411,3,4,7,2,4,5.973,2,1,15.66611,1.15,1.01116,1.68,1,2.59,3.00126,1,2,3,1,0.99,11.65543,1,NA,NA,NA
38,"2019-07-14","Legion HC","Scarab",7.81571,6,5,10,15.35791,5,7,12.44,5,2,23,7,3,3,3,5,7,2,4,6,2,1,16,1,1.03,1.41,1,3,3,1,2,4,1,1,13,1,NA,NA,NA
39,"2019-07-15","Legion HC","Scarab",7.48,6,5,10,15.41,5,6.03,11.95,5.22,3,23,7,3.36,3,3,5,7,2,4,6,2,1,16,1,1,1.52,1,3,2.46505,1,2,4,1,1,12.33333,1,NA,NA,NA
40,"2019-07-16","Legion HC","Scarab",7.78273,7,5.918,10,16.79,5,6,13,5,3,22,7,3,3,3,5,7,2,4,6,2,1,16,2.49,1.03,1.5,1,2.5,2,1,2,3.32,1,1,12,1,NA,NA,NA
41,"2019-07-17","Legion HC","Scarab",8,7,6,10,16,5,6.4,13,5,3,23,7,3,3,3,5,7,2,4,6,2,1,16,2.35,1.06,1.6,1,2.5,2.61,1,2,4,1,1,12,1,NA,NA,NA
42,"2019-07-18","Legion HC","Scarab",7.57,7,6,10,16,4.91,6.43,13,5,3,23,7,3,3,3,4.27,7,2,3.47,6,2,1,16,2.03649,1,1.57,1,2.5,2.5002,1,2,3,1,1,12.24444,1,NA,NA,NA
43,"2019-07-19","Legion HC","Scarab",7,7,6.33,10,16.64,5,6.53,13,5,2.82,23,6.063,3,3,3,4,7,2,3,6,2,1,16.73,2,1,1.56,1,2.44,2.5,1,2,3,1,1,13,1,NA,NA,NA
44,"2019-07-20","Legion HC","Scarab",8,7,6.39,10,15.68276,4.41,6.63,13,5,2.34,23,6.14,3,3,3,4,7,2,3,6,1.93,1,17,2,1,1.52,1,2.5,3,1,2,3,1,1,13,1,NA,NA,NA
45,"2019-07-21","Legion HC","Scarab",7.22,6,7,10,16.6,4,6,13,5,2,23,5,3,3,3,4,7,2,3,6,1.73,1,17,2,1,1,1,2.5,2.52,1,2,3,1,1,13,1,NA,NA,NA
46,"2019-07-22","Legion HC","Scarab",8,6.58,7,10,16.08,4,5,13,5,2,23.71,5,3,3,3,4,7,2,3,6,1.15,1,17,2.99,1,1,1,2.63082,2.94,1,2,3,1,1,13,1,NA,NA,NA
47,"2019-07-23","Legion HC","Scarab",8,6.5,7,10,15,3.83,5,12.02,5,2,23.78,5,3.31,3,3,4,6,2,3,6,1.14,1,17,3,1,1,1,2.525,2.84,1,2,3,1,1,13,1,NA,NA,NA
48,"2019-07-24","Legion HC","Scarab",8.2,5.92,7,10,17,3.61,5,12.36466,5,2,24,5,3.42,3,3,4,6.31,2,3,6,1.19,1,17.14921,3,1,1.12,1,3,3,1,2,3,1,1,13.99,1,NA,NA,NA
49,"2019-07-25","Legion HC","Scarab",8.59,5,6.76,10,17,3.32,5.33,12,5,2,24,5,3.89,3,3,4,7,2,3,6,1.41,1,18,3,1,1,1,3,3,1,2,3,1,1,13.71302,1,NA,NA,NA
50,"2019-07-26","Legion HC","Scarab",8.86,5.2814,7,10,16.28,3.44,5.54,11.81,5,2,24,5,3.77,2.72,3,4,7,2,3,6,1.33,1,17.78,2.86,1,1,1,2.61,3,1,2,3,1,1,14,1,NA,NA,NA
51,"2019-07-27","Legion HC","Scarab",9,5,9,10,16.8,3.3,5,11.85,5,2,25,5,4,2.8,2.61,4,7,2,3,6,1.08,1,17,3,1,1,1,2.49231,3,1,2,3,1,1,14,1,NA,NA,NA
52,"2019-07-28","Legion HC","Scarab",8.82061,5,9,10,17,3.67,5,11.47,4.97,2,25.89,5,4,2.58,2.31,4.14,7,2,3,6,1,1,17.46,3,1,1,1,2.46,3,1,2,3,1,1,14.39381,1,NA,NA,NA
53,"2019-07-29","Legion HC","Scarab",8.68,5.04,9,10,17,4,5.94,11,4,2,28,5,4,2,2.36,4,7,2,3,6,1,1,18.7,3,1,1,1,2,3,1,2,3,1,1,14.66,1,NA,NA,NA
54,"2019-07-30","Legion HC","Scarab",8,5.81,9,10,17,4,5.95,11.45,5,2,30,5,4,3,2.3,4,7,2,3.02,6,1.38,1,20,3,1,1,1,2.69,3,1,2,3,1,1,15,1,NA,NA,NA
55,"2019-07-31","Legion HC","Scarab",8,5.66,9,10,17,4,5.86,12,4.68,2,30,5,4.09,2.54,2.67,4.1,7,2,3,6,1.34,1,20.67,3,1,1,1,2,3,1,2,3,1,1,15,1,NA,NA,NA
56,"2019-08-01","Legion HC","Scarab",8.31,6,9,10,17,4,5.89,12,4.46,1.96,30,5,4.81,2.81,2.31,4.94,7,2,3.68,6,1.26,1,20.65,3,1,1,1,2,3,1,2,3,1,1,14.44,1,NA,NA,NA
57,"2019-08-02","Legion HC","Scarab",8,6,9,12,17,3.54,6.51,12,4.62,1.82,30,5,5,3,2.42,5,7,2,3.72,5.5,1.23,1,20,3,1,1,1,2.15,3,1,2,3,1,1,14.46,1,NA,NA,NA
58,"2019-08-03","Legion HC","Scarab",9.19,6,8.96,11.99,15,3.54,6.33,12,6,1.947,30,5,5,3,2.5,5.98,7,1.99,4,6.48096,1.11,1,20.21,3,1,1,1,2.32,3,1,2,3,1,1,15,1,NA,NA,NA
59,"2019-08-04","Legion HC","Scarab",9,6,9,13,15,3.62,6.70029,12,6,1.91,30,5,5,3,3,6,7,2,4,6.804,1,1,21,3,1,1,1,2.46345,3,1,2,3,1,1,15.01,1,NA,NA,NA
60,"2019-08-05","Legion HC","Scarab",9.10147,6.14,9,13.36,14.49,4,7.01,12,6,2,30,5.53,5,2.94,3,5.87,7,1.65,4,6.85,1.91,1,21,3,1,1,1,2.67,2.99,1,2,3,1,1,15.51,1,NA,NA,NA
61,"2019-08-06","Legion HC","Scarab",9.27,6.00225,9,13.19,12.64,3.53,7.01,10,6,1.99,32.78,5.66,5,2.79,3,5,6,1.40484,5,6,1.92,1,23.38,3,1,1,1,3,2.43,1,2,3,1,1,15.13257,1,NA,NA,NA
62,"2019-08-07","Legion HC","Scarab",9.06,5.94,8.09,13.06,12.62,3.53,7.01,10,6,1.98,32.56,5.89,5,2.9,3,5,6,1,5,7,1.87,1,24.37,3,1,1,1,3,2.93,1,2,3,1,1,15,1,NA,NA,NA
63,"2019-08-08","Legion HC","Scarab",10,6,8,13.92,12,4,8.02,10,6,2,33.08,6.01,5,2.96,3,5,6,1.39,5,7,2,1.2,25,2.95,1,1,1,3,3,1,2,3,1,1,16,1,NA,NA,NA
64,"2019-08-09","Legion HC","Scarab",10,6,8,14.13,12,4,9,10,4.32,2,33.48,6.01,5,2.4,3,5,6,1.87,5,7.54188,2,1.2,24.38172,3,1.35,1,1,3,3,1,3,3,1,1,15.71779,1,NA,NA,NA
65,"2019-08-10","Legion HC","Scarab",9.45,6.78,8,14.16,12,4,9,10,4.23,2.09,33.99,6.25,5,2,3,5,6,1.78,4.64,8,1.99,1.86,25,3,1.36,1,1,3,3,1,3,3,1,1,16,1,NA,NA,NA
66,"2019-08-11","Legion HC","Scarab",9.25,6.63,8,15,12,3.44,9,8.96,4.89,2.09,31.98,7.89,5.39,2,3,5,4.41,1.26,5,8,2,1.28,25.67,3,1,1,1,3,3,1,3,3,1,1,16.61,1,NA,NA,NA
67,"2019-08-12","Legion HC","Scarab",9.05,6.77,8,15,12,3.65,9.08,10,4.71,2.07,31.92,7.26,5.3,2.19,3,5,4.5,1.22,4.96,7.94,2,1.2,25.67,3,1.17,1,1,3,2.84,1,3,3.73,1,1,17.99611,1,NA,NA,NA
68,"2019-08-13","Legion HC","Scarab",8.38,6.95,8,15,10.47,3.46,9,10.43,4.93,2,30,7.26,5,2.22,3,5,4,1.21,4.08,7,2,1.09,26.45,3,2.5,1,1,3,2.02,1,3,4,1,1,18,1,NA,NA,NA
69,"2019-08-14","Legion HC","Scarab",8.44,6.95,8,15,10,3.51,10.42,10.55,4.93,2,32.22,7.26,5,2.47,3,5,4,1.29,3.04,7,2,1,26.18,3,2.5,1,1,3,2,0.82,3,3.01,1,0.9,19.84,1,NA,NA,NA
70,"2019-08-15","Legion HC","Scarab",8,6.87,8,15,10,3,10.24,10.77,5,2,32.67,7.26,5,2.35,3,5,4,1.35,3,7,2,1,26.32,3.12,2.25816,1,1,3,2,0.87,2.67,3,1,0.83,18,1,NA,NA,NA
71,"2019-08-16","Legion HC","Scarab",8,6.71,8,15,10,3,10.46,11.18,5,2,30,7.7,5,2,3,5,4.59,1.36,3.01,6,2,1,24.97,3,2.51,1.29777,1,3,2,0.81,2.74,3.17,1,0.89,18.03,1,NA,NA,NA
72,"2019-08-17","Legion HC","Scarab",8,6.63,8,14.92,10,3,10.46,10.94,5,2,30,6.94,5,2,2.94,5,4.64,1.43,3.04,6,2,1,25,2.15,2.79,1.11,1,3,2,0.83,2.86,3.96,1,0.86,19,1,NA,NA,NA
73,"2019-08-18","Legion HC","Scarab",6.45,6,8,14.5,10,3,11,12.8,5,2,30,7.69,5,2,3,5,4.48,1.43,3.84,5.64077,2,1,25,2.15,2.57,1.3,1,3,2,0.67,2.9,3.89,1,0.57,20,1,NA,NA,NA
74,"2019-08-19","Legion HC","Scarab",6.53,6,8,13.89,10,2.19,11,12.8,4.21,2,30,7.69,5,2,3,5,4.49,1.35,3.84,5,1.69,1,24,2.15,2.51,1.49625,1,2.96,2,0.6,3,3,1,0.57,20,1.16,NA,NA,NA
75,"2019-08-20","Legion HC","Scarab",8,6,8,12.76,10,2.09,11,13.74,4.21,2,30,7.5,5,2.64,3,5,4.16,1.64647,3.75,5.07,1.72,1,24,2.15,2.51,1.41,1,2.99,2,0.61,3,3,1,0.69,19.84346,1.28,NA,NA,NA
76,"2019-08-21","Legion HC","Scarab",8,6,8,11.57,10,2.09,11,13.6,4.01,2,30.19429,7.5,5,2.38,2.11,5,4,1.71,4,5,1.63,1,26.63,2.56,2.55,1.45,1,2.44,2,1,3,3,1,1,20,1.15,NA,NA,NA
77,"2019-08-22","Legion HC","Scarab",8,6.46,8,11.17,10,2,11,13.41,3.81,2,30,7.4,5,2.32,2.06,5,4,1.18,4,5.52,1.45,1,25.23,2.37,2.52,2,1,2.3285,2,0.97,2.36,3,1,0.9925,20,1.1,NA,NA,NA
78,"2019-08-23","Legion HC","Scarab",8,6.26,8,11.35,10,2.02,11.44,11.24,3.75929,2,30,7.4,3.64,2.73,2.85,5,4,1.03,4.18,5.43,1.36,1,24,2.18,2,2,1,2.33,2,0.9,2.28,3,1,0.58,20,1.1,NA,NA,NA
79,"2019-08-24","Legion HC","Scarab",8,6.3,6.05,13,10,3.44,15,11.51,4.718,2,30,7.3,3.64,2.7,2.47,5,4.59,1.03,4.75,5.26,2,1,24,2.18,2,2.27,1,1.93444,2,1,2.34,3,0.97,0.58,19.89,1.02,NA,NA,NA
80,"2019-08-25","Legion HC","Scarab",8,7,7.17,13,7.89,3.26,15,11.64,5.31,2,30,7.3,3.68,2.71,2.49,5,4.53,1,4.87,5.02,2,1,24,2.36,2,2.8,1,1.27,2,1,2.32,3,0.97,0.62,20.05,1.1,NA,NA,NA
81,"2019-08-26","Legion HC","Scarab",8,6.94,7.17,13,6.7,3.26,0,11.37,5.31,2,30,7.3,3.32,2.49,3.16,4.94,4.35,1,5.64,5.04,2,1,23.96,2.085,2,2.96,1,1.01,2,1,2.32,2.93,0.97,0.76,20,1.03,NA,NA,NA
82,"2019-08-27","Legion HC","Scarab",8.53,6.65,7.17,13,6.84,3.26,0,11.56,5.31,2,27.13,7.6,3.13,2.44,3.16,4.94,5,1,6.49,5,2,1,24,1,2,2.36,1,1,2,0.89,2,2.95,0.97,0.75,20,1.21,NA,NA,NA
83,"2019-08-28","Legion HC","Scarab",8.53,6.54,6.82,12.92,6.15,3.49,0,11.58,5.31,2,27.13,7.6,2.8,2.45,3.44,5,4.4,1,6.3,5,2,1,24,1,2,1.85,1,1,2,1,2,2.6,1,1,20,1.35,NA,NA,NA
84,"2019-08-29","Legion HC","Scarab",8.43,6.54,6.82,12.92,5.46,3.39,0,11.16,5.31,2,28.32545,7,4.65,2.29,3.32,5,4.22,1,6.3,5,2.65,1,24,1,2.01,1.51,1,1,2,1.21,1.05,2.56,1,1,19.93,0.81,NA,NA,NA
85,"2019-08-30","Legion HC","Scarab",9.55,6.54,6.85,12.63,5.46,3.2,25,10.88,5.33,2,27.6,7,4.64,2.69,2.81,6.41,3.84,1,6.2,7.1,3,1,24,1,1.9,1.42,1,1,2,1.21,1,2.56,1,1,19.35,0.82,NA,NA,NA
86,"2019-08-31","Legion HC","Scarab",9.66,7.31,7.03,12.63,6.28,3.1,25,10.95,5.33,2,30.89,7,3.52,2.52,2.81,6.41,3.65,1,1.99,7.65,2.49,1,22.1,1.22,1.8,1.54,1,1,2,3.15,1,2.96,1,1,19.38,0.75,NA,NA,NA
87,"2019-09-01","Legion HC","Scarab",9.66,11.09,7.03,13,5.46,3.1,25,10.61,5.33,2,38.56,7,3.52,3.3,2.64,8,3.65,1,1.5,7.65,2.49,1,22.65,1.22,1.7,1.41,1,1,2,1.43,1,2.86,1,1,19.17,1,NA,NA,NA
88,"2019-09-02","Legion HC","Scarab",11.31,11.09,7.24,13,5.46,3.1,25,10.62,5.33,3.81,39.33,7,3,3,2.8,8.65,3.65,1.42,1.5,7.65,2.5,1,26.57,1.22,1.7,1.3,1,1,2.75,1.43,1,3.01,1,1,18.55,1,NA,NA,NA
89,"2019-09-03","Legion HC","Scarab",0,0,0,0,0,0,0,0,0,0,0,0,0,0,0,0,0,0,0,0,0,0,0,0,0,0,0,0,0,0,0,0,0,0,0,0,NA,NA,NA
1,"2019-12-13","Metamorph HC","Scarab",0,0,0,0,0,0,0,0,0,0,0,0,0,0,0,0,0,0,0,0,0,0,0,0,0,0,0,0,0,0,0,0,0,0,0,0,0,0,0
2,"2019-12-14","Metamorph HC","Scarab",0,0,10,0,0,0,0,0,0,0,0,0,0,0,2.2,0,0,0,2,0,0,0,0,0,2,0,3,2,2.22,1,0,3,2,2,5.86667,2,0,0,3.54
3,"2019-12-15","Metamorph HC","Scarab",12,0,8.2,0,0,10,20,0,0,4,19.859,0,4,0,2.2,0,0,0,2,0,0,5,8,0,2.3,2,3,2,1,1.58278,3.1,2,1.41,2,5,1,25,8,3.8
4,"2019-12-16","Metamorph HC","Scarab",5.7,0,8,25,6.1,10,20,0,0,8.23,13.77,0,4,5,1.6,7,4,8.5,2.22,1.65,0,3.85,8,2,1.83,2,2,2,1,1.99,3,2,1.14,2,6,1,25,8,2.99448
5,"2019-12-17","Metamorph HC","Scarab",5.7,15,7.39,20.5,6.1,9.1,20,0,0,11.22,10.81,0,3.7,2.8,2.27,7,4,7,3,1.65,0,3,8,2,1,2,2,2,1,2,2.57975,2,1,2,7,1,0,4,2
6,"2019-12-18","Metamorph HC","Scarab",5,15,4.75,15.5,6.235,7.41,20,15,0,10,10,10,3.32,3.42,4,7.43,3,3.47,3,2.71,4,2,8,2,1,1.92,1.91,2,1,2,2,2,1,2,6,1,50,4,2.27
7,"2019-12-19","Metamorph HC","Scarab",5,12.22,5.38,15,6,6.7,20,15,10,9,10,2.94,2.83,3.85,4,6.77,3.63,3,3,3,4,2,8,2,1,1.59,2,2,1,2,2,1.83,1,2,6,1,18.41,4.4,2
8,"2019-12-20","Metamorph HC","Scarab",5,10.41,6,9.22,5.83,6,11.99,13.21,10,7,9,4.51,2,4,4,5,4,3,2.59,3,4,2,7,2,1,1.03,1.27568,1.83,1,2,2,1,1,1.86,6,1,14.53,5.11,2.5774
9,"2019-12-21","Metamorph HC","Scarab",5,11.3,6,6.44,7,5.86,10,11.58,10,6,10,4.94,2,3.60429,3,4,3.72,3,1.77,2,4,2,7.74065,2,1,1.32931,1,1.8,1,2,1.9532,1,1,1,6,1,16.54,8.15,2.28733
10,"2019-12-22","Metamorph HC","Scarab",5,11.31,6,6.82,7,5,10,9.77,10,6,10,5.14,2,3.8,3,4,3.24,3,1.79,2.0975,4,3,7,2,1,1.38,1,1.86,1,2,1,1,1,1,6,1,17.09,8,2
11,"2019-12-23","Metamorph HC","Scarab",5,10.2,5,6.8055,7,5,10,11.17,9,5,10,5.14,2,4,3,4,3,3,2,2.42,4,2.13,8,2,1,2,1,1.25,1,2,1,1,1,1,6,1,15,7.74,2
12,"2019-12-24","Metamorph HC","Scarab",4.91,10,4,7,7,5,7,10,8,5,11.74,6.17,2,4,2.41,4,3,3,2,2.98,4,2.1,8,2,1,2,1,1.87,1,2,1,1,1,1,6.06521,1,14,7,2
13,"2019-12-25","Metamorph HC","Scarab",4,8,4.03,6,7,6,7,8,6.09,5,11.27,5.86,2,4,2.59,4,3,3,2,3,3,3,6.68,2,1,1.89,1,1.67,1,2,1,1,1,1,5.5,1,14,7,2
14,"2019-12-26","Metamorph HC","Scarab",4,7.02,4.32,6,7,6,6,6.86,8,5,12,5,2,4,2,4,3,3,2.22,3,3,3,9,2,1,2,1,1.47,1,1.89,1,1,1,1,6,1,14.36,7,2
15,"2019-12-27","Metamorph HC","Scarab",3.64,7.02,4,6,7,8,6,6,8.58,4,13,4,2,4,2,3,2.38,3,2,3,3,3,9,2,1,2,1,2,1,2,1,1,1,1,5,1,14,7,2
16,"2019-12-28","Metamorph HC","Scarab",4,7,4,5,7,8,5.58,5.12,8.58,4,12,4,2,4,2,3,2.86,3,2,2,3,2,9,2,1,2,1,2,1,2,1,1,1,1,6.92,1,14,7,2
17,"2019-12-29","Metamorph HC","Scarab",4,7.74,4.08,5,6,5.4,5.61,4.04,8.59,4,12.8,3.67,2,4,2,3,3,3,2,2,3,2,9,2,1,2,1,1.73,1,1,1,1,1,1,7,1,15,7,2.05
18,"2019-12-30","Metamorph HC","Scarab",4.74,9,5,5,5,5,5,4,8.4,4,12.38,3.78,2,4,2,3,3,3,2,2,3,2,8,2,1,1.46,1,1,1,1,1,1,1,1,7,1,14,7,2.17118
19,"2019-12-31","Metamorph HC","Scarab",4.74,9,5,5,5,5.82,5,4,8.4,4,12,3.69,2,4,2,3,2.98628,3,2,2,3,2,8,2,1,1,1,1,1,1,1,1,1,1,7,1,14.1,7,2.05
20,"2020-01-01","Metamorph HC","Scarab",4,9,5,5,5,6.78,4.9,4,8.3,4,13,3,2,4,2,3,2.1,3,2,2,3,2,8,2,1,1,1,2,1,1,1,1,1,1,7,1,14,7,2.71333
21,"2020-01-02","Metamorph HC","Scarab",4,9,5,5,4,7,4,4,8.41,4,12,3,2,3,2,3,2.73,3,2,2,3,2,9,2,1,1,1,1,1,1,1,1,1,1,7,1,13,7,3
22,"2020-01-03","Metamorph HC","Scarab",4,9,5,5,4,6.94,4,4,7.68,4,13,3,2,3.00273,2,3,2.67,3,2,2,3,2,9,2,1,1,1,1,1,1,1,1,1,1,7,1,11,7,3
23,"2020-01-04","Metamorph HC","Scarab",4,9,5,5,4,8.55,4.26,4,7,4,13,3,2,3.4,2,3,2,3,2,2,2.86,2,9,2,1,1,1,1,1,1,1,1,1,1,6,1,13,7,3
24,"2020-01-05","Metamorph HC","Scarab",4,9.31,5,5,4,8.66,4.92,4,6.86,4,13,3,2,3.42,2,3,2,3,2,2,2.99,2,8,2,1,1,1,1,1,1,1,1,1,1,5,1,13,7,3
25,"2020-01-06","Metamorph HC","Scarab",4,9,5,5,5,8,6,4,6.77,3,13,3,2,3.85,2,3,2,3,2,2,2.09,2,8,2,1,1,1,1,1,1,1,1,1,1,6,1,13,7.71,2.00027
26,"2020-01-07","Metamorph HC","Scarab",4,9,5,5,4.65,8.22,6,4,6,3,12,3,2,4,2,3,2.36,3,2,2,2,2,8.93,1,1,1,1,1,1,1,1,1,1,1,6,1,13,8,3
27,"2020-01-08","Metamorph HC","Scarab",3,9,5,5,5,11.38,5.14,4,6,3,12,3,2,3,2,3,2.8,3,2,2,2,2,8.91535,1,1,1,1,1,1,1,1,1,1,1,6,1,13,8,3
28,"2020-01-09","Metamorph HC","Scarab",3.66,7.97708,5,5,5,16.24,5.06923,4,6,3,12,3,2,3,2,2,2.3,3,2,2,2,2,8,1.37,1,1,1,1,1,1,1,1,1,1,6,1,14,8.00429,3
29,"2020-01-10","Metamorph HC","Scarab",3.51,8,5,5,5,17,5,4,6,3,12,3,2,3,2,2,2.50192,3,2,2,2,2,8,2,1,1,1,1,1,1,1,1,1,1,6.25005,1,15,8.68,4
30,"2020-01-11","Metamorph HC","Scarab",3.56,8,4.82,5,5,16.89,5,4,6.91,3,12,2,2,3,2,2,2.58759,3,2,1,2,1.84,8,1,1,1,1,1,1,1,1,1,1,1,6,1,17.52154,9.89676,4
31,"2020-01-12","Metamorph HC","Scarab",3.71,8,5.36,5,6,13,5,4,6.8,3,12,2,2,4,2,2,2,3,2,1.9,2,1.99,8,1,1,1,1,1,1,1,1,1,1,1,6,1,18.74143,10,4.26
32,"2020-01-13","Metamorph HC","Scarab",3.83,9,5,5,7.4,11.88,7.41,4,6.86,3,12,2.81,2,4,2,2.43,3,3,1.72,1.79,2,2,7.79,1,1,1,1,1,1,1,1,1,1,1,6,1,15.8,9.23,5
33,"2020-01-14","Metamorph HC","Scarab",4,8.9,5,5,8,11,8,4,6,3,12,2,2,4,2,2,3,3,2,2,2,1.84,8,1,1,1,1,1,1,1,1,1,1,1,6,1,15.91,10,4.59
34,"2020-01-15","Metamorph HC","Scarab",4,9,5.52,5,8,10.98387,8,4,6,3,10.63187,2,2,5,2,2.26,3,3,2,2,2,1.22,8,1,1,1,1,1,1,1,1,1,1,1,6,1,14.89,10,4
35,"2020-01-16","Metamorph HC","Scarab",4.16,8.27,5.08,5,8,10,8,4,6,3,12,2,2,5,2,3,3,3,2,2,2,1.61,7.62505,1,1,1,1,1,1,1,1,1,1,1,5.93,1,18.64547,10,4
36,"2020-01-17","Metamorph HC","Scarab",4.2,8.50719,4.81,5,8,10,8,4,7.08,3,11.95025,2,2,5,2,3,3,3,2,2,2,1.75,7,1,1,1,1,1,1,1,1,1,1,1,6,1,19.93091,10,4
37,"2020-01-18","Metamorph HC","Scarab",4.2,8.92457,5.63,5,7.69,9,7,4,6.63,3,11,2,2,5,2,2.54,3,3,2,1,2,2,7,1,1,1,1,1,1,1,1,1,1,1,6,1,20.31,10,4
38,"2020-01-19","Metamorph HC","Scarab",4.196,9,5,5,7,9,7,3,5.82,3,11,2,2,5,2,2.15,3,3,2,1,2,1,7,1,1,1,1,1,1,1,1,1,1,1,5,1,22.28,10,4
39,"2020-01-20","Metamorph HC","Scarab",5,8,5,5,7,9,7.06,3.07,5.19679,3.61,11,2,2,5,2,2,3,3,2.65,1.1248,2,1,7,1,1,1,1,1,1,1,1,1,1,0.92,5,1,24,10,4
40,"2020-01-21","Metamorph HC","Scarab",6.54352,8,5,4,7,7.43176,7,3.79,6.18,4,10.79515,2,2,5,2,2,2.84345,3,3,2,2,1.08,7,1,1,1,1,1,1,1,1,1,1,1,5,1,22.09,9.77,4
41,"2020-01-22","Metamorph HC","Scarab",8,8,5,4,7,6,7,3.78,7.83,4,10,2,1.98,4.92897,2,2,2,3,3,2,2,1.38,7,1,1,1.8,1,1,1,1,1,1,1,1,5,1,20,9,4
42,"2020-01-23","Metamorph HC","Scarab",8,8,5,4,6.48309,8.22,7,4,7.55,4,10,2,2,4.7578,2,1.95,2,2.19,3,2,2,1.4,7,1,1,1.19559,1,1,1,1,1,1,1,1,5,1,20,9,4
43,"2020-01-24","Metamorph HC","Scarab",8,8,5,4,6.16,7.79,7,5,8.7,4.86,10,2,2,4,2,2,2,2,3,2,2,1.41,7,1,1,1.01,1,1,1,1,1,1,1,1,5,1,20,9,4
44,"2020-01-25","Metamorph HC","Scarab",7,7,5.62,4,7,7.31,7,4,7.98,5,10,2,2,4,2.62,2,2,2,3,3,2,1.97,7,1,1,1.13,1,1,1,1,1,1,1,1,5,1,20,9,4
45,"2020-01-26","Metamorph HC","Scarab",6,7,6.4925,4,6.29,9,7,4,6.3,5,10,2,1.93,4,3,2,2,2,3,3,2,2,7,1,1,1.01,1,1,1,1,1,1,1,1,5,1,20.48,8.11,4
46,"2020-01-27","Metamorph HC","Scarab",5.77,7,7,4,6,9,5.87,4,5,5,10,2,1.86,4,3,2,2,2,3,3,2,2,7,1,1,1.21,1,1,1,1,1,1,1,1,5,1,20,8.55,3.55
47,"2020-01-28","Metamorph HC","Scarab",6,7,7.05,4,7,9,7,4,5,4.25,10,2,2,4,3,2,2,2,3,3,2,2,7,1,1,1.36,1,1,1,1,1,1,1,1,5,1,20,9,4
48,"2020-01-29","Metamorph HC","Scarab",5,7,7,4,6.59,9,7,4,5,4.6,10,2,1.97,4,2.745,2,2.28,2,3,3,2,2,7,1,1,1.88,1,1,1,1,1,1,1,1,5,1,20,8,4
49,"2020-01-30","Metamorph HC","Scarab",5.85,6.27,7,4,6,7.23,6.31,4,5,4,10,2,1.96,4,2.54122,2,2,2,3,3,2,2,7,1.29,1,2,1,1,1,1,1,1,1,1,5,1,20,8,4
50,"2020-01-31","Metamorph HC","Scarab",6,7,7,4,6,7.71,6.11,4,5,4,10,2,1.99,4,3,2,2,2,3,2.62,2,2,7,1,1,1.33059,1,1,1,1,1,1,1,1,5,1,20,8.22,4
51,"2020-02-01","Metamorph HC","Scarab",5,6.1,7,3.48,6,7.32,6.58,4,5,5,10,2.11,2,4,3,2,2,2,3,2,2,2,7,1.17,1,2,1,1,1,1,1,1,1,1,5,1,20,8.3,4
52,"2020-02-02","Metamorph HC","Scarab",5,6,6.6225,3.57,6,8.32,7.955,4,5,4.47,10,2.28,2,3.92,3,2,2,2,3,2,2,2,7,1.04,1,1.54,1,1,1,1,1,1,1,1,5,1,20,8,4
53,"2020-02-03","Metamorph HC","Scarab",5,6,6.72,4,6,8.62,8,4,5,4,10,2.22,1.95,3,3,2,2,2,3,2,2,2,7,1.07,1,2,1,1,1,1,1,1,1,1,5,1,20,8.29,4
54,"2020-02-04","Metamorph HC","Scarab",5,6,6.69,4,6,8.88391,8,4,5,4,10,2.41,2,3,3,2,2.55,2,3,2,2,2,7,1,1,2,1,1,1,1,1,1,1,1,5.47949,1,20,8,4
55,"2020-02-05","Metamorph HC","Scarab",5,6,7,4,6,9,8,4,5,4,10,2.53,3,3,3,2,3,2,3,2,2,2,7,1,1,2,1,1,1,1,1,1,1,1,5.92756,1,22,9,4
56,"2020-02-06","Metamorph HC","Scarab",5,6,7,4,6,9,7.94,4,5,4,10,3,3,3,3,2,3,2,3,2,2,2,7,1,1,2,1,1,1,1,1,1,1,1,6,1,23.63,9,4
57,"2020-02-07","Metamorph HC","Scarab",5,6,7,4,6,8.46,7.6,4,5,4,10,3,3,3,3,2,3,2,3,2,2,2,7,1,1,2,1,1,1,1,1,1,1,1,6.57,1,24,9,4
58,"2020-02-08","Metamorph HC","Scarab",5,6,7,4,6,8.45,8,4,4.98,4,10,3,3,3,3,2,3,2,3,2,2,2,7,1,1,1.37308,1,1,1,1,1,1,1,1,6.61,1,23.259,9,4
59,"2020-02-09","Metamorph HC","Scarab",5,6,6.44,3.44,6,8.39,8.46,4,3.08,4,10,3,3,3,3,2,3,2,3,2,2,2,7.2,1,1,1.35203,1,1,1,1.16,1,1,1,1,7,1,22.03857,8.56524,4
60,"2020-02-10","Metamorph HC","Scarab",5,6,6,3.46,6,9.01,9,4,3.08,4,10,3,3,3,3,2,3,2,3,2,2,2,7.72,1,1,2,1,1,1,1,1,1,1,1,7,1,24,9,4
61,"2020-02-11","Metamorph HC","Scarab",5,6,6,3.5,6,9,9,4,3.3,4,10,3,3,3,3,2,3,2,3,2,2,2,8.27,1,1,2,1,1,1,1,2,1,1,1,7,1,23.74,9,4
62,"2020-02-12","Metamorph HC","Scarab",5,6,6,3.4,5.2,9,8.89,4,4.7,4,10.23,3,3,3,3,2,3,2,3,2,2,2,9,1,1,2,1,1,1,1,2,1,1,1,7,1,25,9,4.18
63,"2020-02-13","Metamorph HC","Scarab",4.79,6,5,3.44,5.68,9,9,4,4.74,4.29,12,3,3,3,3,2,3,2,3,2,2,2,9,1,1,2,1.2,1,1,1,2,1,1,1,7,1,25,9,4.78
64,"2020-02-14","Metamorph HC","Scarab",4.7,6,5,3.93,5.44,9,9,4,5,4.32,12,3,3,3,3,2,3,2,3,2,2,2,8.78,1,1,2,1.34,1,1,1.62,2,1,1,1,7,1,26.12333,9,4.6
65,"2020-02-15","Metamorph HC","Scarab",4.81,6,5,3.86,3.53,9,9,4,4.87,4.1,12,3,3,3,3,2,3,2.03,3,2,2,2,8.78,1,1,1.44,1.24,1,1,1.65,2,1,1,1,7,1,25.77,9,4.61
66,"2020-02-16","Metamorph HC","Scarab",4.72,6,5,3.73,5,8.95,9.07417,4,3.07,5,13.23714,3,3,3,3,2,3,2.53,4.56,2,2,2,10,1,1,1.08,1.41,1,1,2,2,1,1,1,7,1,28.3,9,5
67,"2020-02-17","Metamorph HC","Scarab",4.86,6,5,3.98643,5,8,9.57,4.08,3.75,5,14,3,3,3,3,2,3,2.49,5,2,2,2,10,1,1,1.54,1.5,1,1,2,2,1,1,1,7.12,1,29.69,9,5
68,"2020-02-18","Metamorph HC","Scarab",4.86,6.65,5,3.64,5,8,9.86,4,3.48,6,14.17,2.83,3,3,3,2,2.36,2.29,6.27,2,2,2,10,1,1,1.41,1.3,1,1,2,2,1,1,1,7,1,29,9.04,5
69,"2020-02-19","Metamorph HC","Scarab",4.87,6.35,5,3.42,5,8,8.36,4,3.18,6,15,2.83,3,3,3,2,2.58,2.2,6.41842,2,2,2,10,1,1,1,1.06,1,1,2,2,1,1,1,7.11,1,29.17,10,5
70,"2020-02-20","Metamorph HC","Scarab",5,6.08,5,3.01,5,7.15,7.29,4.1,5,5,17,2.73,2.97,3,3,1.72,2.81,2.22,6.52,2,2,2,10.23,1,1,1,1,1,1,2,2,1,1,1,7.72,1,29.08375,9.98,5
71,"2020-02-21","Metamorph HC","Scarab",5,5.79,5,3.01,5,7.15,7.29214,4,5,5,17,2.54643,3.57,3,3,1.57,2.85,2.18,6.42,2,2,2,12,1,1,1.28,1,1,1,1.99,2,1,1,1,8,1,30,10,5
72,"2020-02-22","Metamorph HC","Scarab",5,8.2,5,4.25,5,7.26,7.34,4,5,5,17,2.63,3.44,3,3,1.55,3,2.13,6.42,2,2,2,12,1,1,1.22,1,1,1,1.95,2,1,1,1,11.1,1,29.98833,9.28279,5
73,"2020-02-23","Metamorph HC","Scarab",5,8.78,5,4.7,4.7,8,7.36,4,5,5,17.47,2.63,3.44,3,3,2.16,3,2.1,6,2,1.95,2,12,1,1,1.62413,1.04,1,0.96,1.88,2,1,1,1,10.3,1,29.02,9,5
74,"2020-02-24","Metamorph HC","Scarab",4.77,8.78,4.97,4.65,3.97,8,7.48,4.65,5.54,5,17.11418,2.54,3.5105,3,3,2.06,3,2.1,5.26,2.38824,2,2.63,11.65,1,1,1,1.06,1,0.86,2,2,1,1,1,9.50136,1,25,9.53,5
75,"2020-02-25","Metamorph HC","Scarab",4.77,9.96,5,4.82,3.56,7.08,6.3,5,5.54,5,17,3.41,2.89,3,3,1.98,3,2.06,5,2.84,1.97,2.63,10.18,1,1,1,1,1,0.82,2,2,1,1,1,9,1,24.5,9.25,5
76,"2020-02-26","Metamorph HC","Scarab",5,10,5,4.82,3.56,6.89,6.32,5,5.54,5,17,3.41,2.89,3,1.68,2.6,3,2.06,5,2.36,1.97,3,10.13455,1,1,1,1.01,1,0.85,2,2,1,1,1,8.21,1,25,9.45,5
77,"2020-02-27","Metamorph HC","Scarab",5.84,9.26,6.3,4.82,3.97,6.89,8.86,5,10,5,17,3.41,2.94,3,2.26,2.42,3,2.06,5,2.58,1.97,3,12,1,1,1,1,1,0.92,2,2,1,1,1,8.42,1,25,9.03,5
78,"2020-02-28","Metamorph HC","Scarab",5.84,9.26,8.41,4.88,3.97,6.8,9.21,5,10,5,17,3.31,2.94,3,2.26,2.43,2.97,2.01,5,1,1.97,3,12,1,1,1,1.445,1,1,2,2.2,1,1,0.96,8.42,1,25,9.02,5
79,"2020-02-29","Metamorph HC","Scarab",5.65,5.23,8.22,4.88,5,6.6,14.86,4.59,10,5,17,3.21,4,2.7375,2.21,2.06,3,2.62,4.46,1,3,2.96,12,2,1,1,1.23,1,1,1.52,2.16324,1,1,0.95,8.69556,1,25,8,5
80,"2020-03-01","Metamorph HC","Scarab",5.65,5,10,4.88,5,6.6,19.4,4.59,10,5,17,3.22,3.39,2.36,2.21,2.08,3.71,2.62,4.46,1,3,2.79,11.78,2,1,1,1.62,1,1.8,1.52,2.51,1,1,2,8.82,1,25,7.46,5
81,"2020-03-02","Metamorph HC","Scarab",7,4.16,8.31,4.88,5,6.42,19.41,4.51,7.3,5,17,3.22,4,2.58,3.07,2.26,3.82,2.58,5,1,3,2.7,12,2,1,1,1.79,1,2,2,2.52,1,1,2,8.88,1,23.25,7.84,5
82,"2020-03-03","Metamorph HC","Scarab",6.51,4.09,8.31,3.5,5,6.42,12.97,5.43,7.3,5,17,2.3,4,2.4,2.95,1.01,3,2.7,5,1,3,2,12,1.2,1,1,2,0.66,1.8,2,2.49,1,0.66,1.15,9,0.89,23.47,8.74,5
83,"2020-03-04","Metamorph HC","Scarab",6.51,3.99,8.31,3.5,5,6.42,12.97,5.43,7.3,5,17,2.3,4,2.62,2.95,2.19,3,2.7,5,1,3,2,12,1.2,1,1,2,0.76,1.8,2.06,2.07,1.13,0.68,1.78214,9,0.81,21.07,8.52,5
84,"2020-03-05","Metamorph HC","Scarab",6.3,3.9,9.11,3.5,5,6.3,12.97,6.3,7.3,5,17,2.3,4,2.24,2.3,2,3,3,3.85,1,3,2,12,1.2,1,1,2,0.75,1.7,1.8,1.96,1.04,0.68,1.82,9,0.73,20.2,6.99,5
85,"2020-03-06","Metamorph HC","Scarab",6.6,3.9,9,3.5,5,6.6,12.97,6.2,7.3,5,17,2.3,4,2.24,2.06,1.8,3.61,3,3.85,1,3,2,12,1.2,1,1,2,0.58,1.4,1.71,2.39,1,0.51,1,9,0.56,22.36,6.83,5
86,"2020-03-07","Metamorph HC","Scarab",6.94,3.79,1.8,4.06,5,6.4,12.97,2.99,7.3,5,17,2.6,4,2.47,1,1.61,2.18,1.8,1,1,1.61,2,11.6,1.5,1,1,1,0.65,1,1,2.06,1.01,0.58,1,9,0.47,22.7,3.04,4.25447
87,"2020-03-08","Metamorph HC","Scarab",6.94,3.6,9,4.06,5,6.4,12.97,6.31,7.3,5,17,2.6,4,2.28,2.23,1.61,3.51,3,3.85,1,4.52,2.44,12,1.5,1,0.96,1,0.58,1.4,1.62,2.83,1.88,2.68,1,9,2.2,22.42,9.36,4.94
88,"2020-03-09","Metamorph HC","Scarab",6.94,3.6,9,4.06,5,6,12.4,6.21,7,5,17,2.8,4.44,2.31,2.27,1.61,3.53,3.76,3.08,1,11.5,2.89,11.47,1,1,0.96,1,0.69,1.4,1.52,2.83,1.88,4.31,1,8,1.65,22.42,5.76,4.82
1,"2019-03-08","Synthesis HC","Scarab",0,0,0,0,0,0,0,0,0,0,0,0,0,0,0,0,0,0,0,0,0,0,0,0,0,0,0,0,0,0,0,0,0,0,0,0,NA,NA,NA
2,"2019-03-09","Synthesis HC","Scarab",0,0,35,18.5,10,0,0,0,0,0,10,15,0,0,0,0,0,0,0,0,0,0,15,0,4,10,0,5,0,0,0,0,0,0,1.11,3,NA,NA,NA
3,"2019-03-10","Synthesis HC","Scarab",0,0,15,38.12,10,0,0,0,15,14,10.54,5,0,10,10,8,0,0,0,0,0,3,15,0,2,1.21,0,4.49,6,10,5,0,2,2,15,1.2,NA,NA,NA
4,"2019-03-11","Synthesis HC","Scarab",20,0,15,24.2,20,25,45,0,15,14.65,20,5,0,10,10,5,0,0,10,0,0,2.39,18,3,1.68,0.97,4,3.88,5,11.09,4.1,1,1.2,3.07,15,1.42,NA,NA,NA
5,"2019-03-12","Synthesis HC","Scarab",20,25,15,20,17.3,25,24,7.18,13.2,10,25,5,0,10,3.7,35,16,0,10,55,0,2,25.41,2.1,1.68,0.87,2.4,3.98,4,11.08,2,1,2,2.64,20,1.42,NA,NA,NA
6,"2019-03-13","Synthesis HC","Scarab",10.58,25.54,13.19,23.2,15,22.225,23,4.2,9.23,7,27.84,6.08,0,10,3.7,35.54,13.2,0,10,10,10,2,25.31,2.21,2,0.96,3,3.99,4,0.86,2,1,2,3.32667,20,1,NA,NA,NA
7,"2019-03-14","Synthesis HC","Scarab",12.59,20,10,23.42,14.49,19.62,22.1,4,9.32,7.27,28.4375,5,7.1,0,9.3,35.54,13.2,0,10,5,8.2,2,25,2.21,2,1.34,2.3,4.84,4,0.94,2,1,2,3.89,18.85714,1,NA,NA,NA
8,"2019-03-15","Synthesis HC","Scarab",13.65077,19.02,10.82,16.79,17.44,17.32,18.21,4,8.94,5.57,28,5,7,14,9.3,11.03,8,9.26,10,4.03,8.41,2,22.42,2.31,1.87,1.56,2.21,4.97,5,4.48,2,1,2,2.96,17.5,1,NA,NA,NA
9,"2019-03-16","Synthesis HC","Scarab",10,16,9.6,17.71,16.62,12,15.4,4,7.04,4,26.15375,5,6,8.65,9,14.38,13,7.89,10,7.1,4.49,2,22.39,2.42,1.44,1.75,2.61,9.7,4.43,4.628,4,1.16,2,2.24,19.52,1,NA,NA,NA
10,"2019-03-17","Synthesis HC","Scarab",10,13,9.61,21.58,14.98,12,13.18,12.05,5.95,4,29,4.98,5.49,8.65,9,20,14,7,10,9,4.49,2,23.06,2.73,3,1.8775,3,8.1,4,4.28,3.53,1.19,2,2,20,1,NA,NA,NA
11,"2019-03-18","Synthesis HC","Scarab",10,12,9.7,27.68625,14,10.32,13.48,12,5,3,31.12883,5,5.29,8.74,7.61,18.04,12.49,5.21,10,9,4.08,2,25,2.94,3,1.66,3,8,4,4,3,1,2,2,20,1,NA,NA,NA
12,"2019-03-19","Synthesis HC","Scarab",9,11,10,29.17625,14,8.68,13.8,12,4,3.04,34,3.25,4.97,8.85,8.06,15,12.9,5.43,9.3,8.53,3.83,1.94,27,2,3.83,1.89,3,8,3.9,3.03,4.51,1.87,2,1.49952,18.82,1,NA,NA,NA
13,"2019-03-20","Synthesis HC","Scarab",9.93,10,9,28.43024,14,8,10.9,12,4,3,32.5237,3,5,8.54,7,14.8,10,5,7,8,3.83,1.88,27.34,2.04,3.66,2,3,8,3.92,3,5,2,2,1.76,19.64,1,NA,NA,NA
14,"2019-03-21","Synthesis HC","Scarab",9.5,10,9,28,12,8.01,9.58231,11.98,4,3,32.42222,3,5,7.57,7,14,10,5,7,7.16,2.22,2,29.28176,2,3.95,2.44,3,7.55107,4,3,5,2,2,1.46,26.91,1,NA,NA,NA
15,"2019-03-22","Synthesis HC","Scarab",9,10,10,28,12,8.86,10.59,10.34,4,3,39.28,3,6,7.24,7,13,10,5,7,7,2.1,2,30,2,4,3,3,6.95,4,3,5,3,2,1,28.76,1,NA,NA,NA
16,"2019-03-23","Synthesis HC","Scarab",9.8,9.45,10,28,13.34,9.75,12,11.62,4,3,40.49419,3,6.02,7,7,13,9.58,5,7.09,6.85,2,2,35,2,4,3,3,8,4.03,3,5,3,2,1,29.52,1,NA,NA,NA
17,"2019-03-24","Synthesis HC","Scarab",10,10,10,25,14.83,10,12.16,10,4,3,38,3,6.36,6.5,7,13.88,10.15875,5,7,6.75,2.14,1,30,2,4,2.67,3,8.61,5,2,5,2.66,2,1,28.93,1,NA,NA,NA
18,"2019-03-25","Synthesis HC","Scarab",10,9,10,23.61,17.06,10,12,9,4,3,35.41558,2.23,7,6,7,13.88,11,5,6.95,7,5,1,30,2,4,3.12,3,8,5.13,3,4.32,2.71,2,1,28,1,NA,NA,NA
19,"2019-03-26","Synthesis HC","Scarab",10,9,10,25.39,14.87,10,12,9.73,4,3,37,2.36,7.93,6.13,7,13,10,5,7,6.66,5,1,30,2.18,4,2.96,3,8,6,2,4.88,4.77,2,1,25.04216,1,NA,NA,NA
20,"2019-03-27","Synthesis HC","Scarab",10,10,10,25,18.83,8.32,12,10,4,3,36,2.36,7.29,6,6.43,10,9.36,5,7,6.49,5,1,30,2,4,2.49,2.95,7.92174,6,2,5,5.04,2,1,24,1,NA,NA,NA
21,"2019-03-28","Synthesis HC","Scarab",10,8.93,10,24.98,19.09,8,12,8.49,4,3,35,2.4,7.06,6.86,6,10,10.31,5,7,6,5,1,30,2,4,3.64,2.65,8,6,3,4.47,5.0931,2,1,24.38,1,NA,NA,NA
22,"2019-03-29","Synthesis HC","Scarab",10,8.97,10,20,15.35,10,10.66,8,3.96,3,37,3,8,6.07,6,11.54,10,5,7,6,5,1,31.37,2,4,3.51,2.55,8,6,3,4.01,5,2,1,26.27,1,NA,NA,NA
23,"2019-03-30","Synthesis HC","Scarab",10.44,10,10.69,20,15.72,10,10.47,8,3.98,3,36,3,8,6,6,11.73,10.49,5,7,6,4.86,1,32.23,1.97,4,3.57154,2.89,7,5.72,3,4,4,2,1,27.44,1,NA,NA,NA
24,"2019-03-31","Synthesis HC","Scarab",10,10,11,19.48,16.05,8,10,7,3.04,3,35,3,8,6,5.35,9.91,10,5,7.08,5,5,1,33.12,2,4,3.06333,3,7,5.44,2,4,3.66,2,1,26.63,1,NA,NA,NA
25,"2019-04-01","Synthesis HC","Scarab",9.48,9.56,11,18.34,18,8.56,10,6,2.83,3,36,3,8,6,5.1919,9.49,10,5,7.21692,5,5,1,33,1.15,4,4,3,7,5.37,1.37,5,3.71,1,1,26.88,1,NA,NA,NA
26,"2019-04-02","Synthesis HC","Scarab",9.6,9.58,11,18.63,15,8.26,10,5.30758,2.08333,3,39.51,3,8,6,6,9.86,10,5,7.22,4,5,1,32.51,2,4,4,3,7,6,1.75,5,3,1,1,28.58,1,NA,NA,NA
27,"2019-04-03","Synthesis HC","Scarab",10,9,11,18.72,15,7.32,9.81,5,2,3,40,2.13,7.74,6,5.13,10.02,9.94,5,8,4,5,1,34,1.94,4,4,3,7,6,2,4.49,3,1,1,29.83,1,NA,NA,NA
28,"2019-04-04","Synthesis HC","Scarab",11.47,8,11.54,16.11,15,7.28,9.01,5,2.09,3.02,40,2.24,7.59,6,5,9.69,9.27,5,8.68,3.28,5,1,34.41,1.87,4,4,3,7,6,2,4.18,3,1,1,33.47,0.96,NA,NA,NA
29,"2019-04-05","Synthesis HC","Scarab",11.53,8,10,15.91,14.85,8.34,8.92,5,2.09,3.06,40,2,7.59,5.71,5,9.38,9,4.74,8.68,3,5,1,34.62,1.98,4,3,2.77,7,6,2,4,2,1,1.05,33.79,0.96,NA,NA,NA
30,"2019-04-06","Synthesis HC","Scarab",11.42,8,10,17.63,15,8.59,11.62,5,2,3,40,2.27,8,6,6,10,9,4.57,8,3,5,1,35,2,4,3,3,7,5.09,2,4,2,1,1,34,1,NA,NA,NA
31,"2019-04-07","Synthesis HC","Scarab",11.9275,8.23896,10,19,15,8,10.71,5,2.38,3,40,2.27,8,6,5.3,10.33,9,4,8,3,5,1,35,1.13,4,3,2.78,7,5,2,4,2,1,1,29,1,NA,NA,NA
32,"2019-04-08","Synthesis HC","Scarab",10.88,8,9,19,15,8,10.14,5,2.27,3.58,39.82,3,8,5,5,10.43,8.98,4,8,3,5,1,34,1.24,4,3,2.44,7,5,2,4,2,1,1.02,26,1,NA,NA,NA
33,"2019-04-09","Synthesis HC","Scarab",12,8,9,17.31,14.69,8,12.78,4.37,2.08,3,39,3,8,5,5,12,9,4,8,3,5,1,32.1,1.36,3.25,3,2.73,6,5,2,4,2,1,1.05,27.73,1,NA,NA,NA
34,"2019-04-10","Synthesis HC","Scarab",10,8,8,17.32,14.61,8,13,4,2,3,38.62,3,8,5,5,12,9,4,8,3,5,1,31,1.27,4,3,3,6,4,1.78,3.69,2,1,1.23,26,1,NA,NA,NA
35,"2019-04-11","Synthesis HC","Scarab",10,9,8,17,12.11,8.12,11.71,5,2,3,38,3,8,5,5,8.24,7.29,4.18,8,3,5,1,30,1.18,3.41,3,3,6,4,1.36,4,2,1,1.04,25,1,NA,NA,NA
36,"2019-04-12","Synthesis HC","Scarab",10,9,8,15.92,12,8,10,5,2,3,37,3,8,5,5,4.88,6.58,4.22,8,3,4.04,1,30,1,3.29,3,3,6,4,1.96766,4,2,2,1.14,25,1,NA,NA,NA
37,"2019-04-13","Synthesis HC","Scarab",10,9.6,8,15.92,12,7.9,10,5,2,3,35,2.62,8,6,5,4.76,6.58,5,8,3,4.16,1,30,1.03,3.32,3,3,6,4,1.92591,4,2,2,2,23.64219,1,NA,NA,NA
38,"2019-04-14","Synthesis HC","Scarab",10,9.71,8.52,15.88,12,6,10,5,2,3,35,2.62,7.95,5.95,5,7.6875,6.5,5,8,3,4,1,27.88,1,3,3,3,6,4,2,4,2,2,1.87,22,1,NA,NA,NA
39,"2019-04-15","Synthesis HC","Scarab",10,10,8.54,16.91,12,8,11.75,5,2,3,35,2.85,7.12,6,5,9.75,8.42,5,8,3,3.96,1,27,1,3.9,3,3,6,4,1.21346,4,2,2,1.8,22,1,NA,NA,NA
40,"2019-04-16","Synthesis HC","Scarab",10,9.46,8.24,17.47488,12,8,11.56,5,2,3,35,3.01,8,5.89,5,8.9,8.15,4.81,8,3,4,1,26.77,1,4.72,3,3,5,3.61,1,4,2,2,1.75,22,1,NA,NA,NA
41,"2019-04-17","Synthesis HC","Scarab",8.45,9.37,8.15,17.36,12,8,11.56,4,2.52,3,35.05237,3.01,8,6,5,8.53,8.1,4.63,8.21,3,4,1,28,1,4.72,3,3,5,3,1.13,5,2,2,2,21.84865,1,NA,NA,NA
42,"2019-04-18","Synthesis HC","Scarab",10,9,8,17.58,12,8.5,11.56,4,2.63,3,35.26,3.01,8,6,5,12.29,8.1,4.33,8.21,3,4,1,30,1,4.9,3,3,5,3,1.05,5,2,2,2,22.65,1,NA,NA,NA
43,"2019-04-19","Synthesis HC","Scarab",10,9,8,18,12,9,11.56,4,5.75,3,35.92,2.97,8.4,6,5,12.76,8.22,4.33,8.11,3,3.08,1.6,30,1,5,3,3,5,3,1.72,5,2,2,1.55,22.33,1,NA,NA,NA
44,"2019-04-20","Synthesis HC","Scarab",10,9,8,18,12,8.55,11.56,4,5.75,3,35.92,3.62,8.09,6,5,12.76,8.34,5,8.11,3,3.78,1,30,1,4.84,3,3,5,3,1.04,5,2,2,1.55,23.7994,1,NA,NA,NA
45,"2019-04-21","Synthesis HC","Scarab",10,8.62,8.13,18,12.04,6.93,13.89,4,5.99,3,35.12,3.62,8.81,6,5,13.39,8.34,6,7.2,3,3.8,1,30,2,3.94,3,3,5,3,1,5,2,1.25,1.51,22.42103,1,NA,NA,NA
46,"2019-04-22","Synthesis HC","Scarab",10,7,8.64,18,12,6.53,13.89,4,5.99,3,35,3.54,9,6.23,5,14.6,8.15,6,7,3,3.8,1,30,2,4.09,3,3,6,3,1,5,2,1.22,1,21.71,1,NA,NA,NA
47,"2019-04-23","Synthesis HC","Scarab",10,7,8.79,18,12,6.75,13.89,4,5.99,3,35,4,8.42,6.15,5,13.39,8.15,6,7,3,3.52,1,30,2,5,3,3,5.14,3,1,5,2,1.87,1,21.95,1,NA,NA,NA
48,"2019-04-24","Synthesis HC","Scarab",11.15,7,9,18,12,6.78,14.08333,4.22,5.99,3,35.28,4,9,6.12,5,12.87,9.36,6,7,3,3.52,1,30,2,5,3,3,5,3,1,5,2,1.07857,1,22.15,1,NA,NA,NA
49,"2019-04-25","Synthesis HC","Scarab",10.43,7,9,17.99,12.46,5.9,14.07,4.3,9.05,3,35,4,8.91,6,5,12.87,8.27,6,7,3,3,1,30,2,5,3,3,5,3,1,5,2,1,1,21.57,1,NA,NA,NA
50,"2019-04-26","Synthesis HC","Scarab",10.43,7,9,18,12.28,5.81,15,4,9.07,3,35.3,4,8.72,6.54,5,20,9.92,6,7,3.28,3,1,27.71,2,5,3,3,5,3,1,5,2,1,1,21,1.16,NA,NA,NA
51,"2019-04-27","Synthesis HC","Scarab",10.88,7,9,20,12.17,5.92,12.62,4,9.07,3,41.05,4,9.08,6.54,5,20,9.92,6,9.4,3,3,1,29.38,2,5,3,3,5,3,1,5,2,1,1,21,1.16,NA,NA,NA
52,"2019-04-28","Synthesis HC","Scarab",10.77,7,9.00308,20,12.42,5.92,13.04,4,8,3,44.7,4,7.68,5.53,5,20,9.92,4.79,9.4,3,3,1,29.3,2,5,2.35,3.24,5.86,3,1,5,2,1,1,21.79,1.16,NA,NA,NA
53,"2019-04-29","Synthesis HC","Scarab",13.02,7,9.08,20,12.29,5.92,13.49,4,8,3,47.47,4,11.46,5.53,5.14,20,10.08,4.48,7.87,3,3.41,1,40,2,5,2.35,3.36,5.86,3,1,5,2,1,1,27.77,1.16,NA,NA,NA
54,"2019-04-30","Synthesis HC","Scarab",10,7,9.08,20,12.02,5.85,13.49,4,6.75,3,50,4,10,5.45,5,20,10.89,4.48,7.87,3,3.31,1,52.19,2,5,2.31827,3.96,5.89,3,1,5.67,2,1,1,40,1.16,NA,NA,NA
55,"2019-05-01","Synthesis HC","Scarab",9.85,7,8.98,20,14.83,5.71,16.23,4,6.75,3,50,7.26,10,5.47,5,20,11.08,4.48,7.87,3,3.31,1,41.25,2,5,2.06,4,6,3,1,5,2,1,1,33.64,1.16,NA,NA,NA
56,"2019-05-02","Synthesis HC","Scarab",8.76,7,9,21.13,13.04,5.77,16.23,4,6.47,3,56.56,7.26,10,3.31,5,20,9.81,4.48,8.31,3,3.31,1,40.36,2,5,2.9,4,6,2.73,1,5,2,1,1,27.02,2,NA,NA,NA
57,"2019-05-03","Synthesis HC","Scarab",8.76,7,9.35,21.71,12,5.79,16.23,4,6.18,3,60,7.26,10,3.31,5,17.95,8.41,4.48,7.87,3,3.31,1,44.7025,2,5,3,4,6.74,2.54,1,5,2,1,1,30.02,2,NA,NA,NA
58,"2019-05-04","Synthesis HC","Scarab",8.15,7,9.35,25.48,12,7.98,15.52,4,6.18,3,60,7.26,10,3.31,5,13.72,8.23,4.48,7.87,3,3.31,1,44.96,2,5.33,3,4,8.21,2.58,1,5.16,2,1,1,30,2,NA,NA,NA
59,"2019-05-05","Synthesis HC","Scarab",8.81,7,10.87,25.83,12,9,15.52,4,5.6,3,60,7.26,10,3.45,5,15.59,8.26,4.2,7.87,3,3.22,1,38.39,2.22,5.33,2.22,4,8.26,2.57,1.09,6.93,2,1.64,1,30,2,NA,NA,NA
60,"2019-05-06","Synthesis HC","Scarab",9.48,5.83,10.87,25.83,14,9,15.53,4,5.6,3,60,19,10,3.49,5,15.5,8,3.62,12.8,3,3.22,1,38.48,3,5.33,2.04,4,8.26,2.79,1.92,6.77,1.91,1.54,2,30,2,NA,NA,NA
61,"2019-05-07","Synthesis HC","Scarab",9.48,5.83,13.11,25.75,13.52,9.42,15.55,4,5.6,3,60,19,10,3.49,5,15,8,3.62,12.8,3,3.22,1,37.77,3,5.33,2.04,4,8.12,2.23,0.91,6.77,1.87,1.56,2.62,32.04,2.1,NA,NA,NA
62,"2019-05-08","Synthesis HC","Scarab",8.36,8.62,11.34,25,13.52,9.32,15.55,3.14,5.6,3,59.62,19,10,3.41,5,15,7,3.62,12.8,3,3.22,1,35,3,5.33,2,4,9,1.52,0.74,6.59,1.77,2.33,2.66,31.99,2.1,NA,NA,NA
63,"2019-05-09","Synthesis HC","Scarab",8.36,8.28,10.56,25,10.98,9.32,15.55,3,5.3,3.19,55,19,10,3.3,5,15,7,3.62,12.8,3,3.22,1,34.64,3,5,2.8,4,9,1.52,0.84,6.4,1.77,2.33,5,30,0,NA,NA,NA
64,"2019-05-10","Synthesis HC","Scarab",7.15,8.28,12.8,24.17,10.79,9.32,15.55,3,5.3,4,50,19,10,3.3,5,15,6.91,3.62,12.8,3,4,1,34.39,3,5,2.7,4,9,1.41,0.75,6.22,1.58,3.22,5,25,0,NA,NA,NA
65,"2019-05-11","Synthesis HC","Scarab",7.15,9.97,12.8,23.66,11.59,10,15.55,3,5.3,4,50,0,10.4,3.21,5,15,6.46,3.62,0,3,4,1,34.39,3,5,2.41,4.31,8.77,1.31,0.76,5.84,1.48,5,5,25,0,NA,NA,NA
66,"2019-05-12","Synthesis HC","Scarab",7.15,9.41,12.8,26.19,11.59,10,16.65,3,5,3.9,50,0,10.4,3.13,5,15,6.57,3.62,0,3,4,1,34.39,3,5,2.41,4.31,8.22,1.31,1.29,5.65,1.83,5,5,25,0,NA,NA,NA
67,"2019-05-13","Synthesis HC","Scarab",7.15,8.85,12.61,26.19,11.59,10,16.88,3.09,5,3.63,50,0,10,2.44,5,15,6.38,0,0,3,0,1,33.77,3,2.2,2.89,4.42,8.42,1.22,0.92,5.65,1.83,3.2,1.4,25,0,NA,NA,NA
68,"2019-05-14","Synthesis HC","Scarab",22.59,8.85,12.61,26.19,11.59,10,16.88,3,5,3.63,50,0,10,2.43,5,15,6.35,0,0,3,0,1,33.77,3,2.2,2.6,4.42,8.24,1.22,0.92,5.65,1.83,3,1,25,0,NA,NA,NA
69,"2019-05-15","Synthesis HC","Scarab",22.59,8.28,12.61,26.5,11.59,10,16.88,2.9,0,3.63,50,0,10,2.22,5,15,6.16,0,0,3.54,0,1,34.11,3,2.6,2.6,4.44,8.26,2.2,4.79,7,1.73,3,2,25,0,NA,NA,NA
70,"2019-05-16","Synthesis HC","Scarab",68.2,7.22,13.61,20.99,10.8,10.44,16.88,2.9,0,3.54,50,0,10,4,5,15,6.01,0,0,3.54,0,1,34.11,3,2.6,2.6,4.44,8.07,2.2,4.79,7,1.73,3,2,25,0,NA,NA,NA
71,"2019-05-17","Synthesis HC","Scarab",68.2,7.22,12,20.5,10.8,14,16.88,2.72,0,4,50,0,10,4,5,15,5.7,0,0,4,0,1,34.11,0,2.62,2.3,8,9,2.2,3.34,7,1.63,3,2,25,0,NA,NA,NA
72,"2019-05-18","Synthesis HC","Scarab",68.2,6.98,12,20.5,10.8,14,21.64,3.4,0,4,50,0,10,4,5,15,5.7,0,0,4.3,0,1,33.53,0,2.21,2,8,9,2.2,3.33,7,1.43,3,2.33,25,0,NA,NA,NA
73,"2019-05-19","Synthesis HC","Scarab",68,14.52,12,20.5,10,14,21.64,3.42,0,4,50,0,0,4.33,5,15,5.7,0,0,4.22,0,1,33.24,0,2.21,2,8,9,2.2,3.34,7,2.1,3,2.33,23.3,0,NA,NA,NA
74,"2019-05-20","Synthesis HC","Scarab",0,21,12,20.5,10,14,35,11.1,0,4,50,0,0,7,5,15,5.75,0,0,12.88,0,1.84,33.24,0,2.21,0,8,9,2,3.34,0,2.1,3,2.33,23.3,0,NA,NA,NA
75,"2019-05-21","Synthesis HC","Scarab",0,21,12,20.5,14.36,14,35,13.2,0,4,50,0,0,0,5,15,5.83,0,0,12.86,0,1.84,32.94,0,2.21,25,8,9,2,15,0,2,5,2.33,25,0,NA,NA,NA
76,"2019-05-22","Synthesis HC","Scarab",0,20,0,20,14.36,14,35,52.75,0,4,50,0,0,0,0,0,7.1,0,0,77.51,0,1.84,34.75,0,2.21,25,8,9.11,0,15,0,2,5,2.33,25,0,NA,NA,NA
77,"2019-05-23","Synthesis HC","Scarab",0,20,0,20,50,14,35,55.69,0,0,50,0,0,0,0,0,0,0,0,77.51,0,12.07,75,0,2.11,25,8,9.11,0,15,0,2,5,2.33,25,0,NA,NA,NA
78,"2019-05-24","Synthesis HC","Scarab",0,20,25,20,50,14,35,55.74,0,0,51.1,0,0,0,0,0,0,0,0,77.74,0,29,75,0,3,25,8,9.11,0,15,0,2,5,5,25,0,NA,NA,NA
79,"2019-05-25","Synthesis HC","Scarab",0,20,25,20,50,14,35,19.2,0,0,57.72,0,0,0,0,0,0,0,0,11.4,0,29,75.33,0,3,25,8,9.11,0,0,0,0,5,5,0,0,NA,NA,NA
80,"2019-05-26","Synthesis HC","Scarab",0,20,25,20,50,14,35,14.76,0,0,57.72,0,0,0,0,0,0,0,0,11.35,0,29,75.27,0,3,25,8,9.11,0,0,0,0,5,5,50,0,NA,NA,NA
81,"2019-05-27","Synthesis HC","Scarab",0,20,25,20,50,14,35,14.76,0,0,57.72,0,0,0,0,0,0,0,0,11.48,0,29,75.42,0,3,25,8,9.11,0,0,0,0,5,5,50,0,NA,NA,NA
82,"2019-05-28","Synthesis HC","Scarab",20,20,25,20,50,14,35,14.76,0,0,57.72,0,0,0,0,0,0,0,0,11.48,0,29,75.42,0,3,25,8,9.11,0,0,0,0,5,5,50,0,NA,NA,NA
83,"2019-05-29","Synthesis HC","Scarab",20,22.18,25,20,50,0,35,14.76,0,0,57.72,0,0,0,0,0,0,0,0,11.85,0,29,82.54,0,3,25,0,10,0,0,0,0,5,5,41,0,NA,NA,NA
84,"2019-05-30","Synthesis HC","Scarab",20,22.18,25,20,50,0,0,14.76,0,0,83.52,0,0,0,0,0,0,0,0,11.95,0,29,83.52,0,3,25,0,10,0,0,0,0,5,5,41,0,NA,NA,NA
85,"2019-05-31","Synthesis HC","Scarab",20,40,25,0,15.8,0,0,14.76,0,0,81.49,0,0,0,0,0,8,0,0,11.76,0,29,81.56,0,3,25,0,10,0,2,0,0,5,5,41,0,NA,NA,NA
86,"2019-06-01","Synthesis HC","Scarab",20,40,25,0,15.8,0,0,14.76,0,0,44.22,0,0,0,0,0,8,0,0,11.82,0,29,82.24,0,3,25,0,10,0,2,0,0,5,3,41,0,NA,NA,NA
87,"2019-06-02","Synthesis HC","Scarab",20,40,25,0,15.8,0,0,10.4,0,0,44.9975,0,0,0,0,0,8,0,0,4,0,3.55,89.62,0,0,25,0,10,0,2,0,0,5,3,41,0,NA,NA,NA
88,"2019-06-03","Synthesis HC","Scarab",20,40,25,0,15.8,0,0,10.4,0,0,50.85,0,0,0,0,0,8,0,0,4,0,15,91.39,0,0,25,0,10,0,0.78,0,0,5,3,46.54,0,NA,NA,NA
89,"2019-06-04","Synthesis HC","Scarab",0,0,0,0,0,0,0,0,0,0,0,0,0,0,0,0,0,0,0,0,0,0,0,0,0,0,0,0,0,0,0,0,0,0,0,0,NA,NA,NA
