"Day","Date","League","Type","Aberrant.Fossil","Aetheric.Fossil","Bloodstained.Fossil","Bound.Fossil","Corroded.Fossil","Dense.Fossil","Enchanted.Fossil","Encrusted.Fossil","Faceted.Fossil","Fractured.Fossil.","Frigid.Fossil","Gilded.Fossil","Glyphic.Fossil","Hollow.Fossil","Jagged.Fossil","Lucent.Fossil","Metallic.Fossil","Perfect.Fossil","Prismatic.Fossil","Pristine.Fossil","Sanctified.Fossil","Scorched.Fossil","Serrated.Fossil","Shuddering.Fossil","Tangled.Fossil","Fractured.Fossil"
1,"2018-12-07","Betrayal HC","Fossil",0,0,0,0,0,0,0,0,0,0,0,0,0,0,0,0,0,0,0,0,0,0,0,0,0,NA
2,"2018-12-08","Betrayal HC","Fossil",1,2.766,0,1.60727,1.49,2,2.645,9.55,0,0,1,15.5,0,0,1,2,1,1.19375,3,2,0,1,1,3.81,0,NA
3,"2018-12-09","Betrayal HC","Fossil",0.98,2,0,1.27,1,1.98513,1.66,9,0,0,0.86326,7.39,0,168.6,1,2,1,1.877,2,2,3.25375,1.38929,1,2,0,NA
4,"2018-12-10","Betrayal HC","Fossil",1,2,0,2,1,3,1.41963,5.97,0,0,1,3,0,187.5,1,2,2,1.99,2,2,3,1,1,2,50,NA
5,"2018-12-11","Betrayal HC","Fossil",1,2.62286,0,2,1,4,1,4,50,0,1,3.96955,0,190.925,1,1.16,2,2.93,2,2,3,1,1,2,50,NA
6,"2018-12-12","Betrayal HC","Fossil",1,3,0,2,1,4,1,4,28.28,0,1,4.99,40,190,1,1,4,3,2,3,3,1,1,2.4301,45.5,NA
7,"2018-12-13","Betrayal HC","Fossil",0.4351,3,120,2,1,4,2,4,58.02,0,0.5602,4,35.5,181.74,0.9302,1,4,3.67857,1.98041,3,3.62,0.9702,0.98531,2.6451,50,NA
8,"2018-12-14","Betrayal HC","Fossil",0.46041,3,127.08,2,2,4,2,3,60,92.96,0.60133,3,26,161.34333,0.86,1,4,3,2,3,4.07,1,0.9801,2.0001,50,NA
9,"2018-12-15","Betrayal HC","Fossil",0.44,3,126.22,2,2,4,2,3,505,82,0.7,2.79,26.11,110.94,0.87,1,4,3,2,4,4.97818,0.95,0.94,2.75694,50.5,NA
10,"2018-12-16","Betrayal HC","Fossil",0.44,3,150.125,2,1,5,2,2.84,454.5,103.425,0.66061,3,20.7,131.25,0.44,0.93,3.73276,3,1.5,4,4.11171,0.5,0.88,3,42,NA
11,"2018-12-17","Betrayal HC","Fossil",0.44,4,148.5,3,1,5,2,3,148.5,99,0.5151,3.92,21.5,115.78,0.45,1,4,3,1.5051,4,5,0.91,0.9,3,36.76,NA
12,"2018-12-18","Betrayal HC","Fossil",0.41,4,139.53,2,1,5,1.23571,3,121.75,99,0.6351,4.5,32.7875,100,0.47,0.94,3,3,1,4,5,0.82041,0.61041,3,34.07,NA
13,"2018-12-19","Betrayal HC","Fossil",0.3651,3,147.5,2,1,5,2,3,99.962,89.47533,0.4751,4.83161,38.299,99.405,0.3951,0.86,4,3,1,4,5,0.5,0.65531,3,30,NA
14,"2018-12-20","Betrayal HC","Fossil",0.4401,3,148.47857,2,0.5,5,2,3,98.93,78.86,0.62061,4,44,85,0.47,1,4,2.5,1,4,6,0.50092,0.9,4,23.66,NA
15,"2018-12-21","Betrayal HC","Fossil",0.43,3,145.5,2,0.5,5,2,2,97,59.59,0.61531,4.6013,45,75,0.44,0.9951,3,2,1,3.5,6,0.83551,0.9451,3.53061,19,NA
16,"2018-12-22","Betrayal HC","Fossil",0.4251,2.17571,109.55,2,0.48,5,2,2,90,59.59,0.76,5,41,69.31,0.43,0.96082,3,2,1,3,6,0.5,0.8751,3,15,NA
17,"2018-12-23","Betrayal HC","Fossil",0.42,2,75.2975,2,0.44,5,2,2,80,50,0.74,4,42.12,68,0.41,0.84,3,2,1,3,6,0.5,0.84,3,14,NA
18,"2018-12-24","Betrayal HC","Fossil",0.4,2,74.56,1.98041,0.4,5,2,1,80,50,0.79,4,42.77,62.12,0.4,0.8951,3,2,1,3,7,0.5,0.72592,3,10,NA
19,"2018-12-25","Betrayal HC","Fossil",0.39,2,96.23,1.5,0.39,5,2,1,80,51.05,0.78,4,44.01,60,0.39,0.4701,3,1.5,1,3,8,0.5,0.4501,3,10,NA
20,"2018-12-26","Betrayal HC","Fossil",0.37,2,93.67,1,0.41,5,2,1,60,62.26545,0.65,4.1902,40.13,60,0.39,0.5,3,1.5,1,3,8,0.46,0.4351,3,10,NA
21,"2018-12-27","Betrayal HC","Fossil",0.36,2,87.23,1,0.42,5,2,1,55,60.175,0.6601,5,41.4725,55.6725,0.36,0.44,3,1.5,1,3,8,0.42,0.45,3,10,NA
22,"2018-12-28","Betrayal HC","Fossil",0.36,2,96.6,1,0.4,5,2,1,56.85,62.72,0.68,4.96082,42.66,49.69545,0.36,0.49,3,1.5,1,3,7.18,0.4751,0.5,3,10,NA
23,"2018-12-29","Betrayal HC","Fossil",0.3301,2,92.64,1,0.4301,5,2,1,53.74111,56.9,0.5401,5,45.8625,45.76,0.37,0.5,3,1.12082,1,3.66102,8,0.59031,0.49,3,9.65,NA
24,"2018-12-30","Betrayal HC","Fossil",0.37,2,87.91,1,0.3751,5.17122,2.40551,1,61.8,64.33375,0.5,5,34.60412,48.45,0.37,0.5,3,1,1,3.44041,8,0.5,0.48,3,9,NA
25,"2018-12-31","Betrayal HC","Fossil",0.2801,2,80,1,0.37,5.8901,2.23092,1,46.5,72.6,0.4602,4,35.92938,49.15,0.37,0.49,3,1,1,3,8,0.48,0.48,3,8.08,NA
26,"2019-01-01","Betrayal HC","Fossil",0.37,2,75.91,1,0.37,6,2.77694,1,48.5,87.21,0.5,4,42.35,48,0.37,0.49,3,1,1,3,9,0.5,0.49,3,8.14,NA
27,"2019-01-02","Betrayal HC","Fossil",0.34,2,73.49,1,0.36,5.95051,2.5,1,49.847,121.54,0.4801,4,37.46615,50,0.36,0.49,3,1,1,3,10,0.5,0.3601,3,5.44,NA
28,"2019-01-03","Betrayal HC","Fossil",0.35,2,70.16,1,0.35,6,3,1,49.83,120,0.48,4,43.91,71.78,0.3451,0.5,3,1,1,3,10,0.4951,0.48,3,6,NA
29,"2019-01-04","Betrayal HC","Fossil",0.34,2,75,1,0.34,6,3,1,60,121.04,0.5,4,42.99,75.7,0.34,0.5,3,1,1,3,8.2102,0.5,0.3502,3,5.2756,NA
30,"2019-01-05","Betrayal HC","Fossil",0.33,2,199.23,1,0.33,5.57041,2.9901,1,68.82,123.10536,0.4601,4,40.37,95.81556,0.33,0.5,3,1,1,3.8102,9,0.5,0.4201,3,7.93,NA
31,"2019-01-06","Betrayal HC","Fossil",0.32,2,332.5,1,0.32,5.8202,3,1,67.805,114.155,0.3301,4,47.35,92.76,0.32,0.5,3,1,1,3.65041,9,0.5,0.3702,3,8,NA
32,"2019-01-07","Betrayal HC","Fossil",0.26,2,274.30318,1,0.32,5,3,1,108.31,96.95795,0.32,5,55,77.23,0.32,0.5,3,1,1,3.0251,9,0.5,0.48041,3,6.92,NA
33,"2019-01-08","Betrayal HC","Fossil",0.31,2,183.25235,1,0.31,5,3,1,108.08,80,0.5,5,55,70,0.3,0.5,3,1,1,3,9.62265,0.4902,0.4251,3,7,NA
34,"2019-01-09","Betrayal HC","Fossil",0.29,2,216.26182,1,0.3,5,3,1,117.17,78.55,0.5,4,49.33,80,0.3051,0.4802,3,1,1,3.5,9.97058,0.5,0.4751,3,7,NA
35,"2019-01-10","Betrayal HC","Fossil",0.29,2,220.66636,1,0.29,5,3,1,110.88188,75.85,0.4651,5,49.27429,85.76,0.29,0.5,3,1,1,3.1402,10,0.5,0.3302,3,6.82,NA
36,"2019-01-11","Betrayal HC","Fossil",0.29,2,235.98,1,0.36041,5.61551,3,1,106.02643,75.93263,0.5,5,43.17,84.53,0.3451,0.4851,3,1,1,3.4802,10,0.42061,0.3651,3,7,NA
37,"2019-01-12","Betrayal HC","Fossil",0.27,2,239.115,1,0.29,5.88551,3,1,122.97,70,0.5,4.89163,44.87,87.31,0.3,0.48041,3,1,1,3,10,0.5,0.5,3.6102,7,NA
38,"2019-01-13","Betrayal HC","Fossil",0.36,1,200,1,0.3351,5.55612,3,1,130.24375,79,0.5,5,42.81,81.80333,0.4651,0.5,3,1,1,3.24,11,0.5,0.5,3.49082,7,NA
39,"2019-01-14","Betrayal HC","Fossil",0.28,1,180.55,1,0.5,5.5,3,1,136.43,83.61,0.5,4.84,66.2,84.13529,0.32551,0.5,3,1,1,3.5,11,0.5,0.5,3.0102,7,NA
40,"2019-01-15","Betrayal HC","Fossil",0.29,1,157.98,1,0.4351,5.5,3,1,139.91,85.16,0.5,4,63.58,79.51875,0.34592,0.5,3,1,1,3.0151,12,0.5,0.5,3,6.56,NA
41,"2019-01-16","Betrayal HC","Fossil",0.29,1,159.49,1,0.4151,5.12082,3,1,137.59,80.83318,0.5,4,69.769,79.99,0.3,0.5,3,1,1,3.4902,12,0.5,0.5,3,5,NA
42,"2019-01-17","Betrayal HC","Fossil",0.3251,1.16082,141.30346,1,0.3251,5.47061,3,1,128.44,80.49,0.5,4,69.46083,80.49,0.32122,0.5,3.31531,1,1,3,12,0.5,0.48531,3,7.05,NA
43,"2019-01-18","Betrayal HC","Fossil",0.45031,1.4,123.71,1,0.44,5.5,3,1,128.81,119.84,0.5,4,69.54,80.98,0.5,0.49,4,1,1,3.55041,12,0.5,0.5,3,7,NA
44,"2019-01-19","Betrayal HC","Fossil",0.29,2,120.72393,1,0.3451,5.5,3,1,132.89071,120.52875,0.5,4,69.8,81.50143,0.4851,0.5,3.2402,1,1,3.5,12,0.5,0.5,3,7,NA
45,"2019-01-20","Betrayal HC","Fossil",0.2601,1.61061,102.24,1,0.4601,5.42082,3,1,131.86,145.59,0.5,5,70.67,78.03,0.5,0.47,3.54153,1,1,4,10,0.49,0.5,3,6.32,NA
46,"2019-01-21","Betrayal HC","Fossil",0.28031,1,115.58,1,0.48,5.2702,3,1,129.05,198.82,0.5,5,86.11115,92.92,0.3401,0.33,3,1,1,4,10.7101,0.3802,0.5,3,6,NA
47,"2019-01-22","Betrayal HC","Fossil",0.23,1,94.96789,1,0.23,5.46551,3,1,136.37643,261.33444,0.5,4,87.05538,96.87179,0.34143,0.5,3.56122,1,1,4,11,0.5,0.5,3,6,NA
48,"2019-01-23","Betrayal HC","Fossil",0.22,1,111.58,1,0.24,5.5,3,1,171.08,268.265,0.5,4.99,86.9,98.95,0.33,0.46531,3.80531,1,1,3.55531,11,0.5,0.5,3.5,6,NA
49,"2019-01-24","Betrayal HC","Fossil",0.2701,1,111.85,1,0.4301,5.76031,3,0.59,167.12,248.84,0.5,4.85,85,100,0.5,0.47,3,1,1,4,11.30694,0.4801,0.4701,4,6,NA
50,"2019-01-25","Betrayal HC","Fossil",0.40031,1,112.66,1,0.5,6,3.5,0.63,183.28643,265.7415,0.5,4.5,85.59,100,0.41,0.5,4,1,1,4,12,0.5,0.49,4,6,NA
51,"2019-01-26","Betrayal HC","Fossil",0.37,1.30571,104.77,1,0.5,5.97551,3.43,0.77,185.35,265.35889,0.5,4.90757,73.22139,100,0.5,0.5,3.2951,1,1,4,13,0.5,0.5,4,6,NA
52,"2019-01-27","Betrayal HC","Fossil",0.39,1.6802,97.84,1,0.4,5.6202,3.6451,0.68041,178.75,255.792,0.5,5,72.23,128.97857,0.5,0.5,4,1,1,4,12,0.5,0.97531,4,6,NA
53,"2019-01-28","Betrayal HC","Fossil",0.23612,1,99.084,1,0.5,7,2.83,0.5,179.67538,198.18,0.45,4.50125,77.45,111.78786,0.5,0.5,4,1,1,4,12,0.5,0.5,4,6,NA
54,"2019-01-29","Betrayal HC","Fossil",0.21051,1.61,120.61,1,0.35031,7.40051,3.6801,0.58,181.96885,197.47222,0.5,5.13,77.55,165.28,0.28,0.5,4,1,1,4.50082,12.37886,0.5,0.9601,4,6,NA
55,"2019-01-30","Betrayal HC","Fossil",0.5,2,119.44,1,0.5,7,3.7402,0.76531,171.8,193.65917,0.5,5,78.45333,185.69,0.3151,0.47,4,1,1,5,12,0.4951,1,5,6,NA
56,"2019-01-31","Betrayal HC","Fossil",0.18,2,137.27,1,0.5,7,3.46,1,170,214.28,0.5,5.35,70,197.04,0.5,0.5,4,1,1,4.27633,13.35344,0.3851,0.8602,5,6,NA
57,"2019-02-01","Betrayal HC","Fossil",0.2,1.91,198.032,1,0.3,7,4.40551,1,178.00231,246.1,0.5,5.51,65.86357,185.09,0.3951,0.5,3,1,1,4.57143,14,0.5,1,4,7.65,NA
58,"2019-02-02","Betrayal HC","Fossil",0.3102,2,232.9,1,0.5,7,4.35071,1,172.58,259.79667,0.5,6,64.4,173.32,0.5,0.5,4,1,1,4.5,13.92381,0.5,0.5,4,7.39,NA
59,"2019-02-03","Betrayal HC","Fossil",0.3602,2,234.32071,1,0.4451,6.88061,4.79,1,110.21706,259.05583,0.5,5,64.43,158.80938,0.5,0.5,4,1,1,4,14.9,0.5,0.8002,4,10.1,NA
60,"2019-02-04","Betrayal HC","Fossil",0.4,2,176.89,1,0.43143,7,5,0.84,125.16,268.50857,0.53,5,68.72,168.775,0.29224,0.5,4,1,1,4,15,0.5,1,4.70673,10.1,NA
61,"2019-02-05","Betrayal HC","Fossil",0.17,1.8551,161.22,1,0.5,7,5,0.5,122.63692,260.5575,0.5,5,70,172.54571,0.5,0.44,4,1,1,4,14,0.5,0.9951,4.38102,9.45,NA
62,"2019-02-06","Betrayal HC","Fossil",0.32,2,144.18,1,0.46,7,5,0.5,126.62,255.54,0.5,5,69.66,170.44,0.46,0.3701,4,1,1,4,15,0.5,0.74,4,9.45,NA
63,"2019-02-07","Betrayal HC","Fossil",0.3801,2,161.56,1,0.16,7,4.61031,0.5,119.58,237.07,0.5,4.49,70,163.98,0.33,0.38,4,1,1,4,14.0002,0.5,0.9802,4,9,NA
64,"2019-02-08","Betrayal HC","Fossil",0.5,1.9502,163.27556,1,0.4802,7,5,0.5,119.55,240.2775,0.44061,4.68704,70,165.812,0.5,0.18,4,1.29051,1,4,14.31082,0.4802,1,4.49,9,NA
65,"2019-02-09","Betrayal HC","Fossil",0.5,1.69531,161.79,1,0.47,7.06,4.7551,0.5,119.43967,232.79,0.5,4.68,65.12,163.96,0.5,0.17,4,1,1,4.07653,14,0.4302,0.97,4.68531,9.71,NA
66,"2019-02-10","Betrayal HC","Fossil",0.4302,1.8902,146.06,1,0.5,7,5,0.5,107.87,234.68667,0.27,4.72,55,161.98,0.35,0.4,4,1,1,4,14,0.22,0.8351,4,9.71,NA
67,"2019-02-11","Betrayal HC","Fossil",0.26,1.5,127.29,1,0.5,7.1,4.17,0.5,100.36,264.0325,0.25,4.37,52.2,157.14,0.3,0.2,4,1,1,4,13.27,0.5,0.43,4,9.71,NA
68,"2019-02-12","Betrayal HC","Fossil",0.34,1.5,143.55364,1,0.39,7,4,0.5,110,238.22,0.45,5,55.43,155,0.3,0.2,4,1,1,4,12,0.5,0.5,4,10.32,NA
69,"2019-02-13","Betrayal HC","Fossil",0.18,1.5,139.55,1,0.18,7.56,4,0.5,95.36,232.47,0.46,4.43,54.92,147.37,0.25,0.19,3.98,1,1,4,12,0.5,0.40505,4,10.32,NA
70,"2019-02-14","Betrayal HC","Fossil",0.18,1.5,139.55,1.94,0.46,8,4,0.5,92.33,234.48,0.25,4.54,40,148.08,0.31515,0.18,4,1.15,1,4,12,0.5,0.76,4,9.43,NA
71,"2019-02-15","Betrayal HC","Fossil",0.5,1.26515,139.55,1.44,0.5,8,4.5,0.5,113.42,235.5,0.42,4.69,40,148.41,0.27,0.19,4,1,1.76,4.69,12,0.5,1,4,9.43,NA
72,"2019-02-16","Betrayal HC","Fossil",0.19,1.5,118.95,1,0.41,7.51025,4.02005,0.5,120,234.45,0.55,5,40,146.6,0.41,0.2,4,1,1.97015,5,12,0.5,1,4,8.8,NA
73,"2019-02-17","Betrayal HC","Fossil",0.29061,1.5,131.06,1,0.2401,7,4.59515,0.5,110.89,226.61,0.59,5,40,148.84,0.48515,0.22,4,1.32,1.69,4.09505,12,0.47,1,4,8.8,NA
74,"2019-02-18","Betrayal HC","Fossil",0.23,2,128.27,1.74,0.24,7,4,0.5,106.88,219.07,0.62,4.34,40,92.38,0.23,0.23,3,1.5,1,4.05,12,0.49,1,3.84,8.82,NA
75,"2019-02-19","Betrayal HC","Fossil",0.35,2,126.07,1.5,0.5,6.44,4,0.51,106.8,218.4,0.56,4,36.93,146.79,0.2,0.5,3.82,1.31,1,4.35,12,0.5,1,4,8.82,NA
76,"2019-02-20","Betrayal HC","Fossil",0.46,1.98,126.07,1,0.44,6.88,4,0.6,108.25813,218.4,0.50005,4.71,36.93,130.514,0.47,0.5,3.38,1.5,1.77,4.53,12,0.48,1,3.63,8.82,NA
77,"2019-02-21","Betrayal HC","Fossil",0.5,2,123.16,1.6,0.46,7,4,0.59,95.78389,217.14,1,5,44.7,121.913,0.45,0.5,3.45,1.5,1.64606,5,12,0.5,1,4,8.82,NA
78,"2019-02-22","Betrayal HC","Fossil",0.5,1.99,123.16,1.97116,0.43,7.72,4,0.69681,96.04,233.82,1,5,60,51.52,0.4,0.5,3.01515,1.5,1,4.4501,12,0.5,1,3,8.82,NA
79,"2019-02-23","Betrayal HC","Fossil",0.5,2,113.70833,1.9,0.47,7,4,0.89,93.98,232.47,0.87,5,60,52,0.41,0.5,3,1.5,1,4,10.79,0.5,1,3,8.85,NA
80,"2019-02-24","Betrayal HC","Fossil",0.36,2,96.34,2,0.43,7,4,1,93.77,200.18,0.91505,5,60,60.37,0.45,0.5,3,1.5,1.3102,4,10.97,0.5,0.75,3.08,8.85,NA
81,"2019-02-25","Betrayal HC","Fossil",0.43,2,96.18125,2,0.38,7,4.26177,1,92.19786,194.11,1,5,61.87,76.41,0.48,0.5,3.08,1.5,1.5,4.79,11.05,0.5,0.86,3.12,8.85,NA
82,"2019-02-26","Betrayal HC","Fossil",0.35,2,95.8,2,0.37,7,4,1,91.98,194.38,0.8,5,63.59625,78.118,0.43,0.5,3.15,1,1.5,4.16525,11.38,0.5,1,3.09,8.85,NA
83,"2019-02-27","Betrayal HC","Fossil",0.22,1.04,93.65,1.46,0.44,7,1.9,1,108.22,196.05,0.69,5,63.84,79.08,0.37,0.71,3.04,0.92,1,5,11.31,0.5,1,3.14,8.85,NA
84,"2019-02-28","Betrayal HC","Fossil",0.19,1,163.295,1,0.19,8,3.29035,1,108.22,196.151,0.81,5,63.9,79.283,0.36,0.7,3,1.01,1,6.32,11.27,0.46,1,3.33,19.99,NA
85,"2019-03-01","Betrayal HC","Fossil",0.39,1,161.01,1,0.24,7,3,1,125.21,162.02,0.81,5,61.82,78.34,0.37,0.86,3,1.08,1,6,11.38,0.5,1,3.66,15.13,NA
86,"2019-03-02","Betrayal HC","Fossil",0.5,1,163.57,1,0.2,7,3,1,125.21,199.57455,1,5,63.89875,79.41,0.38,0.75,3,1.09,1,5.54,11.38,0.5,1,3,32.98,NA
87,"2019-03-03","Betrayal HC","Fossil",0.5,1,164.7,1,0.2,7,3,1,125.21,198.71,1,5,64.04,77.05,0.37,0.66,3,1.4,1,5.68,11.41,0.5,1,3.09,32.98,NA
88,"2019-03-04","Betrayal HC","Fossil",0.5,1,165.44,1,0.2,7.19,3,1,125.21,198.87,1,5,64.12,77.33,0.39,0.63,3,1.41,1.16,5.19,11.52,0.5,1,3.5,32.98,NA
89,"2019-03-05","Betrayal HC","Fossil",0.5,1,166.93,1,0.21,7.25,3,1,125.21,199.4,0.93,5,96.82,77.91,0.4,0.54,3,1.2,1.16,1.89,11.52,0.5,1,3.41,32.98,NA
1,"2019-09-06","Blight HC","Fossil",0,0,0,0,0,5,0,0,0,NA,0,0,0,0,1,0,0,0,0,5,0,0,0,0,0,0
2,"2019-09-07","Blight HC","Fossil",1,0.76,0,5.3,3,1.04782,3,0,0,NA,1,5,0,0,1,4.1,1,5,3,1,17,1,5,4,0,0
3,"2019-09-08","Blight HC","Fossil",1,3,81.9,8,3,1.46293,3,3.22,97.85,NA,1,5,0,0,1,3,1,4,3,2,13.5,1,5,3,0,0
4,"2019-09-09","Blight HC","Fossil",1,3,81.9,7.98226,6,2,2,3,110.32,NA,1,4.77778,75,170.25,1,2.5,1,4,3,2,10,1,5.43,3,56.26,226.12
5,"2019-09-10","Blight HC","Fossil",1,3,110.07,7,6,2.7903,2,3,101.58,NA,1,5.016,75.54,134.32,1,2.98,1,4,3,3,9,1,7,3,60.24,239.56
6,"2019-09-11","Blight HC","Fossil",1,3,324.47,7,6,3,2,3,99.39,NA,1,8,75.54,103.6575,1,3,1,5,3,4.07449,9,1,7,3,63.51,216.63
7,"2019-09-12","Blight HC","Fossil",1,4,178.71143,7,6,3,2,3,99.18,NA,1,8,74.39,71.95,1,2,1,5,3,5,9,1,9.37862,4,69.7,221.67
8,"2019-09-13","Blight HC","Fossil",1,3,144.76,8,6,3,2.54231,3,96.01,NA,1,7,68.58,75.46,1,2,1,6,3,5,10,1,12,4,30.14875,213.45
9,"2019-09-14","Blight HC","Fossil",1,3,147,8,5,3,2,3,96.23,NA,0.93005,7,65.4,76.26,1,2,1,5,2,5,15.17518,0.95015,12,4,36.582,161.794
10,"2019-09-15","Blight HC","Fossil",1,3,135.49,8,5,3,2,3,85.2,NA,1,7,60,64.12,1,1,1,5,2,5,17,1,11,4,50,179.0375
11,"2019-09-16","Blight HC","Fossil",1,4,142.02,8,5,3,2,2,82.67,NA,1,5.81,49.34,73.01,1,1,1,5,2,5,14,1,9,5,35.13,177.52
12,"2019-09-17","Blight HC","Fossil",1,4,140,8,4.5,3,2.25,2,59,NA,1,5,40,73.722,1,1,1,5,2,5,12,0.88,9,5,30,184.2375
13,"2019-09-18","Blight HC","Fossil",1,4,140.42036,8,4,3,2.18,2,59.25,NA,1,5,40,75.855,1,1,1,5,2,5,10,0.89,9,5,30,179.4
14,"2019-09-19","Blight HC","Fossil",1,4,141.96,8,4,3,3,2,60,NA,1,4.63045,40,78.34769,1,1,1,5,2,5,11.54,0.87,9.97203,5,30,155.98273
15,"2019-09-20","Blight HC","Fossil",1,4,123.03,9,4,3,3,2.06,59.38875,NA,1,5,37.57,75.18,1,1,1,5,2,5,11.35283,1,10,5,25,156.53429
16,"2019-09-21","Blight HC","Fossil",1,4,118.96818,9,4,3,3,2.72,77.21278,NA,1,4.32,35.69,75.18,1,1,1,5,2,5,11.96,0.9,10.18,5,24,89.25
17,"2019-09-22","Blight HC","Fossil",1,4,96.0181,9,4,4,3,3,80.51773,NA,1,5,38.17,70.08,1,1,1,5,3,5,13.13021,1,11.47,5,22.68,83.2925
18,"2019-09-23","Blight HC","Fossil",1,4,100.84,9,4,4,3,3,81.49,NA,1,5,37.45,71.59,1,1,1,5,3,5,13,1,12,5,19.5,80.62
19,"2019-09-24","Blight HC","Fossil",1,4,83.6868,9,4,4,3,3,90,NA,1,5,37.45,72.47,1,1,1,5,2,5.39505,13,1,12.73462,5,18,81.41
20,"2019-09-25","Blight HC","Fossil",1,4,78.23,9,3.81,4,3,3,89.78,NA,1,5,33.09,70.64,1,1,1,5,2,5,13,1,12,5,15,75.54652
21,"2019-09-26","Blight HC","Fossil",1,4,74.62,9,3,4,2.60061,3,88.72,NA,1,5,32.20714,69.5,1,1,1,5,2,5,12.94,0.99,12,5,15,70
22,"2019-09-27","Blight HC","Fossil",1,4,80.99,9,3,4,2,3,76.31,NA,1,5,20,60,1,1,1,5,2,5,13,0.80566,12,5,14.41,55.42
23,"2019-09-28","Blight HC","Fossil",1,4,90,9,3,5,2.22,2.5,76.2,NA,1,5,20,60,1,1,1,5,2,6,13.25,0.5,13,5,14,75
24,"2019-09-29","Blight HC","Fossil",1,4,84.24,9,3,4,3,2,69.3,NA,1,5,20.83,60,0.98,1,1,5,2,6,14,0.37,13,5,14,83.76
25,"2019-09-30","Blight HC","Fossil",1,4,70,9,3,4,3,2,65,NA,1,5,20,60,0.97,1,1,4.62879,2,5.61,14,0.47,13,5,12.12,87.24059
26,"2019-10-01","Blight HC","Fossil",1,4,70,9,3,4,3,2,65,NA,1,5,20,60,1,1,1,5,2,5,13,0.48,14,5,10.03,81.49
27,"2019-10-02","Blight HC","Fossil",1,4,61.14148,9,3,4,3,2,65,NA,1,5,24.24,65.15,1,1,1,5,2,5,13,0.49,14.46909,5,11.82,81.013
28,"2019-10-03","Blight HC","Fossil",1,4,60,9,3,4,3,2,65,NA,1,5,26.48,77.41,1,1.14,1,5,2,5,12.09113,0.49,15,5,11.88,81.19182
29,"2019-10-04","Blight HC","Fossil",1,4,52.12,8,4,4,3,2,69.07,NA,1,5,27.77333,81,1,1.42,1,5,2,5,14.58,0.46,15,5,11.77,81
30,"2019-10-05","Blight HC","Fossil",0.99,4,52.38,8,4,4,3,2,70.69,NA,1,5,81.2225,81.20773,1,1.03,1,5,2,5,14.3,0.48,15,6,12,81.21111
31,"2019-10-06","Blight HC","Fossil",0.99,3,50,8.4604,4,4,3,2,75.23,NA,1,5,81.16,80.79,1.33,2,1,5,2,5,15,0.5,15,6,11.9,81.06
32,"2019-10-07","Blight HC","Fossil",1,3,50,8,4,4,4,2,75.23,NA,1,5,76.93,80.89778,1,2,1,5,2,5,14,0.5,15,6,11.79,81.16
33,"2019-10-08","Blight HC","Fossil",1,3,50,8,4,5,4,2,76.78,NA,1,5.14,76.86,88.84444,1,1.4,1,5,2,5,15,0.5,15,6,11.69,81.27833
34,"2019-10-09","Blight HC","Fossil",1,3,40,8,4,5,4,2,67.8,NA,1,6,80.15,90,1,1.88,1,5,2,5,16,0.5,14,5,12,129.03
35,"2019-10-10","Blight HC","Fossil",1,3,40,8,4,5,4,2,65.41,NA,1,5.64,82.48,82.92,1,1,1,5,2,5.5,15,0.5,14,5,12,121.01
36,"2019-10-11","Blight HC","Fossil",1,3,40,8,3.67505,5,4,2,71.2,NA,1,5.81,82.99,88.1,1,1,1,5,2,5.69,14,0.5,14.39,5,12,125.68
37,"2019-10-12","Blight HC","Fossil",1,3,40,8,4,5,4,2,71.2,NA,1,6,84.61,90,1,1.1,1,5,2,5,15,0.5,15,5,12.54,128.14
38,"2019-10-13","Blight HC","Fossil",1,3,36.27,8,3,5,4,2,75.15,NA,1,5.67,86.01,85.85,1,1,1,5,2,5,14,0.52,12,5,11.15,131.89
39,"2019-10-14","Blight HC","Fossil",0.85,2.92,35,8,4,5,4,2,75.23,NA,1,5,86.6,84.07,1,1,1,5,2,5.54005,13.128,0.53,11,5,10.31,101.15
40,"2019-10-15","Blight HC","Fossil",1,3,30,8,4,5,4,2,82.65154,NA,1,5,85.52,80,1,1,1,5,2,6,13,0.87,11,4.07,10.08,103.76688
41,"2019-10-16","Blight HC","Fossil",1,3,30,8,4,5,4,2,81.18571,NA,1,5,40,80,1,1,1,5,2,6,14,0.64,12,5,11.62,128.98
42,"2019-10-17","Blight HC","Fossil",0.6801,3.04,30,8,4,5,4.31,2,81.55,NA,1,5,88.545,79.07,1,1,1,5,2,6,14.36972,0.5701,12,5,15.06,124.35
43,"2019-10-18","Blight HC","Fossil",0.54,3,30,8,4,5,5,2,88.51,NA,1,5.06,90.5,73.91,1,1,1,5,2,6,15,0.54,12,5,15.06,123.32
44,"2019-10-19","Blight HC","Fossil",0.55,3,30,8,4,5,5,2,80.19,NA,1,5.27988,95.54,68.99,1,1,1,5,2,6.11303,15,0.54,12.47051,5,16.43,123
45,"2019-10-20","Blight HC","Fossil",0.9001,3,30,8,4,5,4,2,101.92,NA,1,5.655,99.27,73.11,1,1,1,5,2,6,15,0.63,13,4.8,16.31,117.98
46,"2019-10-21","Blight HC","Fossil",0.79005,3,29.35,8,4,5,4,2,98.83,NA,1,6,96.79,72.84,1,1,1,5,2,7,15,0.51,13,5,21.27,103.39
47,"2019-10-22","Blight HC","Fossil",0.89,4,28.45,8,4,5,4,2,103.43,NA,1,6,65.78,72.46,1,1,1,5,2,8,15,0.5,13,5,21.27,99.57
48,"2019-10-23","Blight HC","Fossil",1,3.5,28.46,8,4,5,4,2,101.05,NA,1,6,66.94,75.76,1,1,1,5,2,8,15,0.53,13,5,21.07,100
49,"2019-10-24","Blight HC","Fossil",1,3.41517,28.46,7.88,4,5,4,2,98.4,NA,1,6,72.55,78.13,1,1,1,5,2,8,15,0.95,13,4,21.3,98.15042
50,"2019-10-25","Blight HC","Fossil",1,3,28,7.68035,4,5,5,2,96.98,NA,1,6.01,70,79.37,1,1,1,5,2,8,14.58,1,13,5,20.08,96.8
51,"2019-10-26","Blight HC","Fossil",1,3,28,7,4,5,5,2,96.98,NA,1,6,70,78.88,1,1,1,5,2,7,15,1,13,5,20.08,96.98
52,"2019-10-27","Blight HC","Fossil",1,3,28,8,4,4.97015,5,2,96.0325,NA,1,6.53,70,78.88,1,1,1,5,2,7.47015,14.50908,1,13,5,14.41,94.48
53,"2019-10-28","Blight HC","Fossil",1,3,24.92,8,4,5,5,2,94.98,NA,1,7,70,75.17,1,1,1,6,2,7.2801,13.43,1,13,5,14.41,94.98
54,"2019-10-29","Blight HC","Fossil",1,3,24.6,8,4,5,5,2,79.25,NA,1,6,70,75.17,1,1,1,5.61,2,8,15,1,13,5,13.46,92.84
55,"2019-10-30","Blight HC","Fossil",1,3,25,7.9,4,5,5,2,79.79,NA,1,6,67.78,72,1,1,1,5.5,2,7,15,1,13,5,13.54,92.81
56,"2019-10-31","Blight HC","Fossil",1,3,25,7.97,4,5,5,2,79.9,NA,1,6,62.42,75.26,1,1,1,5,2,7,15,1,13,5,12.92,93.26
57,"2019-11-01","Blight HC","Fossil",1,3,25,8,4,4.08005,5,2,79.81,NA,1,6.68,47.39,75,1,1,1,5,2,7,15,1,13,5,12.66,96.56
58,"2019-11-02","Blight HC","Fossil",1,3,25,8,4,5,5,2,78.78,NA,1,7,48.27,69.77,1,1,1,5,2,8,15,1,13,5,12.38,97.81
59,"2019-11-03","Blight HC","Fossil",1,3,24.22,8,4,5,5,2,79.1,NA,1,7,70.45,77.38,1,1,1,5,2,7,14.48,0.99,14,5,12.38,97.09
60,"2019-11-04","Blight HC","Fossil",1,3,22.54,8,4,5,4,2,69.85,NA,1,7,70.45,75.88,1,1,1,5,2,7,14,0.95,14,5,10.62,115.46
61,"2019-11-05","Blight HC","Fossil",1,3,20.96,8,4,5,4,2,76.1,NA,1,7,49.96,74.95,1,1,1,5,2,6.06,13.26,1,14.64,5,10.62,125.12
62,"2019-11-06","Blight HC","Fossil",1,3,20.96,8,4,5,4,2,76.1,NA,1,6.84,40,74.95,1,1,1,5.84,2,7,13.3,1,14.86,5,10.62,127.19
63,"2019-11-07","Blight HC","Fossil",1,3,19.95,8,4,5,4,2,75.14,NA,1,6,40,73.31,1,1,1,5.56,2,7,13,1,15,5,10.64,130.43
64,"2019-11-08","Blight HC","Fossil",1,3,27.1,8,4,4.19,4,2,75.14,NA,1,6,40,73.31,1,1,1,5.43,2,7,13.06,1,15,5,10.75,155.16
65,"2019-11-09","Blight HC","Fossil",1,3,26.62,8,4,4.94,4,2,73.17,NA,1,6,40,70,1,1,1,5,2.23,7,13,0.94,15,5,10.65,152.11
66,"2019-11-10","Blight HC","Fossil",1,3,26.62,7,4,5,4,2,73.17,NA,1,6,40,70,1,1,1,5.40139,2.32431,7,14,1,15,5,12.27,125.8235
67,"2019-11-11","Blight HC","Fossil",1,3,26.62,7,4,4,4,2,81.2,NA,1,6,40,66.14,1,1.02,1,5,2.5,7,14,1,15,5,12.27,124.18
68,"2019-11-12","Blight HC","Fossil",1,3,30,7,4,4,4,2,81.2,NA,1,6.93,40,66.14,1,1.07,1,5,2.77,7,14.07,1,15,5,12.3,124.4
69,"2019-11-13","Blight HC","Fossil",1,2.89,30,8,4,4,4,2,83.25,NA,1,7.51,308.75,60,1,1.07,0.7616,5,2.72,7,14.16,1,13.17,5,12.11,125.7
70,"2019-11-14","Blight HC","Fossil",1,3,30,8,4,5,4,2,83.24,NA,1,7.51,308.75,60,1,1.05,1,5,2.85,7,14,1,13,5,14.91,112.31
71,"2019-11-15","Blight HC","Fossil",1,3,30,8,4,5,4,2,82.6675,NA,1,7.99,2480.1,60,1,1.21,1,5,2.68,7,14.74,1,12,5,15.82,111.88
72,"2019-11-16","Blight HC","Fossil",1,3,30,8,4,5,4.29,2,82.16,NA,1,6.26,2464.8,59.37,1,1.5,1,5,2.57,7,14.01,1,12,5,13.16,108.28
73,"2019-11-17","Blight HC","Fossil",1,3,30,8,4,4.22,5,2,115.51,NA,1,6.03,2475.3,56.24,1,1.31,1,5.03,2,7,13,1,12,5,13.16,110.51
74,"2019-11-18","Blight HC","Fossil",1,3,30,7.7,4.3129,4.28,5,2.89,114.755,NA,1,8,2458.8,56.82,1,1.12,1,5.76,2,6,13,1,11.83,5,12.07,110.51
75,"2019-11-19","Blight HC","Fossil",1,3,30,8,5,4,5.33,3,80.82,NA,1,8,387.94,56.82,1,1.52,1,5.22,2,7,13,1,11.984,5,13.8,112.76
76,"2019-11-20","Blight HC","Fossil",1,3,30,8,5,4,6.25,2.71,108.495,NA,1,8,393.12,56.82,1,1.9,1,5.29,2,7,13,1,10.87,5,13.8,114.79
77,"2019-11-21","Blight HC","Fossil",1,3,30,8,5,4,6.85,2.31,110.49,NA,1,8,2497.8,57.39,1,1.1,1,5,2.89,7.49,15,1,12,5,13.8,114.79
78,"2019-11-22","Blight HC","Fossil",1,3,30,8,5,4,7,2.31,109.27,NA,1,7.96206,2470.2,56.96,1,1.14,1,5,3,7,15,1,11.81,5,13.99,112.91
79,"2019-11-23","Blight HC","Fossil",1,3,82.68,8,5,4,6.85,2.31,109.89,NA,1,7.48,2484.3,56.96,1,1.52,1,5.49,3,7,15,1,11,4.97536,13.99,112.91
80,"2019-11-24","Blight HC","Fossil",1,3,82.68,8,3.71,3.84,7,2.24,107.67,NA,1,7.41,2436.3,55.96,1.17,1,1,6.81,2.67047,6,15,1,12,5,13.99,112.91
81,"2019-11-25","Blight HC","Fossil",1,3,0,8,4.5,4,7,2,106.03,NA,1,7,2397,54.98,1,1,1,7,3,7,15,1,12,5,13.99,92.65
82,"2019-11-26","Blight HC","Fossil",1,3,0,7.93,4.16,4,7,2,106.6825,NA,1,7,2412,49.03,1,1,1,7,3,7,15,1,12,5,13.99,92.72045
83,"2019-11-27","Blight HC","Fossil",1,2.79,0,8,4,3.31,7,2,315.44,NA,1,7.62,2419.8,48.55,1,1,1,5.67,2.59,6.31,13.52,1,12,4.9,13,111.15
84,"2019-11-28","Blight HC","Fossil",1,2.27,0,8,3.78,3,7,2,311.96,NA,1,7.48,0,46.03,1,1,0.9,5.94,2.58,5.9,12.82,1,12,4.84,13,135.47
85,"2019-11-29","Blight HC","Fossil",1,2.23,0,8,4,3,7,2,303.08,NA,1,7,0,45.05,1,1,0.99,7,2,6,13.43,1,13,5,13,133.68
86,"2019-11-30","Blight HC","Fossil",0.92,2.02,0,5.59,4.5,3.91667,6.87,1.99,240.16,NA,1,7,0,59.66,1,1,0.95,7,2.86,5,14,0.93,13,5,13,126.67
87,"2019-12-01","Blight HC","Fossil",0.98,2.01897,0,7,4.21,4,5.61,1.99,241.68,NA,1,7.11,0,78.08667,1,1,0.99,7.13,2.58,5,14,1,13.96,4.98,13,128
88,"2019-12-02","Blight HC","Fossil",1,2,0,7,5,3.32,5.53,1.81,239.16,NA,1,7.2,0,77.15,1,1,1,7.52,3,6,14,1,14,5,13,128
89,"2019-12-03","Blight HC","Fossil",1,2.08,0,7.28,4.92,3,5,1.71,240.68,NA,1,7.03,0,77.64,1,1,1,7.98,2.34,7,14,1,12.18,5,13,132.37
90,"2019-12-04","Blight HC","Fossil",1,2.88429,0,7,4.69,3.37,5,2.18,240.07,NA,1,7.02,0,87.53,1,1,1,8,2.39,7,14,1,13.88,5,13,162.49667
91,"2019-12-05","Blight HC","Fossil",1,2.04,0,7.21,4.12,3.71,4.93,2.4,237.36,NA,1,7,0,87.74,1,1,1,8,2.41,6.94,14,1,14,5,13,164.15
92,"2019-12-06","Blight HC","Fossil",1,3.42,0,7.99406,4.23,3,4.81,2.62,240.18,NA,1,7,0,88.79,1,0.93,1,7.44983,3,6.11,13.47,1,14.8,5,13,165.17
93,"2019-12-07","Blight HC","Fossil",1,3.56,0,7.91,5,3,4.87,2.62,239.67,NA,1,7.34,0,88.6,1,0.94,1,7.94,2.07,6.49,13.24,1,15.38,5,13,164.98
94,"2019-12-08","Blight HC","Fossil",1,3.47,0,7.67259,6,2.09,4.69,2.43,239.97,NA,1,7.58,0,87.82,1,1,1,8,2.1335,7,15.1,1,15.68,5,13,164.34
95,"2019-12-09","Blight HC","Fossil",1,3.49,0,8,4.42,2.11,4.69,2.43,0,NA,1,7.66,0,79.66,1,1,1,7.3,2.08,7,15.1,1,16.18,5.32,13,164.73
1,"2018-08-31","Delve HC","Fossil",0,0,0,0,0,0,0,0,0,0,0,0,0,0,0,0,0,0,0,0,0,0,0,0,0,NA
2,"2018-09-01","Delve HC","Fossil",0,0,0,0,0,0,0,0,0,0,0,0,0,0,0,0,0,0,0,0,0,0,0,0,0,NA
3,"2018-09-02","Delve HC","Fossil",0,0,0,0,0,0,0,0,0,0,0,0,0,0,0,0,0,0,0,0,0,0,0,0,0,NA
4,"2018-09-03","Delve HC","Fossil",0.91184,1,0,3.63,1.9,0.71276,3.35,1,0,0,0.99357,40,0,0,1,0,1,5,2.87,1,12,1,2.67,15,0,NA
5,"2018-09-04","Delve HC","Fossil",0.95051,1.105,0,4,1.24167,0.9501,4,1,0,877.5,1,31.73,40,0,1,8.59,1,3,4,1,12,1.36796,2.67132,14.21,5,NA
6,"2018-09-05","Delve HC","Fossil",0.9901,3,0,4.65325,7,1,3,6.23917,164,764.06667,0.84,24.93833,40,2,0.98,0.6,1,2,9.54296,1.87,12,2,2.67469,20,7.95,NA
7,"2018-09-06","Delve HC","Fossil",0.8702,2,80,3,5,1,3,9.02,164.16667,358.92,0.86,19,40,13.56,1,7.13,1,2,5,2,9,2,2,19.12,10.97,NA
8,"2018-09-07","Delve HC","Fossil",0.8101,1.9001,45,2,4,1,2.97031,6,164.636,102.17,0.8,11.9,38.2,47.53,1,15.51778,1,2.84031,4,3,10,1,2,24.0425,12.71,NA
9,"2018-09-08","Delve HC","Fossil",1,2,45,2,3,1,2,4,143.01,238.75,0.5701,8.04,35,59.42,1,8.42,1,2.59031,4,2.52143,8,1,1.77,25,15.22,NA
10,"2018-09-09","Delve HC","Fossil",0.38,2,36.07,2,3,2,2,3,133.14,201.93125,0.3851,9,36.6,58.27,1,17.07,1,2.5051,4,2.68592,8.66261,1,1,24.6825,17.68,NA
11,"2018-09-10","Delve HC","Fossil",0.49041,2,37.14,2,2.43184,2,2,2.2448,127.39,171.95176,0.4,9,40.34,80.37,1,12.37,1,2.92531,3,3,10,1,1,25,25.00222,NA
12,"2018-09-11","Delve HC","Fossil",0.4251,3,35,2,2.57143,2.99,2,3,123.88,104.88,0.41,8.13878,65,80,1,11.63,1,2.86531,3,3,12,1,2,27.48,27.16,NA
13,"2018-09-12","Delve HC","Fossil",0.44,2.88,34.51,2,2,3,2,2.72,130,123.72375,0.44,8,65,77.73,1.0001,13.3,1,2.11398,3,3,14,1,2,30,25.94,NA
14,"2018-09-13","Delve HC","Fossil",0.74571,3,33.69,2,2.2102,2.9651,2.5402,2.54082,178.1675,129.98,0.89,8,61.98,85.37,1.84531,15,1,3,3,3,13,1.07551,2,50,27.82179,NA
15,"2018-09-14","Delve HC","Fossil",0.74051,3,30,2,2,2.9801,2.96031,2.5,189.16,187.79,0.73082,8,56.24,76.75,1.2901,15,1,3,3,3.0401,11.80204,1.26214,2,39.18,30,NA
16,"2018-09-15","Delve HC","Fossil",0.48,3,30,1.60092,2,3,3,2,178.71,152.34,0.48,8,49.28,75.1,1.5,15,1,3,3,3,11.56,1.5,2.3602,30,25,NA
17,"2018-09-16","Delve HC","Fossil",0.47,3,29,1,2,2.5451,3,2.62571,149.4785,118.05,0.4802,8.86551,59.58,80.41,1,14.14,1,2.6151,3,3,12,1.0202,2.0702,33,25,NA
18,"2018-09-17","Delve HC","Fossil",0.4501,3.5,25,1.7602,2,2.00143,3,2,126.98,100,0.47,8,59.42,57.09688,1.81041,13.58,0.94,2.52,3.5,3,12,1.43051,2,33,23.747,NA
19,"2018-09-18","Delve HC","Fossil",0.4601,2.0501,25,1,2,2,3,2,98.9005,90.35,0.4501,8.7151,54.85,43.13,2,15.99,1,3,3.44061,3,12,1,2,34.44147,21.33,NA
20,"2018-09-19","Delve HC","Fossil",0.5,2.4102,29,1,2,3,3,2.5,99,100,0.61041,9,58.96,36.61923,1.95051,20.92219,1,3,4,3,14,1,2.00214,35,20.06,NA
21,"2018-09-20","Delve HC","Fossil",0.49,4,29,1.31571,2,2.86755,3,3,99,118.49,0.36,9.32,65.05,36.89,2,24.178,1,3,4,3.20531,17.24543,1,3,35,23.00222,NA
22,"2018-09-21","Delve HC","Fossil",0.4102,3.4951,29.63,1,2,3,3,3,99.77,120,0.37,9,75.04,24.88,2,23.58278,1,3,3.7751,3.5,18,1,3,35,21.96,NA
23,"2018-09-22","Delve HC","Fossil",0.3702,4,29.84,1,1.98041,3,3,3,100,115.23,0.4502,9,250,52.64,2,18,1,3,3.36041,3.0051,18,1,2,36.74667,21.96,NA
24,"2018-09-23","Delve HC","Fossil",0.3601,3,34.87684,1,2,3,3,4,99.79,134.29,0.4901,9,250,64.05,2,18,1,3,3.36041,3,16,1,3,39.835,25.16,NA
25,"2018-09-24","Delve HC","Fossil",0.39,3.82061,35.29,1,2,3,3,4,109.56875,112.04,0.39,10.88378,256.41,150.857,2,15.3,1,3,3,2.5,16.00316,1,2.2801,40,20.54,NA
26,"2018-09-25","Delve HC","Fossil",0.4,3,34.3,1,2,3,3,4,109.01,105,0.42,11.64,258.06,172.04,2,18,1,3,3,3,16,0.74,2,40.36,25414.0925,NA
27,"2018-09-26","Delve HC","Fossil",0.4902,3,33.9,1,2,2.75143,2.7302,3,116.2,100,0.5,12,258.15,173.98,2.47102,18,1,3,3,2.74,15.34061,0.6502,2,45.7,30,NA
28,"2018-09-27","Delve HC","Fossil",0.4451,3,40,1,2,3,3,3.64571,208.85,100,0.47,11.31755,215.05,168.65421,2,20,1,3,3,3,15.7502,0.53041,2.89122,45,142.90125,NA
29,"2018-09-28","Delve HC","Fossil",0.48,3,39.48,1,2,3,3,4,218.97929,83.33,0.48,10,247.59125,169.91688,2.2901,24.07,1.17153,3,2.8302,3,16,0.5101,3,43.6,85.32313,NA
30,"2018-09-29","Delve HC","Fossil",0.5,3,38.8,1.41051,2,2.95041,3,3,217.19706,77,0.46,10,259.0225,169.8,2,21.75,1.31031,3,3,3,16,0.46,2.71,45,70,NA
31,"2018-09-30","Delve HC","Fossil",0.45,3,44.9125,1,2,2.95051,3,4,216.67353,67.07,0.4802,10,230.35,153.07053,2,22,1,3,3,2.84031,16,0.5,2.12031,47.59,65,NA
32,"2018-10-01","Delve HC","Fossil",0.44,3,48.13,1.17551,1.8551,3,3,4,184.87882,69.09,0.43,9.85,193.73,154.83238,2,23,1,2.61061,3,2.5651,15.685,0.4802,3,56.63,60,NA
33,"2018-10-02","Delve HC","Fossil",0.4801,3,58.09,2,2,2.90041,3,4,181,70,0.45,8,180.96684,180.03,2,24,1,3,2.9901,2.33,15.85082,0.47,3,54.54579,60,NA
34,"2018-10-03","Delve HC","Fossil",0.45,3,52.84,2,2,2.81041,3,4,184.705,77.504,0.46,8,139.52154,183.38,2,23.46762,1,3,2.5201,2.2001,15.54,0.5,1.88061,50.79564,59.44,NA
35,"2018-10-04","Delve HC","Fossil",0.43,3,50,1.5,2,2.80041,3,4,155.37806,81.77,0.4651,8,98.02,183.5,2,10,1,2.54531,2.37,2,16.77133,0.4402,3,17.5102,55.88,NA
36,"2018-10-05","Delve HC","Fossil",0.43,2.5,50,1.89163,2,1.9502,3,4,145,87.52,0.43,7.92,80,180.49714,2,5,1,2.5,2.19531,2,17,0.43,1.97551,9,55.53,NA
37,"2018-10-06","Delve HC","Fossil",0.4502,1.21531,50,1.0051,2,2.32592,3,4,149.75,102.4484,0.49,8,80,145,2,4,1,2.18551,2,1.98041,17.74186,0.43,2.39531,9,58.22571,NA
38,"2018-10-07","Delve HC","Fossil",0.43,2.26694,50,1.16653,2,2.63551,3,4,130.61,104.52,0.5,8,80,140,2,3.59,1,2.58551,2.09,1.98,19,0.44,2.8202,9,50.98,NA
39,"2018-10-08","Delve HC","Fossil",0.5,2.31571,56.64,1.13,2,2.52551,3,4,109.247,105,0.5,7,80,132.7,2,3.7102,1,2.5,2.5,2,18,0.3502,2.76082,7.21122,50,NA
40,"2018-10-09","Delve HC","Fossil",0.5,2.12092,54.18,1.00122,2,2.5,3.57051,4,107.99593,107.55,0.5,7.56,86.3275,130,2,3.40204,1,2.5002,2.5,2,18,0.5,3.0001,7.5401,50,NA
41,"2018-10-10","Delve HC","Fossil",0.47,2.0751,50,1.96,2,2.6651,3.5251,4,110.53,104.15,0.4751,8,90,121.02,2.3602,3.2651,1,2.5,2.5,2,17,0.4651,2.68143,7,50,NA
42,"2018-10-11","Delve HC","Fossil",0.3851,2.5051,55.69,1.40102,2,2.45102,4,4,110.69,111.52286,0.37,8,90.6,124.60409,1.82041,3.5,0.8802,2.39,2.5,2,18.41878,0.47,3.5,7,50,NA
43,"2018-10-12","Delve HC","Fossil",0.4851,2,79.90727,2,2,2.5,3.44,4,105.1,115.58867,0.47,8.77385,93.34,124.44,2,3.0702,1,2.5,2.63531,2,19,0.47,3.17,6,61.66,NA
44,"2018-10-13","Delve HC","Fossil",0.44,2.05531,74.22,1.9002,1.0951,2.36571,3.28143,4,115.79,118.56536,0.5,9,98.8,120,1.97551,3,1,2.27061,2.5,2,19.20182,0.5,2.42571,6,106.78,NA
45,"2018-10-14","Delve HC","Fossil",0.43,2.64,84.62,1.9551,1.5651,2.1451,3.16,4,114.38,160,0.4751,7.88603,104.5,120,1.57531,3,1,3,2.5,2,19,0.5,3.4402,6,106.78,NA
46,"2018-10-15","Delve HC","Fossil",0.46,2,80,2,1.69694,2.3051,4,4,115.14,150,0.5,8.09103,155.28,121.17,1.2751,3,1,3,2.4951,2,19,0.5,3,6,89.83056,NA
47,"2018-10-16","Delve HC","Fossil",0.39,2.13122,80,1.89,1.27571,3,3.63,4,114.01,150,0.48,8,192.68,128.89,2,3,1,2.5,2.5,1.84531,18.86,0.5,3,6,85,NA
48,"2018-10-17","Delve HC","Fossil",0.5,2.8951,84.09,1.1651,1.5,3,3.55041,4,116.8345,150,0.5,9,194.21,174.83235,1.69061,3,1,2.7502,2.5,1.9951,18.51041,0.5,3.6402,6,89.00824,NA
49,"2018-10-18","Delve HC","Fossil",0.5,2.93,86.95,1.17,1.16112,3,3.54051,4,116.45,150,0.49,8.92,157.15,170.07,2,3.24,1,2.5,2.5,2,19.47214,0.5,4,6,93.268,NA
50,"2018-10-19","Delve HC","Fossil",0.5,2.8102,92.78,2,1,2.97,3.71531,6.58,117,150,0.47,8.8375,167.88515,174,2,3,1,2.5,2.87082,2,20,0.4151,3.95531,6,94.86,NA
51,"2018-10-20","Delve HC","Fossil",0.39,1,105.73,1,1,2.01531,3.98531,12.34115,152.42,150,0.4651,9.24682,169.73,207.7925,2,2.27551,1,2.91061,2.5,2,20,0.43,4,7,96.19,NA
52,"2018-10-21","Delve HC","Fossil",0.44,1,122.61,2,1,2.79633,3.83143,12,105.91,135,0.38551,9.83,165,184.94,2,2,1,2.68143,2.2951,2,20,0.5,4.02041,6.58429,88.34088,NA
53,"2018-10-22","Delve HC","Fossil",0.4651,1.85,162.5,1.53,1,2.49,3.25061,10,105.01,133.18,0.43,9.2,148.13,157.11,1,2,1,2.5,2.5,1.5,20,0.5,4,6.73531,86.7925,NA
54,"2018-10-23","Delve HC","Fossil",0.5,1,166.57,2,1,2.50061,2.70061,10,140,135,0.4502,9.49,148.62,186.77,2.0002,2.24051,1,2.39031,2.83,1.76245,20,0.5,4,6.13092,98.5415,NA
55,"2018-10-24","Delve HC","Fossil",0.34,1,163.71,1.56,1,2.51531,3.14041,10,148.78,134.29438,0.4651,9,165.2,177.56929,2,2,0.96082,2.15,3,1.72,23,0.5,1,7,97.63556,NA
56,"2018-10-25","Delve HC","Fossil",0.42,2,149.71,1.24041,1,3,3.05612,10,152.73,130.89,0.5,9,164.52,180.98765,2,2,1,2,2.71735,1.97041,22.47,0.4051,5,6.5902,89.4,NA
57,"2018-10-26","Delve HC","Fossil",0.5,2,186.45,2.88204,1,2.61531,3.46571,10,159.95,125.96,0.5,9,160.43868,177.15,2,2,1.5,2.19,2.45592,1.84,22.56,0.5,4.08,7,94.49,NA
58,"2018-10-27","Delve HC","Fossil",0.46,0.97,181.88111,2,1,1.9,3.98,10,166.46188,131.3,0.44,9,160,172.145,2,2,0.73,2.5,2.5,1.27,25,0.3751,4.51,7.3451,98.10357,NA
59,"2018-10-28","Delve HC","Fossil",0.5,0.5,178.5,2.09082,0.93,2.09102,3.7,9.56,155,135.65,0.4901,9.12048,157.97,164.18,2,2,0.7901,2,2.54,1.3,25,0.45041,3.41,7.00418,117.76,NA
60,"2018-10-29","Delve HC","Fossil",0.34,1,176.36714,1.4602,1,2.07,3,9.76,150.28,126.47615,0.44,9.74,153.3569,166.58,2,2,1,2,2.37,1,24,0.5,3,5.73224,119.39,NA
61,"2018-10-30","Delve HC","Fossil",0.33,1.67,232.47083,2.0602,1.1,1.93633,3,10,139.79,124.3,0.44531,10,154.67,154.93,2,2,1,2,2.5,1.3302,24,0.5,3.93102,7.33102,163.865,NA
62,"2018-10-31","Delve HC","Fossil",0.35,1,284.6,2.5,1,1.9951,3.5,8.99143,140,131.42,0.5,12,151.45,154.7425,1.95102,2,1,2,2.88551,2,23,0.5,3,7,156.292,NA
63,"2018-11-01","Delve HC","Fossil",0.24531,1,278.955,1.31122,0.9902,2,3.31061,10,140,129.2325,0.34653,13,139.48,190.76,1.4051,2,1,2.27531,2.70184,2,23,0.5,2.92061,7,130.13,NA
64,"2018-11-02","Delve HC","Fossil",0.32,1,266.16,2.5,1,2,3.0302,9.18,142,138.82,0.5,13.77,139.51,188.78,2,2,0.97531,2.34041,3,1.89,22,0.5,3,7,113.26,NA
65,"2018-11-03","Delve HC","Fossil",0.5,2.02,233.941,2,1,2,3,9,142.4025,140.77571,0.5,13.57,139.18,177.23,2,2,1,2,2.97,1.86,22,0.5,3,7,135.45857,NA
66,"2018-11-04","Delve HC","Fossil",0.48,2.65,209.22667,2.0551,1,2.5,3,8,142.2,138.24143,0.4902,13.98538,144.02,212.01167,2,2,1,2,2,2,20,0.48,3.9551,6.16,144.07,NA
67,"2018-11-05","Delve HC","Fossil",0.35,3.17612,216.03,2.46,1,2.5,3,7.19,141.09,140.49,0.5,13,141.3465,214.43,2,2,0.88,2.62531,3,2,20,0.37,4,6,137.82,NA
68,"2018-11-06","Delve HC","Fossil",0.3251,4,221.06,2.5,1,1.96061,3,6.4,138.35,162,0.5,13,137.4,211.91,2,2,0.72041,2,3,2,20,0.32,3.58531,6,134.64,NA
69,"2018-11-07","Delve HC","Fossil",0.47061,3,253.6,2,1,2,3,7.19,129.59,152.82,0.5,13,136,231.25,2,2.64,1,2.5,2.84061,2,20,0.5,3,6,135.55333,NA
70,"2018-11-08","Delve HC","Fossil",0.5,3,219.1,2,1,2,3,6,125.88,140.46688,0.45,13,135.716,227.815,2,3,0.9051,2.5,2.0051,2,20,0.5,3,5.72,134.49,NA
71,"2018-11-09","Delve HC","Fossil",0.5,3,120,2,1,2.66102,3,6,123.96,140.15,0.48,13,100,173.06,2,2.79,1,2,2.6702,2,19,0.5,2.95531,5.72,118,NA
72,"2018-11-10","Delve HC","Fossil",0.49,3,120,2,0.98041,1.98531,3,5.25,122,139.923,0.5,12.05482,111.41,177.97357,2,2,1,2.0302,3,2,18.66,0.5,3,5,106.75286,NA
73,"2018-11-11","Delve HC","Fossil",0.34,3,120,1.08,1,2,3,7.24,126.98,140.77,0.5,12,133.83286,193.581,1.5,2.0051,1,2.3451,2.9151,2.0102,18,0.52531,3.28,5,117.07,NA
74,"2018-11-12","Delve HC","Fossil",0.44,3,120,2,1.41061,2,3.97041,6.4,126.98,120.57,0.47,11.74,132.26,187.49,2,2,1,2.6351,3,2,17,0.63592,3,5,129.83,NA
75,"2018-11-13","Delve HC","Fossil",0.44,3,166.53,2,1.5,2,2.93,7.04,166.16,110.89,0.43,11.73,129.98,204,2,2,1,3,3,1.21,17.83,0.5,3,5,150.57,NA
76,"2018-11-14","Delve HC","Fossil",0.46,2.88,176.5,1.11,1.5,2,3,5.77,250,124.805,0.45,12,162.65,173.99,1,2,1,3,3,1.87041,17,0.32,3,5,130,NA
77,"2018-11-15","Delve HC","Fossil",0.6,3,166.53,0.89,1.7,2,3.04,5.79,239.39,108.15071,0.3951,11.85,185.375,166.71,1,2,1,3,3,1.88,17,0.33,3,5,130,NA
78,"2018-11-16","Delve HC","Fossil",0.55,2.63,205.45,2,1,2.17041,3,5.65,241.18,94.75,0.5,11,185.74167,228.16,2,2,0.86,3,2.96571,2,17.73971,0.68,3,5,130,NA
79,"2018-11-17","Delve HC","Fossil",0.37,2.79,207.716,2,1,2.6902,3.99,5.81,220.64,95.461,0.47,11,204.26429,216.84,1.86776,2,1,3,2.06,2,16.02,0.5,3,5,130,NA
80,"2018-11-18","Delve HC","Fossil",0.62633,3,208.83667,2,1,2,3,5.8,239,126.97,0.5,11,205.37286,185.0975,1.2851,2,1,3,2.91,2,16,0.42,3,5,130,NA
81,"2018-11-19","Delve HC","Fossil",0.79,3,173.26,2,1,2.28,3,5.61,244.87,168.6425,0.56,11,216.48,190.77,1,2,1,3,3,1.92,16,0.35,3,5,130,NA
82,"2018-11-20","Delve HC","Fossil",0.34,2,109.0375,2,1,2,3.2,5.32,240.62,152.88333,0.34,9.98,216.576,152.1325,1.77,2,1,3,2.91,1.54,16.61,1,3,7,130,NA
83,"2018-11-21","Delve HC","Fossil",0.35,2,109.05,2,1,2,3.10244,5,240.62,182.45,0.35,9.82,215.84,152.79,2,2,1,3,2.91,1.54,16.61,1,3,7,130,NA
84,"2018-11-22","Delve HC","Fossil",0.7,2.37,103.057,1.31082,1,2,3,5.43,239,0,1,9.11333,209.2575,159.91,1,2,1,2.41,3,2.67,16.68,0.5,4,7,363.65,NA
85,"2018-11-23","Delve HC","Fossil",0.34,2.56,153.75,1.61,1,2,3,6.87,239,0,0.31,9.24,209.03333,192.31,1,2,1,2,3,1.7401,16.33,0.5,3.89,7,363.075,NA
86,"2018-11-24","Delve HC","Fossil",0.76,2.4,153.69,2,1.19,2,3,7.53,239,0,0.29,8.72,201.8425,197.33,1,2,1,2.88,3,2,18,0.5,3.76422,6,359.65,NA
87,"2018-11-25","Delve HC","Fossil",0.57,5,209.55,2,1.94593,1.3,3.24,7.59,239,0,0.29,8.57,200,234.6,1,2,0.9851,3,2,2,18,0.5,3.84,6.76343,102.21,NA
88,"2018-11-26","Delve HC","Fossil",0.5,2.42,292.04,2,1.08,1,3,7.62,239,0,0.4,9.09,202.25,218.982,1.54,2,1,2.47,2.44041,1.84,17.13,0.5,3,5.15,102.21,NA
89,"2018-11-27","Delve HC","Fossil",0.51,3,219.03,2,1,1,3,9.98,383.1,0,0.45,10,202.25,174.33,1.62,2.23,1,2.65,2.49,1.69,16.87,0.5102,4,5.95,102.21,NA
90,"2018-11-28","Delve HC","Fossil",1.03,1.37,219.03,2,1,2,2.77,9.98,383.4,146.02,0.65,11.09,200,169.94,1.62,2.31,1,2,2.43,2.20408,16.75,0.5,3.39,5,102.21,NA
91,"2018-11-29","Delve HC","Fossil",0.70061,1.92,219.72,0.95,1,1.92,2.97442,7.54,0,0,0.5,10.72,0,164.03333,1.5,2.19,0.79,2,1.79,2.43,16,0.5,3.5,5,73.24,NA
92,"2018-11-30","Delve HC","Fossil",0.84,1.42,270.81,0.9801,1.00143,2,3,10.61,0,0,1,11.09,0,163.46,1.56,2.51,0.83,2,2,2.55,15.9,0.5,3,5,73.17,NA
93,"2018-12-01","Delve HC","Fossil",0.90531,1.73,269.48,1.2002,0.85,2,3,13.27,0,0,0.71,12.31,250,140.96,1.8451,2.5,0.8,2,2,2.22,15.76,0.5751,3.38,5,72.65,NA
94,"2018-12-02","Delve HC","Fossil",1,2,203.66,1,0.85,2,2.54,14.51,0,0,0.62,13,250,140.96,1.91,2.88,0.58,2,2,2,17.61,0.58,3.57,5,72.7,NA
95,"2018-12-03","Delve HC","Fossil",0.83,2,253.33,1,1.72,1.25,2.64,14.42,0,0,0.87,13,250,140.52,1.69,2.91,0.57,1.77,2.4,2,17.87,0.5,3.15,5,0,NA
1,"2019-06-07","Legion HC","Fossil",0,0,0,0,0,1.245,0,0,0,NA,5,0,0,0,10,0,0.705,0,0,1.2225,0,0,0,0,0,0
2,"2019-06-08","Legion HC","Fossil",1,2,67.36,1.84,1.89875,1,2.99833,3,2,NA,1,2.48,0,0,2,1,1,3.73,2.83,2,12,1,3,2.2,0,0
3,"2019-06-09","Legion HC","Fossil",1,2,78.06,2,2,1.44081,2,2.3375,2,NA,1,3.52,0,63.6,1,1,1,4,2,2,5,1,3,2,0,1
4,"2019-06-10","Legion HC","Fossil",1,1.01067,102,3,3,2,2,2.64,413.92,NA,1,2.63013,0,60,2,1,1,4.46,3,2,4,1,6,2,0,1
5,"2019-06-11","Legion HC","Fossil",1,1.98,100,3,2,2,2,2,400,NA,0.98505,2.59,59.2,59.5,2,1,1,5,3,3,4,1,8.95409,2,22,86.1225
6,"2019-06-12","Legion HC","Fossil",1,2,101,4,2,3,2,2,67.03,NA,0.57,3,58,58.22,2,1,1,8,2.26525,4.3004,5,1,8,3,22,85.4
7,"2019-06-13","Legion HC","Fossil",1,1.86,101,4,2.02505,3,2,2,72.11667,NA,0.63505,3,57,50.5,3,1,1,8,2,5,5,1,8,3,20.2,65
8,"2019-06-14","Legion HC","Fossil",1,2,104.7,4,2.5,3,2,1.54,70.23,NA,0.6,3,53,53.3025,2.5402,1,1,7.74826,2,5,5.44669,0.95,9,2.72056,20,76.10444
9,"2019-06-15","Legion HC","Fossil",1,1,104.43,3,2.5,3,2,1.69,57.15346,NA,0.47,3,44,55,2,1,1,8,2,4,7,0.91,9.14,3,9.9,77.52
10,"2019-06-16","Legion HC","Fossil",0.94,1,92.24,3.96,3,3,2,1.90071,57.51,NA,0.5,3.09,38.45,50,3,1,1,8,2,4,7,0.92505,9.06703,3,11.93313,79.73273
11,"2019-06-17","Legion HC","Fossil",1,1,86.88,3,2.5,3,2,2,60.01,NA,0.98,4,35,44.81,3,1,1,8,2,4.5002,7.30357,1,11,2.8801,10,65.61
12,"2019-06-18","Legion HC","Fossil",0.87005,1,84.5,3,2,3,2,1.01,60.52615,NA,0.5,3,34.17357,45,3,1,1,7.49,2,5,15,1,13.48,3,9,51.34
13,"2019-06-19","Legion HC","Fossil",0.95,1,89.31,3,2,3,2.07,1,67.95,NA,0.5,3,34,52.23,3,1,1,7,2,4.5602,13,0.5,14,3,8,38.14
14,"2019-06-20","Legion HC","Fossil",0.94005,1,89.77,3.9202,2,3,3,1,67.78,NA,0.5,3,31.52,54.8,3,1,1,7,2,5,12,0.52,14,3,7.13,38.87
15,"2019-06-21","Legion HC","Fossil",0.96,1,89.85,3,2,3,3,1.24,68.59,NA,0.5,1.95,24.48,61.75,3,1,1,7,2,5,13,0.5,14,3,7,39.79
16,"2019-06-22","Legion HC","Fossil",0.72,1,87.13,3,2,3,3,1.9,76.89333,NA,0.5,2.88,30,63.12,3,1,1,7,2,5,12.77,0.5,14,3,7,42.96
17,"2019-06-23","Legion HC","Fossil",0.96,1,77.57667,3,2,3,3,2,77.92091,NA,0.5,3,30,63.75,3,1,1,7,2,5,13,0.5,14,3,5,47.65
18,"2019-06-24","Legion HC","Fossil",0.96,1,75.01,3.48505,2,4,3,2,85.35767,NA,0.5,3,30,71.47,3,0.99,1,7.5,2,6,12,0.5,15,2.82505,5,54.25
19,"2019-06-25","Legion HC","Fossil",0.64,1,81.4,4,3,4,2.7502,2,78.65944,NA,0.35,4,29,68.55,3,0.9,1,8,2,6,13.50694,0.5,18,3,5,62.45
20,"2019-06-26","Legion HC","Fossil",0.99,1,80.06,4,2,4.72505,3,1.4503,56.75,NA,0.32505,4,29,60.28,3,0.99,1,8,2,6,15,0.5,16,3,5,55.86714
21,"2019-06-27","Legion HC","Fossil",0.89515,1,75.39,4,2,4,3,1,49.67947,NA,0.38,3,29.8,61.58,3,0.99,1,8,2,6,15.85,0.5,15,3,5,50.65
22,"2019-06-28","Legion HC","Fossil",0.8402,1.83,74.99,4,2,4,3,1,45,NA,0.37,3,29.65,66.41,3,1,1,8,1.9801,5.5503,18.85188,0.5,16,3,4.98,134.15
23,"2019-06-29","Legion HC","Fossil",1,2,69.49,4,2,4,3,1,54.7,NA,0.5,3,28.9,68.03,2,1,1,8,2,6,18,0.5,15.8604,3,5.29,165.31
24,"2019-06-30","Legion HC","Fossil",0.99,1,100.08,4.9201,2.3701,4,2,1,61.85769,NA,0.5,3,29,74.49,3,1,1,8,2,5.95005,18,0.5,15,3,5.37,105.03
25,"2019-07-01","Legion HC","Fossil",1,1.71005,178.63,5,2.5,4,2,1,70.175,NA,0.45,3,34.02526,79,3,1,1,8,2,5.24056,18,0.5,15,3,6.97,149.21
26,"2019-07-02","Legion HC","Fossil",1,2,298.88,4.26005,2,4,3,0.9,65.91,NA,0.5,3,34,80,2.99,1,1,8,2,6,18,0.5,14.07045,3,6.54,242.61625
27,"2019-07-03","Legion HC","Fossil",0.97,1.95,312.96,4,2,4,3.4103,1,71.56,NA,0.5,3,29.01,79.99962,3,1,1,8,2,6,17,0.5,15,3,7,229.91
28,"2019-07-04","Legion HC","Fossil",1,1.89,334.4,4,2,4,3,1,73.68,NA,0.5,3,30,95.05875,3,1,1,8,2,6,16,0.5,15,3,7,320.96
29,"2019-07-05","Legion HC","Fossil",1,1,335.008,4,3,4,3,1,74.19,NA,0.5,3,29,152.0475,3,1,0.99,8.5102,2,6,17,0.5,15,3,8.5,335.16727
30,"2019-07-06","Legion HC","Fossil",0.97,1,364.64,4.00364,3,4,3,1,73.15,NA,0.5,3,29.33,150.22778,2.8401,1,1,9,2,6.69025,17,0.5,15,3,10,323.02
31,"2019-07-07","Legion HC","Fossil",1,1.73,373.42,5,3,4,3,1,86.36964,NA,0.5,3,30.75,140.53308,3,1,1,9,2,7,17,0.5,17,3,10,273.95
32,"2019-07-08","Legion HC","Fossil",1,2,378.10667,5,3,4,3,1,86.56,NA,0.5,3,30.83,174.022,3,1,1,9.74005,2,7.78005,17.23965,0.37,17,3,10,310.292
33,"2019-07-09","Legion HC","Fossil",1,2,379.96,6,3,4,3,1,85,NA,0.5,3,30.91,172.69,2.0901,1,1,10,2,8,16.6902,0.47,19,3,10,324.75625
34,"2019-07-10","Legion HC","Fossil",0.8501,2,449.4025,6,3,4,3,1,80.5,NA,0.47,3,30.18,171.74,3,0.93,1,9,2,7.5,15,0.37,18,3,10,328.06857
35,"2019-07-11","Legion HC","Fossil",1,2,587.6,6.35045,2.76,4,3,1.03,82.52,NA,0.37,3,30.73,165.6,3,1,1,9,2,7.33045,15,0.5,18,3,10,385.1225
36,"2019-07-12","Legion HC","Fossil",1,2,615.445,6,2.73,5,3,1,89.17,NA,0.5,3,28.86,167.12,3,1,1,9,2,8,15.18015,0.5,18,3,10,396.96222
37,"2019-07-13","Legion HC","Fossil",0.56,1.85,536.96,7,2,4.9701,3,1,80.8,NA,0.5,3,29.53,162.58,2,1,1,9,2,8,15.12,0.45005,18,3,9.65,373.96
38,"2019-07-14","Legion HC","Fossil",1,2,492.50071,7,3,5,3,1,93.51,NA,0.42505,3,29.57,148.81063,2,1,1,10,2,8,15,0.5,18,3,8.19,374.04
39,"2019-07-15","Legion HC","Fossil",1,2,467.55,7,3,4.81505,3,1,75,NA,0.5,3.58,29.37,156.81,2,1,1,10,2,8,15,0.5,18,3,8.27,331.58
40,"2019-07-16","Legion HC","Fossil",0.52,2,462.11,7,3,4,3,1,82.45,NA,0.49,4,28.7,148.13,2,1,0.90505,10,2,8,15,0.5,18.5402,3,9.6,331.97
41,"2019-07-17","Legion HC","Fossil",0.93,2,425.96091,6.06,3,4,4,1,78.03,NA,0.5,4,28.7,140.98,2,1,0.76,9.8903,2,8,15,0.49,18,3,9.49,282.71
42,"2019-07-18","Legion HC","Fossil",1,2,467.55,6,3,4,4,1,84.28964,NA,0.5,5,28.58,156.415,2,1,0.98,9.8103,3,7,15,0.5,19,3,9.24,280.53
43,"2019-07-19","Legion HC","Fossil",1,2,465.05,6,3,5,4,1,91.22,NA,0.45,5.62,28.99,139.54,1.68,1,0.56,10,2,7.3701,15,0.5,20.97015,3,8.87,280.15
44,"2019-07-20","Legion HC","Fossil",1,2,445.931,5.58,3,4.42035,3.41293,1,90.78067,NA,0.5,6,29.405,137.57885,2,1,0.55005,10,2.82015,8,15,0.46,20.19015,3,9.43,276.03
45,"2019-07-21","Legion HC","Fossil",1,2,362,6,3,4,3.47,1,86.72,NA,0.5,6,29.67,135.68143,2,1,0.69,10,3,8,15,0.5,20,3,8.59,278.305
46,"2019-07-22","Legion HC","Fossil",0.56,2,392.21667,6,3,4,4,1,83.51,NA,0.39,6,31.7,132.15,3,0.99,0.78,10,3,8,15,0.39,20,3,9.31,268.542
47,"2019-07-23","Legion HC","Fossil",0.54,2,407.86,6,3,4,4,1,84.01,NA,0.5,6,29.87,131.26,2.10076,1,0.75,10,3,8,15,0.44,21,3,9.03,298.26
48,"2019-07-24","Legion HC","Fossil",0.5001,2,388.98,6,3,5,4.33,1,82.21,NA,0.5,5,29.87,129.74,2.9002,0.98,0.57,12,2.67,8,15,0.5,21.56,3,9.62,226.8275
49,"2019-07-25","Legion HC","Fossil",0.57505,2,388.98,6,8,5,4,1,80.64,NA,0.5,5,29.55,129.74,3,1,0.86,12,3,8.15,15,0.5,21.49051,3,6.62,237.87
50,"2019-07-26","Legion HC","Fossil",0.91,2,356.27,6,6,5,4.75,1,80.64,NA,0.5,6,29.47,129.88364,2,1,1,12,3,9,15.80225,0.5,21,3,4.94,249.6785
51,"2019-07-27","Legion HC","Fossil",1,2,415.6325,6,6,5,5,1,79.77,NA,0.5,5,30,130.61,3,1,1,12,3,9,16,0.5,23,3,4.21,256.95
52,"2019-07-28","Legion HC","Fossil",1,2,444.88333,6,6,5,5,1,79.66,NA,0.5,5,30,127.53,3,1,1,11,3,9,16.17,0.5,22.24005,3.92,6.59,255.06
53,"2019-07-29","Legion HC","Fossil",1,2,413.89,6,6,5,5,1,79.6,NA,0.37,4,34.58,126.03,2.96005,1,1,10.4801,3,9,16,0.5,22,4,6.1,168.4
54,"2019-07-30","Legion HC","Fossil",1,2,516.245,6,6,5,5,1,82.52,NA,0.37,5,45,177.91,3,1,1,11,3,9,16.36,0.5,21.9701,4,17.9,164.72727
55,"2019-07-31","Legion HC","Fossil",1,2,506.78,6.64,6,5,5,1,80.67,NA,0.39,5,45,208.7075,2.82,1,1,11,3,9,17,0.5,20,4,80.48,148.35
56,"2019-08-01","Legion HC","Fossil",1,2,504.692,6,5,4.29025,5,1,104.2,NA,0.5,5,45,217.13,3,1,1,11,3,9,17.47,0.5,21.7703,4,78.585,157.16
57,"2019-08-02","Legion HC","Fossil",1,2,468.41,7,5,4,5,1,239.07,NA,0.5,5,45,191.752,3,1,1,11,3,8.88,18,0.5,22,4,79.49,158.98
58,"2019-08-03","Legion HC","Fossil",1,2,340.17071,7,5,5,5,1,234,NA,0.5,4.33,45,222.9,3,1,1,10.48005,3,9,19.38,0.5,21,4,16.75,156
59,"2019-08-04","Legion HC","Fossil",1,2,366.32,7,5,5,5,1,381.6,NA,0.5,4.8,45.74,229.53,3,1,1,10,3,9,20,0.5,22,4,16.65,147.35179
60,"2019-08-05","Legion HC","Fossil",1,2.34,303.4,6.62,5,5,5,1,303.4,NA,0.5,4.84463,46.19,189.62,3,1,1,10,3,9,21,0.5,23,4,16.57,147.34643
61,"2019-08-06","Legion HC","Fossil",1,2,302.04,6,5,5,5,1,226.53,NA,0.5,4.78,46.65,180.16,3,1,1,10,3,9,20.48364,0.5,23,4,38.1,139.49
62,"2019-08-07","Legion HC","Fossil",1,2,300.04,6,5,5,5,1,225.03,NA,0.5,4,46.79,175.48,3,1,1,10,3,10,20,0.5,25,4,36.64,139.39
63,"2019-08-08","Legion HC","Fossil",1,2,300.04,7,5,4.59,5,1,229.12,NA,0.5,4.63,46.79,194.34,3,1,1,10,3,10,21.68,0.5,25,4,34.65,118.9
64,"2019-08-09","Legion HC","Fossil",1,2,300.04,7,4.5,4.2402,5,1,225.03,NA,0.5,5,48.38,206.09,3,1,1,10,3,9.21015,20,0.5,26.57062,4,33.14,120.44
65,"2019-08-10","Legion HC","Fossil",1,2,300.04,7,4,5,5,1,225.03,NA,0.5,5,48.5,202.99,3,1,1,10,3,10,20.47755,0.5,27,4,27.53,137
66,"2019-08-11","Legion HC","Fossil",1,2,285.91,7.15212,4,4.6803,5,1,226.53,NA,0.5,5,48.4,203.88,3,1,1,10,3,10,20,0.5,25,4,20,119.044
67,"2019-08-12","Legion HC","Fossil",0.96,2.09,264.36,7.1,4,4,5,1,226.62,NA,0.5,5,48.19,203.88,3,1,1,10,3,9,20,0.5,25,4,31.57,113.26
68,"2019-08-13","Legion HC","Fossil",1,2,251.45,7,4,4,5,1,227.97,NA,0.5,5,49.74,167.1,3,1,1,10,3,9,20,0.5,25,4,31.64,113.98
69,"2019-08-14","Legion HC","Fossil",0.99,2,250.65,7,4,4,5,1,227.97,NA,0.5,5,49.63,163.91,3,1,1,10,3,9,20,0.5,24.22,4,33.27,113.98
70,"2019-08-15","Legion HC","Fossil",0.71,2,272.09,6.85,4,5,5,1,0,NA,0.5,5,49.56,194.2875,2.88505,1,1,10,3,9.62,21,0.5,24,4,33.27,116.61
71,"2019-08-16","Legion HC","Fossil",0.62,2,276.5,6.7,4,4.38045,5,1,0,NA,0.5,5,49.56,197.5,3,1,1,10,3,9,21,0.53,24,4,33.27,118.5
72,"2019-08-17","Legion HC","Fossil",0.79,2,280,7,4,4,5,1,0,NA,0.5,5,49.56,200,2,1,1,10,3,9,20,0.55,24,4,36.58,120
73,"2019-08-18","Legion HC","Fossil",0.94,2,247.78,7,4,4,4,1,50,NA,0.5,5,52.19,181.33,3,1,1,10,3,9,19,0.51,23,4,36.58,107.34
74,"2019-08-19","Legion HC","Fossil",1,2,242.91,7.4,4,4,5,1,50,NA,0.5,5,52.19,182.39,3,1,0.99,10,3,9,18.84,0.5,24,4,19.55,103.65
75,"2019-08-20","Legion HC","Fossil",1,2,245.79,7.33,4,4,5,1,100,NA,0.5,5,62.85,203.4,3,1,1,10,3,8.6,18.51845,0.5,24,4,19.55,108.22
76,"2019-08-21","Legion HC","Fossil",1,2.67,247.42833,7.52,3.81,4,5,1,0,NA,0.52,5,62.85,205.168,2.96,1,1,10,3,9,19,0.5,23,4,17.05,106.35
77,"2019-08-22","Legion HC","Fossil",1,2.89022,249.24,7.16,3.09,4,4.88,1,0,NA,0.5,4.4,62.85,181.889,2.98,1,1,10,3,9,19,0.5,24,3.15,16.57,114
78,"2019-08-23","Legion HC","Fossil",1,2.63,252.5,7.54,3,4,4.05,1,0,NA,0.5,5,60.42,182.57,3,1,1,10,3,8.76,18.59,0.5,23,3,16.57,112.07
79,"2019-08-24","Legion HC","Fossil",1,2,225.97,7,3,4,4,1,0,NA,0.5,4,47.96,183.44,3,0.96,1,10,3,8,18.6,0.52,23,3.04,17.12,111.09
80,"2019-08-25","Legion HC","Fossil",1,2.06,167.06,7.86,3,4,5,1,85.12,NA,0.51,4,52.41,170.42,2.96,0.95,1,10,3,8.07515,17,0.53405,23.27,3,17.12,111.09
81,"2019-08-26","Legion HC","Fossil",1,2,166.705,6.98,3,4,5,1,0,NA,0.5,4,36.99,94.14429,2.93,1,1,10,3,8.29,16.71,0.5,23.5463,3,17.12,102.01
82,"2019-08-27","Legion HC","Fossil",1,2.68,165.6,7,3,4,5,1,0,NA,0.51531,4,36.99,135.70083,2.38,1,1,10,3,8,17,0.52,24,3,17.12,102.01
83,"2019-08-28","Legion HC","Fossil",1,3,168.154,6.61,3,4,5,1,361.48,NA,0.59,4.04,36.99,140.77,2.48915,1,1,9.46,3,8,17.32,0.51,20,3,17.12,102.01
84,"2019-08-29","Legion HC","Fossil",1,3,169.61,6,3,3.83,5,1,368.04,NA,0.98,4,36.99,141.55,3,1,1,8.15,3,8,15.51,0.51,20,3,17.12,102.01
85,"2019-08-30","Legion HC","Fossil",1,3,196.23,5.6,3,3.09,5,1,372.72,NA,1,4,36.5,186.36,2,1,1,8.06,3,7.2,17.17485,0.49,17.61,3.53,17.12,111.09
86,"2019-08-31","Legion HC","Fossil",1,2.98056,196.87625,6,2.94,4,5,1.14,375.84,NA,1,4,35.99,187.92,2.44,1,1,8.65,2.8,7.1,16.21,0.51,20,3.18,17.12,111.09
87,"2019-09-01","Legion HC","Fossil",1,2.5,304.57,6.54,2.66,4,5,1.14,379.76,NA,1,4,35.5,189.88,2.61,1,1,8.62063,1.82,6,15.18,0.54,20,3.18,17.19,111.09
88,"2019-09-02","Legion HC","Fossil",1,2.41,388.92,6.61,2.56,4,5,1,388.92,NA,0.93,4,35.5,194.46,2,1,1,9.84,1.67,6,16.47368,0.55,20,3.15,25.54,120
89,"2019-09-03","Legion HC","Fossil",0,0,0,0,0,0,0,0,0,NA,0,0,0,0,0,0,0,0,0,0,0,0,0,0,0,0
1,"2019-12-13","Metamorph HC","Fossil",1,0,0,0,0,0,0,0,0,NA,0,0,0,0,1,0,0,0,0,0,0,0,0,0,0,0
2,"2019-12-14","Metamorph HC","Fossil",1,0,0,4.66,3,1,4,4,72.6,NA,1,0,0,0,1,1,1,6,2.33,1,0,1,5,3.1,0,0
3,"2019-12-15","Metamorph HC","Fossil",1,3.70063,0,5.69,4.3,2,3.18,4,53.35,NA,1,6,90.24,0,1,1,1,4.91,3.78833,1,2.63,1,4,4.54182,25,0
4,"2019-12-16","Metamorph HC","Fossil",1,3,53.895,5,7,2,3,3.39,52.55,NA,1,5,99,0,1,3,1,4,3,2,4,1,3,3,25,0
5,"2019-12-17","Metamorph HC","Fossil",1,3,54.9,6.51,6,3,3,3.5,52.55,NA,1,5,99,0,1,3,1,4,3,2,4,1,3,4,16,99
6,"2019-12-18","Metamorph HC","Fossil",1,3,60.74,7.44,5,2,3,3.6,73.31,NA,1,4.49,99,64.1,1,2,1,4,3,2.31409,5,1,3,4,20.5,99
7,"2019-12-19","Metamorph HC","Fossil",1,3,90,8,5,3,3,2.01,59.86,NA,1,4,97.35,59.2,1,2,1,4,3,2,5,1,3,5,21.58,97
8,"2019-12-20","Metamorph HC","Fossil",1,4,87.7,8.16743,5,3,2,3,57.38,NA,1,3.88,96.29,55.98,1,2,1,4,3,2,5,1,3,5,20,97
9,"2019-12-21","Metamorph HC","Fossil",1,4,79.77,8,5,3,2,3,55.63,NA,1,3,46.34,53.2475,1,2,1,4,3,3.62,5,1,3,5,12,98
10,"2019-12-22","Metamorph HC","Fossil",1,3.83923,68.59,8,5.58103,3,3,3,62.12,NA,1,3,35,47.59,2,2,1,4,3,4,5,1,3,7.645,12,79.59
11,"2019-12-23","Metamorph HC","Fossil",1,4,61.64,8,6,3.6402,2,2.84,68.01,NA,1,4,30,40,2,2,1,4,3,4,6.20714,1,4,8.71,18.34,91.07
12,"2019-12-24","Metamorph HC","Fossil",1,4,52.38,8.91512,7,3.31005,2,3,67.47,NA,1,4,25,38,2,2,1,4,3,4,8.26,1,4,8,19.24,44.48
13,"2019-12-25","Metamorph HC","Fossil",1,4,59.72,9,7,3.02505,2.1,2.59636,67.47,NA,1,4,23.92,34.99,3,2,1,4.07,3,4,9.11,1,4,7,20,45.53
14,"2019-12-26","Metamorph HC","Fossil",1,4,50.79583,9,7,4,3,2.98038,70,NA,1,4,23.51,36.64,3,1.92,1,4,2.5,4,7.76,1,4,6,20,73.63
15,"2019-12-27","Metamorph HC","Fossil",1,4,50,10,7,3.52015,2.9801,2.74,70,NA,1,5,17.72,38.25,3,1.5,1,4.66333,3,4,6.07914,1,4,7,20,81.08611
16,"2019-12-28","Metamorph HC","Fossil",1,4,49.51,10,7,4,3,2.88267,70,NA,1,5,18.16,46.6,3,1.7701,1,5,2.80566,4,7.12,1,4,7.91247,18.45,61.06
17,"2019-12-29","Metamorph HC","Fossil",1,4,49.69,9.64944,7,4,3,3,58.62,NA,1,4.12,17.98,45.79,3,1,1,5,3,5,10,1,4.35636,7,18.45,87.75
18,"2019-12-30","Metamorph HC","Fossil",1,4,46.17,8,7,4,3,3,70,NA,1,4.66,20,49.50818,3,1.17,1,5,3,5,10,1,5,6,15,59
19,"2019-12-31","Metamorph HC","Fossil",1,4,43.02,8,8,4,3,3,70,NA,1,4,19,44.81,3,2,1,5,3,5,10,1,5,6,15,59
20,"2020-01-01","Metamorph HC","Fossil",1,4,43.5,8,8,4,3,2.95161,70.05,NA,1,4.46,17,46.6,3,2,1,5,3,5,12,1,5.05741,6,15,59
21,"2020-01-02","Metamorph HC","Fossil",1,4,42.47,8,7.5,4,3,3,65.43,NA,1,5,17,49.48,3,2,1,6,3,5,12,0.75,5.89143,6,15,55.99308
22,"2020-01-03","Metamorph HC","Fossil",1,4,40,8,8,4,3,3,68.02,NA,1,5,16.2875,46.10667,3,1.65121,1,6.50776,3,5,12,1,6,7,12.35,42.26
23,"2020-01-04","Metamorph HC","Fossil",1,3.57063,40,8,8,4.76505,3,3,80.18,NA,1,4.82,15.08,43.28,3,1,1,6.68391,3,5,12,1,6,7,11.32,51.15
24,"2020-01-05","Metamorph HC","Fossil",1,4,35,8,8,5,3,3,88.04375,NA,1,4,15.06,53.775,3,1,1,7,3,5,13,0.6,6,7,10.51,57.85875
25,"2020-01-06","Metamorph HC","Fossil",1,4,35,8,8,5,3,3,89.44,NA,1,4,13.58933,52.76,3,1,1,6,3,5,13,0.99,6,7,10,56.82
26,"2020-01-07","Metamorph HC","Fossil",1,4,35,8,9,5,3,3,91.45,NA,1,4,13.5,55.18,3,1,1,6,3,5,13,1,7,7.89869,10,58.68
27,"2020-01-08","Metamorph HC","Fossil",1,4,31.76,8,8.09121,5,3,3,85.93,NA,0.97,4,12.43,66,3,1,1,6,2.49005,5,12,0.77,6,7.5,9.69,62.39
28,"2020-01-09","Metamorph HC","Fossil",1,4,32.02,7,7,5,3,3,89.505,NA,0.96,4,11.31,85.57,3,1,1,5,2,5,12,1,6,7,9.14,78.42
29,"2020-01-10","Metamorph HC","Fossil",1,4,31.33,7,7,5,3,3,88.22,NA,1,4,13.05,85.22,3,1,1,5,2.5,5,12,1,6,7,9.05,81.2
30,"2020-01-11","Metamorph HC","Fossil",1,4,31.43,7,7,5,3,2.98,82.5,NA,1,4,9.61,79.76,3,1,1,5,3,5,12,1,5.26192,7,8.49,96.8355
31,"2020-01-12","Metamorph HC","Fossil",1,4,32.02,7,6,4,3,3,82.35,NA,1,4,14.46,80.62,3,1,1,4.5,3,5,10,1,5,7,8.95,95.16
32,"2020-01-13","Metamorph HC","Fossil",1,4,31.54,7.89035,6,4,3,3,73.86,NA,1,4,14.68,88.17,3,1,1,4.5,3,5,11,1,5,7,10,86.59
33,"2020-01-14","Metamorph HC","Fossil",1,4,35,8,6,5,3,3,71.73,NA,1,4,14.53,60.74,3,1,1,4,2.5,5,11,1,5,7,10,90.33
34,"2020-01-15","Metamorph HC","Fossil",1,4,35,8,5.5,5,3,3,71.49,NA,1,4,13.74,59.94,3,1,1,4,2.5,5,11,1,5,7.1903,9.64,89.51
35,"2020-01-16","Metamorph HC","Fossil",1,4,35,8,5.5,4,3,3,69.59,NA,1,4,10.89,100,3,1,1,3.52505,2.5,4.6202,11,1,5,7.80535,9.65,68.73
36,"2020-01-17","Metamorph HC","Fossil",1,4,31.95,8,5,4.5,3,3,54.66,NA,1,3.55,14.52,87.67,3,1,1,4,2,5,10,1,5,7,9.87,59.56
37,"2020-01-18","Metamorph HC","Fossil",1,4,30,8,5,4.49005,3,3,55,NA,1,4,14.75,68.33,3,1,1,3.5,2,5,10,1,5,6,10,52.34
38,"2020-01-19","Metamorph HC","Fossil",1,4,30,8,5,4,3,3,66.78444,NA,1,4,16.43,60,3,1,1,3.5,2,4.7401,10,1,5,5,10,56.94
39,"2020-01-20","Metamorph HC","Fossil",1,4,30,8,5,4,3,3,65.51,NA,1,4,16.46,59.9,3,1,1,3.32,2,5,10,1,5,6,10,62.49
40,"2020-01-21","Metamorph HC","Fossil",1,4,30,7,5,4.57545,3,3,61.34,NA,1,4,15.05,63.03,3,1,1,3.5,2,5,10,1,5,6,9.15,55.98
41,"2020-01-22","Metamorph HC","Fossil",1,4,30,7,5,4,3,3,61.915,NA,1,4,15,61.5,3,1,1,3.5,2.4701,5,10,1,5,6,9.18,56.31
42,"2020-01-23","Metamorph HC","Fossil",1,4,29.48,6,5,4,3.91,3,59.68,NA,1,4,15,60,3,1,1,3,3,4.88035,10,0.98005,5,6,12.07,55.15
43,"2020-01-24","Metamorph HC","Fossil",1,4,34.79,6,5,4,3,3,59.8,NA,1,4,15,58.27,2,1,1,3,3,4.5,10,1,5,5.85,12.07,55.3
44,"2020-01-25","Metamorph HC","Fossil",1,4,35.32714,6,5,4,3,3,60.53,NA,1,4,15,55,2.25005,1,1,3,3,4.5,10,1,5,6,12.71214,54.59
45,"2020-01-26","Metamorph HC","Fossil",1,4,35,6,5,4.5,3,3,60.38833,NA,1,4,27.88,53.17,3,1,1,3,2.99005,4.9001,10.86,1,5,6,13,54.15861
46,"2020-01-27","Metamorph HC","Fossil",1,3,34.98615,6,5,4,3,3,53.49,NA,1,4,29.61,60,3,1,1,3,2.5,5,11,1,5,5.1,13.82,54.24063
47,"2020-01-28","Metamorph HC","Fossil",1,3,35.68,6,5,4.16025,3,2.25229,54.63,NA,1,4,30,70,3,1,1,3,2,5,11,1,5,5,13.83,54.83
48,"2020-01-29","Metamorph HC","Fossil",1,4,36,6,5,4,3,2.09,57.92,NA,1,4,30,80,3,1,1,3,2,5,10,1,5.77614,5,13.83,56.92382
49,"2020-01-30","Metamorph HC","Fossil",1,4,36,6,5,5,3,2,58.5,NA,1,4,30,80,3,1,1,3,2,5,11,1,6,5,13.83,57.53
50,"2020-01-31","Metamorph HC","Fossil",1,4,36,6,5,5,3,2.02,599.1,NA,1,4,30,80.67455,3,1,1,3,2,5,11,1,6,5.3403,13,59.78
51,"2020-02-01","Metamorph HC","Fossil",1,4,35.18,6,5,5,3,2,278.095,NA,1,4,30,81.19,3.00035,1,1,3.5,2,5,11,1,6,5,13,60.26
52,"2020-02-02","Metamorph HC","Fossil",1,4,35,6,5,5,3,2,311.85,NA,1,4,29.46,77.22,3.90505,1,1,3.5,2,5,11,0.5,5.9461,5,13.54,60
53,"2020-02-03","Metamorph HC","Fossil",1,4,34,6,5.38616,5,4,2,194.94375,NA,1,4,29.46,86.2,4,1,1,4,2,4.7801,11,0.91,6,5,13.54,57.71
54,"2020-02-04","Metamorph HC","Fossil",1,4,34,6,5.9202,5.10126,4,2,137.01833,NA,1,4,30,88.45,3,1,1,4,2,5,11,1,6,5,14,50
55,"2020-02-05","Metamorph HC","Fossil",1,4,34.01,6,5.6201,5,4,2,96.22,NA,1,4,30,93.03,3,1,1,4,2,5,11,1,5.62,5,14,46.49
56,"2020-02-06","Metamorph HC","Fossil",1,4,34.68,6,5,5,4,2,136.86,NA,1,4,30,93.03,3,1,1,4,2,5,11,1,6,5,14,49.18
57,"2020-02-07","Metamorph HC","Fossil",1,4,32.54,6,5.5,5,3.71,2,120.1,NA,1,4,27.5,93.03,3,1,1,4,2,5,12,1,6,5.25,14,49.34
58,"2020-02-08","Metamorph HC","Fossil",1,4,30.52,6,5.5,5,3,2,114.51,NA,1,4,28.64,90.73,3,1,1,4,2,5,11,1,6,5,14,49.34
59,"2020-02-09","Metamorph HC","Fossil",1,4,30,6,5.2502,5,3,2,114.08,NA,1,4,27.07,93.03,3,1,1,4,2,5,11,0.50005,6,5,14,49.55
60,"2020-02-10","Metamorph HC","Fossil",1,4,30,6,5.22,5,3,2,113.6,NA,1,4,27.07,95.36,4,1,1,4,1.53025,5,11,0.5,6,5.35468,14.32,50
61,"2020-02-11","Metamorph HC","Fossil",1,4,30,6,5.66005,5,3,2,118.88,NA,1,4,21.09,97.96,4,1,1,4,2,5,10,0.5,6,5,14.32,50
62,"2020-02-12","Metamorph HC","Fossil",1,3.69,30,6,5.5,5,3,2,118.88,NA,1,4,21.25,98.21,4,1,1,4,2,5,10,1,6,5,14.32,49.71
63,"2020-02-13","Metamorph HC","Fossil",1,4,30,6,5.5,5,3,2,118.48,NA,1,4,25.25,92.83875,4,1,1,4,2,5,9.88,1,6,5,14.32,49.70778
64,"2020-02-14","Metamorph HC","Fossil",1,4,30,6,5.45,5,3,2,109.65,NA,1,4,25.25,94.31143,4,1,1,4,2,5.43111,10,1,6,5,14.22,48.07
65,"2020-02-15","Metamorph HC","Fossil",1,4,24.58,5.5,5,5,3,2,108.67,NA,1,4,30.75,89.34,4,1,1,4,2,6,10,1,6,5,14.22,48.44
66,"2020-02-16","Metamorph HC","Fossil",1,4,24.58,6,5.36939,5,3,2,126.12,NA,1,4,25.92,89.33583,4,1,1,4,2,5,10,1,6,6,65,45
67,"2020-02-17","Metamorph HC","Fossil",1,4,26.45,6,5,4.7102,2.97,2,120.41625,NA,1,4,27.85,97.63,4,1,1,4,2,5,10,1,6,6,65,45
68,"2020-02-18","Metamorph HC","Fossil",1,3,24.5,6,5,4.97,2.99,2,125.435,NA,1,4,27.85,98.28,4,1,1,4,2,5,10,1,6,6,65,46.83
69,"2020-02-19","Metamorph HC","Fossil",1,3,24,6,5,5,2.99,2,130.92,NA,1,3.85,27.85,115.755,4,1,1,4,2,5,10,1,6,6,65,45
70,"2020-02-20","Metamorph HC","Fossil",1,3.02,24,6,5,4.87,2.83,2,130.86875,NA,1,4,27.85,123.89,4,1,1,4,2,5,10,1,6,6,65,45
71,"2020-02-21","Metamorph HC","Fossil",1,3,24,6,5,5,2.74,2,130.25,NA,1,4,28.27,123.9,4,1,1,4,2,5,10,1,6,6,65,45
72,"2020-02-22","Metamorph HC","Fossil",1,3,24.3,6,5,5,2.74,2,157.8,NA,1,4,22.3,105.44,4,1,1,4,2,5,10,1,6.05,6,65,45
73,"2020-02-23","Metamorph HC","Fossil",1,3,24.3,6,5,5,2.64087,2.39,156.3,NA,1,3.55,18.45,119.118,4,1,1,4,2,4,10,1,6.08,6,125.08,45
74,"2020-02-24","Metamorph HC","Fossil",1,3,24.31,6,5,4,2.22,2.138,155.62,NA,1,3.79,27.5,119.9925,4,1,1,4,2,5,10,1,7,6,124.38,45
75,"2020-02-25","Metamorph HC","Fossil",1,3.91,24.31,6,5,4.52,2.32,2.16,159.8,NA,1,3.65143,52.53,106.42,4,1,1,4,2,5,10,1,7,5.41,122.76,45
76,"2020-02-26","Metamorph HC","Fossil",1,3.69,24.31,6,5,4.02,2,2.93,159.72,NA,1,4,52.48,117.12,4,1,1,4,2,5,11,1,6.82,5.24,122.7,45
77,"2020-02-27","Metamorph HC","Fossil",1,3.39,24.31,6,5,4.8402,2,2.9,186.93,NA,1,3.81,62.12667,89.448,4,1,1,4,2,5,11.2,1,6,6,57.5,45
78,"2020-02-28","Metamorph HC","Fossil",1,3,24.22,6,5,4.18596,2,2.72,187.17,NA,1,3.525,62.33,86.62,4,0.98,1,4,2,4.85122,11,1,6,6,52.07,45
79,"2020-02-29","Metamorph HC","Fossil",1,3,29.21,6,5,4,2,2,190.875,NA,1,3.2,63.64,91.09,3.44,1,1,4,2,4.09762,10.54,1,6,6,52.07,45
80,"2020-03-01","Metamorph HC","Fossil",1,3,29.2,6,5,4,2,2,190.5675,NA,1,3.21,63.52125,63.85,4,1,1,4,2,5,10.21,1,6,6,52.07,45
81,"2020-03-02","Metamorph HC","Fossil",1,3.56,29.03,6,5,4,3.24,2,185.88,NA,1,3.14,61.96,86.25,3.58,1,1,4,2,4,10.18,1,6,5.51,52.07,45
82,"2020-03-03","Metamorph HC","Fossil",1,4,62.26,6,5,4,3,2,186.84,NA,1,3.58,62.25625,84.37,4,1,1,4,2,4,9.85333,1,6,5.35,52.07,45
83,"2020-03-04","Metamorph HC","Fossil",1,4,61.805,6.29,5.22,4,3,2,185.415,NA,1,4,61.80125,82,3.52211,1,1,4,2,4.00201,10.35,1,6,6,52.07,48.31
84,"2020-03-05","Metamorph HC","Fossil",1,4,61.8,6,5.6,4,3,2,185.4,NA,1,4,61.79,81.30214,3,1,1,4,2,5,10.23,1,5,5,52.07,57.92
85,"2020-03-06","Metamorph HC","Fossil",1,4,61.75,6,5.72,4,2.78452,2,185.25,NA,1,4,61.75,81.25,3.2,1,1,4,2,4.02,9.99,1,5,5.67793,52.07,57.92
86,"2020-03-07","Metamorph HC","Fossil",1,4,62.1,6,5.68,3.15063,2.68,2,186.525,NA,1,4,62.1,78.85,3.84,1,1,4,2,4,9.76,1,5.4,5.33,52.07,64.76
87,"2020-03-08","Metamorph HC","Fossil",1,4,62.16,6,5.16,3,2.76,2,0,NA,1,4,62.16,75.8,3,1,1,4,2,4.01,8.12,1,5.28,5.26848,51.09,64.76
88,"2020-03-09","Metamorph HC","Fossil",1,3.82,62.95,6,5.17,3,2.77,2,0,NA,1,4,63.51,76.76,2.79535,1,1,4,2,4,8.03,1,5,5.4,51.09,64.76
1,"2019-03-08","Synthesis HC","Fossil",0,0,0,0,0,0,0,0,0,NA,0,0,0,0,0,0,0,0,0,0,0,0,0,0,0,0
2,"2019-03-09","Synthesis HC","Fossil",1,2,0,1.71,1,5,1.1,5,0,NA,2,20,50,0,1,1.836,2,3,1.23846,2,8,1,2,4,0,0
3,"2019-03-10","Synthesis HC","Fossil",1,2,147.34667,2,1,5,3,5,0,NA,1,7.42,65,183.78,1,1,2.85,3,2,2,8,1,2,2.68,98.1,0
4,"2019-03-11","Synthesis HC","Fossil",1,4,136.41429,2,1,7,3,4,50.87,NA,1,5.19,56.46167,114.55,1,1,2.9,3,2,3,7,2,2,2,55,98.95
5,"2019-03-12","Synthesis HC","Fossil",1,4,156,4,1,9,3,3.5,51,NA,1,5,50,90,1,1,3,5,2,4,5,1,2,2,44.5,156
6,"2019-03-13","Synthesis HC","Fossil",1,4,127.58,5,1,9,3,3.5,86.47,NA,1,5,34.54,90,1,1,3,5,2,4,7.17,1,2,2,40,162
7,"2019-03-14","Synthesis HC","Fossil",1,4,97.41125,5,1,9,3,3,76.45571,NA,1,4,30.02,80,1,1,3,5,2,4,13.62,1,2,2,37.27,111.835
8,"2019-03-15","Synthesis HC","Fossil",1,4,142.84,5,1,10.22818,3,2,80,NA,1,4,30.02,79.51,1,1,3,5,2,4,14,1,2,2,33.085,112.89077
9,"2019-03-16","Synthesis HC","Fossil",1,4,158.42333,4,1,11,3,2,70,NA,1,4,39.35,75.35,1,1,3,5,2,4,14,1,1.1601,2,30,117
10,"2019-03-17","Synthesis HC","Fossil",1.6703,4,185.02714,5,1,10.07636,3,2,48,NA,1,4.49,31.36,51.82,1,1,3,5,2,4,14,1,2,2,24,95.84647
11,"2019-03-18","Synthesis HC","Fossil",1.5,4,170,5,1,11,3,2,40,NA,1,5,28.39,50.81,1,1,3,5,2,5,14,1,2,2,17.35,82.07
12,"2019-03-19","Synthesis HC","Fossil",1,4,149.96,5,1,11,3,2,43.43,NA,1,5,28.77,52.03,0.96005,1,3,5,2,5,14,1,1.78,2,14.68667,79.52647
13,"2019-03-20","Synthesis HC","Fossil",1,4,128.08,4,1,11,3.73,2,45.61,NA,1,5,29.21,65,0.9,0.96,3,5,2,5,14,1,1,3,13,76.68
14,"2019-03-21","Synthesis HC","Fossil",1,4,100,4,0.93,11,4,1.85,61.78,NA,0.95005,5,29.97385,66.73714,0.91,0.98,2.8301,5,2,5,15,1,1,2.93,10.25,80
15,"2019-03-22","Synthesis HC","Fossil",1,4,89.75,4,0.92,10.95,4,1,65,NA,1,5,25,60,0.87,1,2.3,5,2,4,15,1,1,3,9,67.82
16,"2019-03-23","Synthesis HC","Fossil",0.94,4,99.4,4,0.88,10.96515,4,1,64.32,NA,1,4,23.10385,65,0.88,0.94,3,5,2,4,15.04018,1,1,3,8.94,72.159
17,"2019-03-24","Synthesis HC","Fossil",0.99,4,90,4,1,10.6201,4,1,65.22,NA,1,4,24.62,64.69,0.86,0.89,3,4,2,5,15.69,1,1,3,7.0225,71.49
18,"2019-03-25","Synthesis HC","Fossil",0.86005,4,77.28,4,0.98,10,4,1,64.33,NA,1,4,30,64.52,0.59,0.86005,3,4,2,5,19,1,1,3,7,75.57
19,"2019-03-26","Synthesis HC","Fossil",0.91,4,62.83,4,0.88,10,4,1,80,NA,1,4,30,65,0.5,0.86,3,4,2,5,19.77,1,1,3,7,80
20,"2019-03-27","Synthesis HC","Fossil",0.98505,4,50,4,0.99,10,4,1,81.62,NA,1,4.15,29.36,65,0.5,1,3,4,2,5,19.88,1,1,3,7,85.96
21,"2019-03-28","Synthesis HC","Fossil",0.88,4,56.88,4,0.88,10,4,1,81.06,NA,1,5,29.6,68.17,0.5,1,3,4,2,5,18,1,1,3,7,85
22,"2019-03-29","Synthesis HC","Fossil",0.86,4,56.88,4,0.86,10,4,1,108.53,NA,1,4.96,31.03,65,0.5,0.86,3,4,2,5,17.65,1,1.41,3,7,85.28
23,"2019-03-30","Synthesis HC","Fossil",0.52,4,65.14,4,0.5,10,4,1,131.48,NA,1,5,31.32,70,0.44,1,3,4,2,5,17,1,1,3,7,91.15
24,"2019-03-31","Synthesis HC","Fossil",0.64,4,67.63,4,0.5,10,4,1,106.22,NA,1,5,60,70,0.5,1,3,4,2,5,18.38,1,1,3,7,102.06
25,"2019-04-01","Synthesis HC","Fossil",0.86,3.81,75,4,0.5,10,4,1,119.76,NA,1,5,60,70,0.5,1,3,4,2,5,20,1,1,3,6.82,112.25375
26,"2019-04-02","Synthesis HC","Fossil",0.72,4,65.79,4,0.5,9.4802,4.05,1,104.08,NA,1,5,56.71,70,0.5,1,3,4.89,2,5,20,1,1,3,6.69,103.58071
27,"2019-04-03","Synthesis HC","Fossil",0.78025,4,68.61,4,0.5,9.2401,5,1,98.19625,NA,1,5,48.43,67.44,0.5,1,3,4.5,2,5,20,1,1,3,6.63,103.426
28,"2019-04-04","Synthesis HC","Fossil",0.65,4,67.94,4,0.5,9.5,5,1,111.6,NA,1,5,44,72.34,0.5,1,2,4,2,5.58,20,1,1,3,6.54,98.43
29,"2019-04-05","Synthesis HC","Fossil",0.51,4,69.06,4,0.5,9,5,1,113.85,NA,1.02,5,44.59,72.6,0.5,0.77,3,4,2,5,20,1,2,3.57,6,159.21
30,"2019-04-06","Synthesis HC","Fossil",0.5,4,69.06,4,0.5,9,5,1,91.15567,NA,1,5,50,79.322,0.5,0.65505,3,4,2,5,20.75,1,1,3,6,170.39
31,"2019-04-07","Synthesis HC","Fossil",0.5,3.2001,75,4,0.5,9,5,1,118.96,NA,1,5,50,79.28,0.5,0.97,3,4,2,5.5,21.21792,1,2,4,5.47,176.12667
32,"2019-04-08","Synthesis HC","Fossil",0.5,4,75,4,0.5,8.83086,5,1,121.47,NA,1,5,49.8,91.4,0.49,0.95005,3,4,2,5.44,20,1,2,3.08,5,266.42
33,"2019-04-09","Synthesis HC","Fossil",0.5,4,75,4,0.5,7.65566,5,1,128.85333,NA,1,5,49.8,76.51,0.44,0.76525,3,4,3,5,20.9907,1,2,4,5,228.18
34,"2019-04-10","Synthesis HC","Fossil",0.5,4,90.7,4,0.43,7.17167,5,1,126.5675,NA,2,5,48.47,132.03,0.5,1,3,4,3,5,21.7,1,2,4.74404,4.82,302.90167
35,"2019-04-11","Synthesis HC","Fossil",0.5,4,148.1,4,0.5,7.5,5,1,109.16,NA,2,5,48,112.1,0.5,1,3,4,4,5,22,1,2,6,5,440
36,"2019-04-12","Synthesis HC","Fossil",0.5,3.6002,186.75,4,0.5,7.8701,5,1,119.64958,NA,2,5,43.47,198.59,0.5,1,3,4,4,5,23.26,1,2,6,5,377.91
37,"2019-04-13","Synthesis HC","Fossil",0.5,4,210.14,4,0.5,8,5,1,153.43796,NA,1.76,5,32.99,226.02,0.5,1,3,4,4,5,24,1,2,6,5,361.51
38,"2019-04-14","Synthesis HC","Fossil",0.5,4,208.98,4,0.5,8,5,1,132.54,NA,1.44005,5,30,220.04,0.5,1,3,4,4.78,5,25,1,2,5.94025,5,361.67
39,"2019-04-15","Synthesis HC","Fossil",0.49,4,211.37,5,0.5,8,5,1,132.76,NA,2,5,30,212.36,0.5,0.87,3,4,3.8002,5,24.51,1,2,6,5.19,442.55
40,"2019-04-16","Synthesis HC","Fossil",0.5,4,221.28,5,0.34,9,5,1,132.76,NA,2,5,32.35,182.41,0.49,1,3,4,3.95025,4,22,1,3,6,5.19,318.1
41,"2019-04-17","Synthesis HC","Fossil",0.5,4,222.12,5,0.34,9,5,1,130.37239,NA,1.5,5,40.43,177.02,0.47,1,3,4,4,5,22,1,3,6,5,398.709
42,"2019-04-18","Synthesis HC","Fossil",0.5,4,221.2,5,0.5,9,5,1,133.47,NA,1,5,36.42,172.4,0.5,0.97,3,4,4,5,23.61,1,2.28005,5,5,381.98
43,"2019-04-19","Synthesis HC","Fossil",0.5,4.23,232.86875,4,0.5,9,5,1,89.65205,NA,1.59,5,30.86,153.49,0.5,0.99,3,4,3.0501,4.8201,25,1,2,5,5,384.63
44,"2019-04-20","Synthesis HC","Fossil",0.5,4,215.19,5,0.5,9,5,1,134.22,NA,1.85,5,35.29,134.22,0.5,1,3,4,3,4.05005,25,1,2.8904,5.76,5,357.92
45,"2019-04-21","Synthesis HC","Fossil",0.48,4,219.26,4.1601,0.5,9,5,1,134.85,NA,1.85,5.18,28.92,139.33107,0.5,1,3,4,3,4.57,25,0.95,3,5.90505,5,359.44
46,"2019-04-22","Synthesis HC","Fossil",0.46,4,214.924,5,0.5,9.6302,5,1.02,134.31,NA,2,6,27.48,131.7,0.48,1,3,4,3.0701,4.80005,25,1,3,6,5.5,333.32571
47,"2019-04-23","Synthesis HC","Fossil",0.44,4,194.01,5,0.5,9,5,1,145.04,NA,2,6,27,126.58,0.48,1,3,4,3.63,5,24.68,0.77,3,6,5.62,246.86083
48,"2019-04-24","Synthesis HC","Fossil",0.22,3.54,162.984,4.81414,0.49,10,5,1,142.92,NA,2,5.15,29.5,153.27,0.5,1,2.5,3.51,4,5,23,1,3,6,5.80333,283.94
49,"2019-04-25","Synthesis HC","Fossil",0.5,4,161.834,5,0.48,10,5.75,1,140,NA,2,5,29.5,149.54,0.5,1,2.96,4,3.66,5,23,1,3,5.51,5.95,267.93
50,"2019-04-26","Synthesis HC","Fossil",0.5,4,161.98333,5,0.5,10,5.96578,1,131.49,NA,2,5.44,28.14,145.95714,0.48,1,2.67,4,4,5,24.7,1,3,5.85,6.44,202.52
51,"2019-04-27","Synthesis HC","Fossil",0.5,4,158.44,5,0.5,11,5.74123,1,130,NA,2,5,30.36,142.09,0.5,1,3,4,4,5,23,1,3,5,6.24,270.96
52,"2019-04-28","Synthesis HC","Fossil",0.5,4,144.11444,5,0.5,10,6,1.19,131.28357,NA,2,6,31.48,110.60944,0.5,1,3,4,4,5,24.73,1,3,5,6.46,309.64333
53,"2019-04-29","Synthesis HC","Fossil",0.5,4,120,5,0.5,10,5.69276,1.22,142.505,NA,2,5,31.48,109.5,0.5,1,3,4,4,5,28,1,3,5,6.63778,249.37
54,"2019-04-30","Synthesis HC","Fossil",0.5,4,115.95,5,0.5,10,5.93,1.37,143.1,NA,2,5,25,105.32,0.5,1,3,4,4,5,27.96,1,3,5,6.74,230.97333
55,"2019-05-01","Synthesis HC","Fossil",0.5,4,115.26,5,0.49,10.63,6,1.57,143.16438,NA,2,5,25,108.75,0.5,1,2,4,4,4.39,26.9,1,2.97,5,8.86,175.3
56,"2019-05-02","Synthesis HC","Fossil",0.5,4,117.3,5,0.5,10.58,6.48,1.67,142.125,NA,1,4.91,25,108.66,0.5,1,2,4,4,5,27.07,1,2.25,5,8.34,174
57,"2019-05-03","Synthesis HC","Fossil",0.5,4,119.65,5,0.5,11,6.4,2,127.43,NA,1.66,4.22,27.55,108.42889,0.5,1,2,3.23,4,5,25,1,2.56,5,7.96,203.07
58,"2019-05-04","Synthesis HC","Fossil",0.5,4,117.73,5,0.48,11,6.32904,2,137.03,NA,2,4,28.67,108.83278,0.5,1,2,3,4,5,25,1,3,5,7.96,164.72583
59,"2019-05-05","Synthesis HC","Fossil",0.5,4,117.44,5,0.5,11,6.73,2.18,127.92,NA,2,4,29.07,109.48,0.51,1,2,3.71,4,5,25,1,3,4,8.4,224.435
60,"2019-05-06","Synthesis HC","Fossil",0.5,4,117.44,5,0.4,11,6.14,2.73,130.31,NA,2,4,29.16,126.5,0.42,1,2,4,4,5,24,1,3,5,8.4,243.25429
61,"2019-05-07","Synthesis HC","Fossil",0.29,4.64,117.44,5,0.24,10,6,2.56,132.61,NA,2.68051,4,29.72,126.74,0.42,1,2,4,4,5,24,1,3,5,8.77,227.165
62,"2019-05-08","Synthesis HC","Fossil",0.21,4,109.77,5,0.49,10,6.11,3,132.61,NA,3,4,29.72,114.73,0.42,1,2,4,3.51,5,25.93556,1,3,5,10,226.82
63,"2019-05-09","Synthesis HC","Fossil",0.37,4.35,110,5,0.44,10,6.52,3,110.81,NA,2.88,4,29.72,116.36,0.45,1,2,4,3,5,24,1,3,5,10,222.15
64,"2019-05-10","Synthesis HC","Fossil",0.43,4,95.67,5,0.39,12.11,6.37,3,94.35,NA,2.0004,4,30,116.15,0.46,1,1.98,4,3,5,20,1,3,5,10,221.37
65,"2019-05-11","Synthesis HC","Fossil",0.38,4.04,90,4.81,0.37,13,6.12,3,74.97,NA,2,4,29.82,117.34125,0.46,0.93,2,4,3,5.33,20,1,3,4.64,10,223.31
66,"2019-05-12","Synthesis HC","Fossil",0.43,4,90,5,0.4,11.52,6.06,3,74.94,NA,2,3.97,29.54227,134.76,0.47,0.91,2,4,3,5,20,1,3,4.69,10,223.19
67,"2019-05-13","Synthesis HC","Fossil",0.43,4,103.58,5,0.41,11.52,6,3,74.91,NA,2,4,29.35,134.77,0.46,0.86,2,4,3,5.09,20,1,3,4.44,10,223.01
68,"2019-05-14","Synthesis HC","Fossil",0.43,4,100.07143,5,0.4,11.42,6.43,3,75.07,NA,2,4,30,129.55,0.46,0.93,2,4,3,5.06,20,1,3,4.35,10,224.05
69,"2019-05-15","Synthesis HC","Fossil",0.47,4,97.88,5,0.41,12.2,6,3,75.09,NA,2.26,3.75,30,129.6625,0.46,0.76,2,4,3,5.09,20,1,3,4,10,224.14
70,"2019-05-16","Synthesis HC","Fossil",0.47,4,95.94,5,0.42,12.54,6,3,75.62,NA,2.49,3.59,40.3,131.56,0.47,0.71,2,4,3,5,20,1,3,4,10,382.55
71,"2019-05-17","Synthesis HC","Fossil",0.48,3.76,95.94,5,0.42,12.12,6,3,75.34,NA,2.53795,3.7,40.3,140.65,0.47,0.67,2,4,3,5,20,1,3,4,10,387.47
72,"2019-05-18","Synthesis HC","Fossil",0.48,3.58,95.94,5,0.41,12.04,5.07,3,75.28,NA,2.57,3.35,36.48,140.59,0.5,0.69,2,4,3,4.78737,19.64,1,2.93,4.06,10,386.44
73,"2019-05-19","Synthesis HC","Fossil",0.5,3.5,95.94,5,0.37,12.26,5,3.71,75.37,NA,2.74,3.06,50,140.9,0.5,0.56,2,4,3,4.2538,19.56,1,2.44,4,10,455.4
74,"2019-05-20","Synthesis HC","Fossil",0.51,3.44,93.98,5,0.38,12,5,3.73,75.7325,NA,2.2,4,50,142.96,0.5,0.75,1.75,4,3,4.15,19.9,1,2.44,4.27,10,464.16
75,"2019-05-21","Synthesis HC","Fossil",0.59,3.11,93.98,5,0.44,11.24,5,3.75,75.66,NA,2,3.07,50,142.64,0.48,0.55,1.45,4,3,5,19.81,1,2.27,4.08,10.44,462.66
76,"2019-05-22","Synthesis HC","Fossil",1,3.7,90,5,0.4,11.33,5,3.75,75.79,NA,2,3.07,50,300,0.48,0.55,1.75,4,3,4.94,19.72,1,2,4.75,10.44,465.06
77,"2019-05-23","Synthesis HC","Fossil",1,3.7,90,5,0.36,11.33,4.94,4.43,77.71,NA,2,4.88,50,300,0.5,0.9,1.64,4,3,4.38,19.54,1,2,4.67,14,465.06
78,"2019-05-24","Synthesis HC","Fossil",0.98,4,90,5,0.62,11.33,5,4.43,77.75,NA,2,5.94,20,0,0.5,0.91,2.61,4,3,4.56,28.1,1,2,4.67,0,117.905
79,"2019-05-25","Synthesis HC","Fossil",0.63,4,0,5,0.65,11,5,4.43,0,NA,2,11.44,20,0,0.44,0.95,2.52,3.86,3,4.56,45,1,2.69,6,0,117.08
80,"2019-05-26","Synthesis HC","Fossil",0.6,4,0,5,0.65,11.13,5,4.43,0,NA,2,11.44,20,0,0.39,0.86,1.99,3.65,3,2.85,45,1,2.52,6.61,0,77.51
81,"2019-05-27","Synthesis HC","Fossil",0.54,4,0,5,0.59,11.03592,5,4.43,0,NA,2,11.44,20,0,0.33,0.86,1.99,3.42,3,3.04,45,1,2.52,6.61,0,78.81
82,"2019-05-28","Synthesis HC","Fossil",0.54,4,0,5,0.58455,11,5,4.95,0,NA,2,11.44,20,0,0.32,0.74,1.9,3.14,3,3.04,45,1,2.52,6.41,0,78.85
83,"2019-05-29","Synthesis HC","Fossil",0.45,4,0,5,0.5,11.2,6.26,4.95,0,NA,2,11.44,20,0,0.31,0.73,1.8,3.14,3,3.08,45,1,2.42,6.22,0,82.54
84,"2019-05-30","Synthesis HC","Fossil",0.7,4,0,5,0.5,10.88,6.26,4.66,0,NA,2,11.44,20,0,0.31,0.73,2.39,3.14,3,5.55,45,1,2.42,6.22,0,83.52
85,"2019-05-31","Synthesis HC","Fossil",0.86,4,245.97,5.39,0.44,10.77,6.26,4.66,0,NA,2,11.44,20,0,0.33,1.32,2.39,1.79,3,5.55,45,1,2.42,6.22,0,81.56
86,"2019-06-01","Synthesis HC","Fossil",0.87,2.8,246.72,5,0.44,10.8,8.4,5.4,0,NA,2,11.44,20,0,0.32,1.43,2.64,1.61,3,5.66,45,1,2.42,6.22,0,82.24
87,"2019-06-02","Synthesis HC","Fossil",0.741,2.21,268.86,5,40,11.13,8.63,5.4,0,NA,2,11.87,20,0,0.4,2.21,3,1.61,3,6.54,48.71,1,2.32,6.22,0,89.62
88,"2019-06-03","Synthesis HC","Fossil",0.75,2.25,274.17,5,40,10.51,8.85,5.63,0,NA,2,15,20,0,0.49,2.32,3.65,1.53,3.87,6.66,48.27,1,2.43,8,0,91.39
89,"2019-06-04","Synthesis HC","Fossil",0,0,0,0,0,0,0,0,0,NA,0,0,0,0,0,0,0,0,0,0,0,0,0,0,0,0
