"Day","Date","League","Type","Booming.Populace","Booming.Populace_1","Booming.Populace_10","Booming.Populace_11","Booming.Populace_12","Booming.Populace_13","Booming.Populace_14","Booming.Populace_2","Booming.Populace_3","Booming.Populace_4","Booming.Populace_5","Booming.Populace_6","Booming.Populace_7","Booming.Populace_8","Booming.Populace_9","Irresistable.Temptation","Irresistable.Temptation_1","Irresistable.Temptation_10","Irresistable.Temptation_11","Irresistable.Temptation_12","Irresistable.Temptation_13","Irresistable.Temptation_14","Irresistable.Temptation_15","Irresistable.Temptation_16","Irresistable.Temptation_17","Irresistable.Temptation_18","Irresistable.Temptation_2","Irresistable.Temptation_3","Irresistable.Temptation_4","Irresistable.Temptation_5","Irresistable.Temptation_6","Irresistable.Temptation_7","Irresistable.Temptation_8","Irresistable.Temptation_9","Misinformation","Misinformation_1","Misinformation_10","Misinformation_11","Misinformation_2","Misinformation_3","Misinformation_4","Misinformation_5","Misinformation_6","Misinformation_7","Misinformation_8","Misinformation_9","Stalwart.Defenders","Stalwart.Defenders_1","Stalwart.Defenders_10","Stalwart.Defenders_11","Stalwart.Defenders_12","Stalwart.Defenders_2","Stalwart.Defenders_3","Stalwart.Defenders_4","Stalwart.Defenders_5","Stalwart.Defenders_6","Stalwart.Defenders_7","Stalwart.Defenders_8","Stalwart.Defenders_9","Territories.Unknown","Territories.Unknown_1","Territories.Unknown_10","Territories.Unknown_11","Territories.Unknown_12","Territories.Unknown_13","Territories.Unknown_14","Territories.Unknown_15","Territories.Unknown_16","Territories.Unknown_17","Territories.Unknown_18","Territories.Unknown_2","Territories.Unknown_3","Territories.Unknown_4","Territories.Unknown_5","Territories.Unknown_6","Territories.Unknown_7","Territories.Unknown_8","Territories.Unknown_9","Terror","Terror_1","Terror_10","Terror_11","Terror_12","Terror_2","Terror_3","Terror_4","Terror_5","Terror_6","Terror_7","Terror_8","Terror_9","War.Among.the.Stars","War.Among.the.Stars_1","War.Among.the.Stars_10","War.Among.the.Stars_2","War.Among.the.Stars_3","War.Among.the.Stars_4","War.Among.the.Stars_5","War.Among.the.Stars_6","War.Among.the.Stars_7","War.Among.the.Stars_8","War.Among.the.Stars_9"
1,"2019-12-13","Metamorph","Watchstone",0,0,0,0,0,0,0,0,0,0,0,0,0,0,0,0,0,0,0,0,0,0,0,0,0,0,0,0,0,0,0,0,0,0,0,0,0,0,0,0,0,0,0,0,0,0,0,0,0,0,0,0,0,0,0,0,0,0,0,0,0,0,0,0,0,0,0,0,0,0,0,0,0,0,0,0,0,0,0,0,0,0,0,0,0,0,0,0,0,0,0,0,0,0,0,0,0,0,0,0,0,0
2,"2019-12-14","Metamorph","Watchstone",0,0,0,0,0,0,0,0,0,0,0,0,0,0,0,0,0,0,0,0,0,0,0,0,0,0,0,0,0,0,0,0,0,0,0,0,0,0,0,0,0,0,0,0,0,0,0,0,0,0,0,0,0,0,0,0,0,0,0,0,0,0,0,0,0,0,0,0,0,0,0,0,0,0,0,0,0,0,0,0,0,0,0,0,0,0,0,0,0,0,0,0,0,0,0,0,0,0,0,0,0,0
3,"2019-12-15","Metamorph","Watchstone",0,0,0,0,0,0,0,0,0,0,0,0,0,0,0,0,0,0,0,0,0,0,0,0,0,0,0,0,0,0,0,0,0,0,0,0,0,0,0,0,0,0,0,0,0,0,0,0,0,0,0,0,0,0,0,0,0,0,0,0,0,0,0,0,0,0,0,0,0,0,0,0,0,0,0,0,0,0,0,0,0,0,0,0,0,0,0,0,0,0,0,0,0,0,0,0,0,0,0,0,0,0
4,"2019-12-16","Metamorph","Watchstone",0,0,0,0,0,0,0,0,0,0,0,0,0,0,0,0,0,0,0,0,0,0,0,0,0,0,0,0,0,0,0,0,0,0,0,0,0,0,0,0,0,0,0,0,0,0,0,0,0,0,0,0,0,0,0,0,0,0,0,0,0,0,0,0,0,0,0,0,0,0,0,0,0,0,0,0,0,0,0,0,0,0,0,0,0,0,0,0,0,0,0,0,0,0,0,0,0,0,0,0,0,0
5,"2019-12-17","Metamorph","Watchstone",0,0,0,0,0,0,0,0,0,0,0,0,0,0,0,0,0,0,0,0,0,0,0,0,0,0,0,0,0,0,0,0,0,0,0,0,0,0,0,0,0,0,0,0,0,0,0,0,0,0,0,0,0,0,0,0,0,0,0,0,0,0,0,0,0,0,0,0,0,0,0,0,0,0,0,0,0,0,0,0,0,0,0,0,0,0,0,0,0,0,0,0,0,0,0,0,0,0,0,0,0,0
6,"2019-12-18","Metamorph","Watchstone",0,0,0,0,0,0,0,0,0,0,0,0,0,0,0,0,0,0,0,0,0,0,0,0,0,0,0,0,0,0,0,0,0,0,0,0,0,0,0,0,0,0,0,0,0,0,0,0,0,0,0,0,0,0,0,0,0,0,0,0,0,0,0,0,0,0,0,0,0,0,0,0,0,0,0,0,0,0,0,0,0,0,0,0,0,0,0,0,0,0,0,0,0,0,0,0,0,0,0,0,0,0
7,"2019-12-19","Metamorph","Watchstone",0,0,0,0,0,0,0,0,0,0,0,0,0,0,0,0,0,0,0,0,0,0,0,0,0,0,0,0,0,0,0,0,0,0,0,0,0,0,0,0,0,0,0,0,0,0,0,0,0,0,0,0,0,0,0,0,0,0,0,0,0,0,0,0,0,0,0,0,0,0,0,0,0,0,0,0,0,0,0,0,0,0,0,0,0,0,0,0,0,0,0,0,0,0,0,0,0,0,0,0,0,0
8,"2019-12-20","Metamorph","Watchstone",0,0,0,0,0,0,0,0,0,0,0,0,0,0,0,0,0,0,0,0,0,0,0,0,0,0,0,0,0,0,0,0,0,0,0,0,0,0,0,0,0,0,0,0,0,0,0,0,0,0,0,0,0,0,0,0,0,0,0,0,0,0,0,0,0,0,0,0,0,0,0,0,0,0,0,0,0,0,0,0,0,0,0,0,0,0,0,0,0,0,0,0,0,0,0,0,0,0,0,0,0,0
9,"2019-12-21","Metamorph","Watchstone",0,0,0,0,0,0,0,0,0,0,0,0,0,0,0,0,0,0,0,0,0,0,0,0,0,0,0,0,0,0,0,0,0,0,0,0,0,0,0,0,0,0,0,0,0,0,0,0,0,0,0,0,0,0,0,0,0,0,0,0,0,0,0,0,0,0,0,0,0,0,0,0,0,0,0,0,0,0,0,0,0,0,0,0,0,0,0,0,0,0,0,0,0,0,0,0,0,0,0,0,0,0
10,"2019-12-22","Metamorph","Watchstone",0,0,0,0,0,0,0,0,0,0,0,0,0,0,0,0,0,0,0,0,0,0,0,0,0,0,0,0,0,0,0,0,0,0,0,0,0,0,0,0,0,0,0,0,0,0,0,0,0,0,0,0,0,0,0,0,0,0,0,0,0,0,0,0,0,0,0,0,0,0,0,0,0,0,0,0,0,0,0,0,0,0,0,0,0,0,0,0,0,0,0,0,0,0,0,0,0,0,0,0,0,0
11,"2019-12-23","Metamorph","Watchstone",0,0,0,0,0,0,0,0,0,0,0,0,0,0,0,0,0,0,0,0,0,0,0,0,0,0,0,0,0,0,0,0,0,0,0,0,0,0,0,0,0,0,0,0,0,0,0,0,0,0,0,0,0,0,0,0,0,0,0,0,0,0,0,0,0,0,0,0,0,0,0,0,0,0,0,0,0,0,0,0,0,0,0,0,0,0,0,0,0,0,0,0,0,0,0,0,0,0,0,0,0,0
12,"2019-12-24","Metamorph","Watchstone",0,0,0,0,0,0,0,0,0,0,0,0,0,0,0,0,0,0,0,0,0,0,0,0,0,0,0,0,0,0,0,0,0,0,0,0,0,0,0,0,0,0,0,0,0,0,0,0,0,0,0,0,0,0,0,0,0,0,0,0,0,0,0,0,0,0,0,0,0,0,0,0,0,0,0,0,0,0,0,0,0,0,0,0,0,0,0,0,0,0,0,0,0,0,0,0,0,0,0,0,0,0
13,"2019-12-25","Metamorph","Watchstone",0,0,0,0,0,0,0,0,0,0,0,0,0,0,0,0,0,0,0,0,0,0,0,0,0,0,0,0,0,0,0,0,0,0,0,0,0,0,0,0,0,0,0,0,0,0,0,0,0,0,0,0,0,0,0,0,0,0,0,0,0,0,0,0,0,0,0,0,0,0,0,0,0,0,0,0,0,0,0,0,0,0,0,0,0,0,0,0,0,0,0,0,0,0,0,0,0,0,0,0,0,0
14,"2019-12-26","Metamorph","Watchstone",0,0,0,0,0,0,0,0,0,0,0,0,0,0,0,0,0,0,0,0,0,0,0,0,0,0,0,0,0,0,0,0,0,0,0,0,0,0,0,0,0,0,0,0,0,0,0,0,0,0,0,0,0,0,0,0,0,0,0,0,0,0,0,0,0,0,0,0,0,0,0,0,0,0,0,0,0,0,0,0,0,0,0,0,0,0,0,0,0,0,0,0,0,0,0,0,0,0,0,0,0,0
15,"2019-12-27","Metamorph","Watchstone",0,0,0,0,0,0,0,0,0,0,0,0,0,0,0,0,0,0,0,0,0,0,0,0,0,0,0,0,0,0,0,0,0,0,0,0,0,0,0,0,0,0,0,0,0,0,0,0,0,0,0,0,0,0,0,0,0,0,0,0,0,0,0,0,0,0,0,0,0,0,0,0,0,0,0,0,0,0,0,0,0,0,0,0,0,0,0,0,0,0,0,0,0,0,0,0,0,0,0,0,0,0
16,"2019-12-28","Metamorph","Watchstone",0,0,0,0,0,0,0,0,0,0,0,0,0,0,0,0,0,0,0,0,0,0,0,0,0,0,0,0,0,0,0,0,0,0,0,0,0,0,0,0,0,0,0,0,0,0,0,0,0,0,0,0,0,0,0,0,0,0,0,0,0,0,0,0,0,0,0,0,0,0,0,0,0,0,0,0,0,0,0,0,0,0,0,0,0,0,0,0,0,0,0,0,0,0,0,0,0,0,0,0,0,0
17,"2019-12-29","Metamorph","Watchstone",0,0,0,0,0,0,0,0,0,0,0,0,0,0,0,0,0,0,0,0,0,0,0,0,0,0,0,0,0,0,0,0,0,0,0,0,0,0,0,0,0,0,0,0,0,0,0,0,0,0,0,0,0,0,0,0,0,0,0,0,0,0,0,0,0,0,0,0,0,0,0,0,0,0,0,0,0,0,0,0,0,0,0,0,0,0,0,0,0,0,0,0,0,0,0,0,0,0,0,0,0,0
18,"2019-12-30","Metamorph","Watchstone",25,0,0,0,0,0,0,0,0,0,0,0,0,0,0,20,0,0,0,0,0,0,0,0,0,0,0,0,0,0,0,0,0,0,117.94625,0,0,0,0,0,0,0,0,0,0,0,34.76483,0,0,0,0,0,0,0,0,0,0,0,0,20,0,0,0,0,0,0,0,0,0,0,0,0,0,0,0,0,0,0,35.7648,0,0,0,0,0,0,0,0,0,0,0,0,26.88254,0,0,0,0,0,0,0,0,0,0
19,"2019-12-31","Metamorph","Watchstone",22.30141,0,0,0,0,0,0,0,0,0,0,0,0,0,0,20,0,0,0,0,0,0,0,0,0,0,0,0,0,0,0,0,0,0,162.55574,0,0,0,0,0,0,0,0,0,0,0,66.72939,0,0,0,0,0,0,0,0,0,0,0,0,20,0,0,0,0,0,0,0,0,0,0,0,0,0,0,0,0,0,0,50,0,0,0,0,0,0,0,0,0,0,0,0,25.48449,0,0,0,0,0,0,0,0,0,0
20,"2020-01-01","Metamorph","Watchstone",20,0,0,0,0,0,0,0,0,0,0,0,0,0,0,20,0,0,0,0,0,0,0,0,0,0,0,0,0,0,0,0,0,0,119.88985,0,0,0,0,0,0,0,0,0,0,0,60.00232,0,0,0,0,0,0,0,0,0,0,0,0,20,0,0,0,0,0,0,0,0,0,0,0,0,0,0,0,0,0,0,50.00333,0,0,0,0,0,0,0,0,0,0,0,0,25,0,0,0,0,0,0,0,0,0,0
21,"2020-01-02","Metamorph","Watchstone",20,0,0,0,0,0,0,0,0,0,0,0,0,0,0,18,0,0,0,0,0,0,0,0,0,0,0,0,0,0,0,0,0,0,63.53207,0,0,0,0,0,0,0,0,0,0,0,39,0,0,0,0,0,0,0,0,0,0,0,0,18,0,0,0,0,0,0,0,0,0,0,0,0,0,0,0,0,0,0,30,0,0,0,0,0,0,0,0,0,0,0,0,20,0,0,0,0,0,0,0,0,0,0
22,"2020-01-03","Metamorph","Watchstone",19.6001,0,0,0,0,0,0,0,0,0,0,0,0,0,0,15,0,0,0,0,0,0,0,0,0,0,0,0,0,0,0,0,0,0,50,0,0,0,0,0,0,0,0,0,0,0,19.19,0,0,0,0,0,0,0,0,0,0,0,0,15,0,0,0,0,0,0,0,0,0,0,0,0,0,0,0,0,0,0,20,0,0,0,0,0,0,0,0,0,0,0,0,19.85066,0,0,0,0,0,0,0,0,0,0
23,"2020-01-04","Metamorph","Watchstone",15,0,0,0,0,0,0,0,0,0,0,0,0,0,0,14,0,0,0,0,0,0,0,0,0,0,0,0,0,0,0,0,0,0,35.56566,0,0,0,0,0,0,0,0,0,0,0,21.95121,0,0,0,0,0,0,0,0,0,0,0,0,14,0,0,0,0,0,0,0,0,0,0,0,0,0,0,0,0,0,0,20,0,0,0,0,0,0,0,0,0,0,0,0,15,0,0,0,0,0,0,0,0,0,0
24,"2020-01-05","Metamorph","Watchstone",14.5902,0,0,0,0,0,0,0,0,0,0,0,0,0,0,12,0,0,0,0,0,0,0,0,0,0,0,0,0,0,0,0,0,0,30,0,0,0,0,0,0,0,0,0,0,0,30,0,0,0,0,0,0,0,0,0,0,0,0,12,0,0,0,0,0,0,0,0,0,0,0,0,0,0,0,0,0,0,33.19071,0,0,0,0,0,0,0,0,0,0,0,0,14,0,0,0,0,0,0,0,0,0,0
25,"2020-01-06","Metamorph","Watchstone",15,30,35,0,0,0,16.40299,20,0,0,0,0,0,0,12,10,21.09,0,0,0,11,10.22,12,13,18.07,11,0,10,0,30,15,0,0,0,45.63051,27.01,210.31,150,0,0,90,117.005,117.005,100,100,110,29.22051,20.375,120,0,99.4135,25.438,0,40,70.2,41.09,50,0,116.84,10,0,0,0,20,45,0,0,20,26,11,0,117.005,13,0,0,0,0,0,20,16.0925,84.36,0,60,20.96875,40,0,30,40,38.7,0,66.17,14,11.83,29.62232,0,0,25,0,0,50,45.45,0
26,"2020-01-07","Metamorph","Watchstone",0,30,35,30,9,2330.7,15,6.5,12,0,14,0,0,8,12,0,18.4,0,0,15,12,10.44,11.31,12.4,13,10.4603,0,9.1,13.22,30,15,0,0,20,0,24.73333,142.07,150,39.65,0,90,116.5,116.5,100,90,93.27,0,20,120,116.31,90,20,30.8,35,69.92,42.17,50,0,116.4,0,50,10,117.09,21.09,16.55,10.21,20,15,11.03143,11,15,147.61,13,0,10,0,10,10,0,15,80,61,60,19.01,23.1,45,30,33.24,40.4,74.9,56.6,0,12.19,20,20,0,25,15.21,20,21.96,26.828,2324.4
27,"2020-01-08","Metamorph","Watchstone",0,30,15.03,13,65,238.355,15,8.17,12,0,21.64,0,0,0,20,0,18.4,10,15,27,12,27.72,12.65,13.41,14.28,10,5,10.22,13.22,25,15,20,0,20,0,29.42,142.07,111.41,39.32,0,0,110.26,110.26,90,110.54,94.34,0,16.08,91,110.45,80,18.09,26.06,40,66.16,40,89,60,71.79,0,14,8,66.04,21.52,21.52,11.52,11.9,15,18.21,11.44525,15,140.29,13,110.25,10,10,8,20.95,0,15,73,70,50,18,23.8,45,31.64,50,35.7,50.03,43.04,0,14.41,20,18.41,90,18.25,15.32,20,18.5,30.21,42.07
28,"2020-01-09","Metamorph","Watchstone",0,16.42,27.32,25,17,239.98,15,16.01,12,0,21.64,0,100,0,0,0,18.42,0,15,24,12.87,25,12.65,10.59,14.63,11,0,15.42,13.33,25,15,6.9,0,8.3,0,25.54154,202.24,130,42.84,51,0,78.17,82,0,110,93.24,0,20,75.24,79,79,16.58,19.75,40,56.2225,22.5,54.14,60,71.57,0,50,0,554.95,20.87,21.52,11.52,12.04,11,12,10,15,140.5275,0,110.99,10.54,0,12,15.42,0,15,57.27,70,49.92576,17.42,41.08,45,31.64,35.94,35.7,30.91,61.57,0,14,20,18.22,75,26.09,16.41,0,18.5,26.27,33.98
29,"2020-01-10","Metamorph","Watchstone",0,16.42,111.49,25,90,20,14.67015,16.01,10,30,21.64,13,30,0,0,0,18.42,10,15,24,12.87,11.5,11,10.59,11.95,10,0,13.26,13.33,25,15,11.4,11,8.57,0,28.77,123.04,106.45571,31.54,46.88,0,111.49,84.02,75,90,101.05,0,15,75.24,75.54,75,18.55,17.9,0,66.89,0,32.5,50,78.04,0,50,0,65.64,20.87,13.98,10.32,15.41,55,12,10,15,52.45667,0,111.49,10.54,11,0,15.42,0,15,66.2,41.08,48,19.99,30,22.07,36,31.52,60,27.98,61.57,0,13.21,19,15.94,65,35,13.82,236.48,18.5,18.6,25.97
30,"2020-01-11","Metamorph","Watchstone",0,18.02,113,26.57,15,31.59,14.76081,12.01,10,30,21.64,13.22,16.5,14,12,0,12.35,10,10.5,15.7,14.64,12.94,9.59,14.99,10,10,0,13.26,13,25,15,15,30,7.84,0,25,118.22,105.48268,28.52,45,50,86.57,80,75,90,100,0,15,53.1,76.1,70,20,18.91,0,67.07,0,35.31,50,60,0,23,0,10.2,25.42,13.98,11.52,13.09,10.27333,10.58,10,10.5,53.05,0,113,10.54,0,0,15.42,0,15.50947,53.98,37.34,40,20,29.37,31.5,35.54,32.07,60,27.98,60,0,10.03,14.73136,8.38,50,35,14.26,239.5,15,13.97,22.04
31,"2020-01-12","Metamorph","Watchstone",0,10.79,114.01,26.06,288.62,26.1,12.00005,20.87,10,30,21.64,0,30,14,349.5,0,12.38083,11.5,15,12.07,14.64,12.19,10.31,11.21,11.95,10,0,9.3,11.18,25,15,15,15.5,7.94,0,25,117.155,100,28.64,82.72,60,87.11167,80,0,85.05,111.985,0,15,82.19,76.1,65,20,25,0,60.9425,0,35.99,50,48.46,0,11.99,10,10.2,25.11,21.04,11.08,13.08,10,13.09,10,25.83,53.93,20,114.14,12.18,0,9,15.42,0,17.8,61.102,44.04,38.33035,17.19,27.3,45,23.75,32.07,35.97,41.9,52.32,0,10.83,14,18.22,32,35,14.49,15,15,20,16.39
32,"2020-01-13","Metamorph","Watchstone",0,15.62,122.0925,26.62,13,28.17,14,16.79,10,30,21.64,10,21.07,10,15,0,12.142,11.5,11.01,12.07,11.04,19.27,11.04,21.63,11.08,10,7.2,9.2,12.42,25,15,15,25,7.89,0,23.86629,86.94,99.17616,30,73.5,55,122.7825,55.5,80,86.18,88.02,0,15.70569,82.19,84.355,60,20,28.82,13,61.38,1275.7,35.99,117.55,47.48,0,13.1,10,10.4,13.94,21.04,11.64,15.4,10,10.9,10,26.7475,56.55,20,122.37,12.18,0,9,15.42,0,15,43.84,35.15,40,19.24,27.97,45,24.61,36.08,35.97,35.86,38.46,0,11.32528,15,13.69,32.18,35,14.48063,0,15,20,15.5
33,"2020-01-14","Metamorph","Watchstone",0,12,138.2075,20.7,100,28.17,14.48015,12.19,32.82,15.62,23.29,0,29.1,15,0,0,17.04,11.5,11.01,12.07,11.04,19.27,10,10,10,10,7,7.22,12.3,14.56,15,15,31.21,10.4,0,20,123.70667,100,24.05,42.08,55.54,60.345,72.09,0,67.38,116.2175,0,16.15,82.19,85.86,60,20,25,0,62.29,139.54,32.24,0,49.45,0,26.21,10,10.4,26.19,21.04,11.08,13,8.82,12.29,10,137.97,59.24,20,128.935,12.18,0,205.58,15.42,0,17.89,56.08,45.52,44.0001,18.52,28,20,23.3,38.28,30.42,60.32167,35.08,0,10.79383,15,13.69,31.09,35,14.66,18,13.82,20,13
34,"2020-01-15","Metamorph","Watchstone",0,22.33,136.53,27.19,70,23.15,15,15,33.95,30,24.96,0,29.1,136.525,13,0,17.04,11.1,3646.66,10,14.64,19.27,10.35,13.43,10,10,0,10.43,12.3,14.56,35.705,12.3,10,10.4,0,20.04,132.3975,110,18.11,42.08,55,85.55,100,70,63.14,115.8825,0,15,52.62,86.16,65,20,25,0,62.1725,136.845,32.24,50,50.37,0,25.18,55,10.4,22.89,21.04,11.31,13.48,14.38,12.5,10,136.845,23.9,20,0,12.18,0,202.68,18.18,0,16,39.31,44.48,45,19,23.15,16,20,34.14,26.98,59.98,39.52,0,11.89111,18.00015,21.31,25.88,35,14.46,18,13.63,20,13.22
35,"2020-01-16","Metamorph","Watchstone",0,34.38,134.5425,25,30.05,22.71,18,15,50.54,123.37,24.96,10,45,15,13,0,16.48,11.65,10.12,10.41,14.64,15,10.72,18.02,11.9,10,0,10.43,12.3,25,8.69,162.12,15,10.62,0,24,132.3825,125,32.05,100,41.545,85.7225,100,70,63.43,107.75667,0,15,82.19,68.042,70,20,100,0,62.2,136.64,31.3,70,49.525,0,12.3,46,10,32.03,10,10,15,13.67,12.63,10,22.65,23.28,20,10,12.18,10,0,18.18,0,18,61.46,43.74,45,19,23.15,65,35,33.14,33.9,59.61,40.26,0,10.388,15,21.31,25.88,45.9825,14.68,18,11.02,24.22,58.9
36,"2020-01-17","Metamorph","Watchstone",0,22.33,134.98,22.71,30.05,39.58,24.03051,14.43,52.18,123.645,24.96,0,45,30,0,0,16.48,11.65,13.61,12.5,14.64,15,10.89,18.02,15.2,10,0,16.54,12.3,25,8.69,311.3275,15,10.55,0,22.37,121.57,132.2301,30,100,0,71.03,0,70,63.43,101.08,0,15,53.94,56.64,51.26136,20,82,30.5,62.22,67.7,38.52,70,49.61,0,12.41,47.72,10,50,13,10.72,15,22.98,11.31,10,136.81,26.38,20,10,12.18,10,0,18.18,0,18.41,56.08,42.92,44.08005,19,25.5,50,0,26.88,33.72,42.07,35.62,0,13.45364,20,21.31,17.46,13.04,12.47,15.3,18.73,26.47,30.99
37,"2020-01-18","Metamorph","Watchstone",0,32.18,136.03,28.27,30.05,18.03,20,13.105,52.18,0,20,0,45,56.4575,0,0,16.48,11.65,21.51,15.28,22.17,18.13,12.48,18.02,13.02,11.13015,0,27.2,12.3,25,9.59,311.5325,20,14.59,0,24,121.04,130,36.48,91,30,86.34,0,70,63.43,100,0,16.37,57.6,50.3,60.92005,20,27.93,30.5,62.21,58.62,38.52,70,41.49,0,13.65,47.72,10.3,58.69,21.59,14.36,19.1,22.98,12.73,11,49.55,26.38,15.5,0,12.18,0,10,18.18,0,18.66,80,43.81,40,15.31,25,36.5,0,34.29,32.45,40,35.65,0,14,20,21.31,31.1,46.08,12.15,0,19.3,26.58,54.27
38,"2020-01-19","Metamorph","Watchstone",0,20.21,31.75625,23.19,20.61,90.5,20,15.43,52.18,0,20,199,12.48,222,18,0,12.53,11.1,21.51,10,23.27,18.13,13.01,14.7,15.19,10,206.195,27.2,12,25,9.59,313.09,10,15.5,0,20,120,120,26.48,85.99,30,86.34,90,115,63.91,100,0,19.66,47.8,48.61,63.36066,20,30.32,35,35.97,58.82,28.1,38.5,41.49,0,14.12,47.72,10.3,61.72,21.04,14.36,19.38,26.21,12.73,12,137.49,26.38,15.5,206.28,12.18,0,15,20.97,0,19,80,34.95727,40,15.88,20,36.5,30,34.29,32.45,35.79,35.08,0,14,19.33035,21.31,31.1,57.4,11.81,0,20.85,22.56,58.99
39,"2020-01-20","Metamorph","Watchstone",0,13.47429,30.365,28.2,30.05,29.15,18.50212,14.54625,60.1425,142.38,20,199,12.48,30,18,0,12.6,11.1,21.51,10,22.27,12.59,14,14.7,14.77,12,49.73,71.65,12.2,25,9.59,323.025,440.78,15.5,0,20,116.48,105,31.97,86.5,287.06,436.23,90,110.5,72.6,100,0,20,48.24,54.43,70,20,30.91,48.42,39.31,141.02,26.04,38.5,41.49,0,14.12,47.72,10.41,34.49,20.99,14.36,19.48,26.21,13.91,13,24.695,26.38,15.5,212.8,11.64,11.88,143.2,23.79,0,19,80,42.03,42.06005,15.43,20,35,57.675,35.41,31.28,42.07,30.27625,0,14.06433,20,16.8,23.02,57.91,11.53,142.145,21.3,28.83,21.64
40,"2020-01-21","Metamorph","Watchstone",0,20,33,20,35.2,29.95,18,17.24,60.8625,294.92,24.96,199,12.63,26.01,0,0,11.55,11.1,20.42,10,27.6,15,13.73,21.19,14.20111,14,16.7,72.79,12.3,25,25.65,339.13,458.22,41.52,0,21.46,97.57,103.97545,31.4,82,298.98,732.0725,90,101.5,90,97.21,0,20,75.97,54.43,70,19.69,35,61.75,36.34,148.33,26.6,38.5,45.42,0,10,19.17,12.86,11.48,15.99,60.52,14.79,15,13.58,14,149.71,21,20,149.83333,14.38,23.27,146.045,13.2,0,18.91,62.68,42.76,44.91061,14.81,22.06,38.17,59.11,31.63429,31.99,42.07,30.34,0,14.77,20,17.22,334.42,24.7,11.24,59.8,32.46,182.0125,24.365
41,"2020-01-22","Metamorph","Watchstone",0,14.3,17.13,19.65,22.575,21.52,20,19.64,72.52,306.65,46.57,145.9,12.63,26.06,0,0,11.55,11.65,48.28,10,21.64,15,13.69,14.82,14.44,14,18.59,99.3,12.43,53.72667,32.01,681.49,813.69,57.70375,0,20,120,110,33.88,82,320.12,766.785,97.045,101.5,85.91,119.27875,0,20,75.16,80,64.91182,20,35.1,152.46,36.34,87.92,27.17,43,42.72,0,11.54,19.17,11.98,11.43,20,26.4,19.44,15,13.58,14,152.4525,15,32.635,151,24.06,23.27,24.61,23.33,0,19.31,43.86286,42.76,44,14.9,26.04,38.17,58.985,21.57,32.05,40,33.1,0,10,25,16.83,731.7925,23.33,11.28,33.98,35,190.565,23.05
42,"2020-01-23","Metamorph","Watchstone",0,15.3,35.98,28.71,20,21.59,20,15.87,75.29333,333.04,112.12,199,13.97,26.62,17,0,11.07,12.7,52.69,16.52,16.48,16.57,11.61,13.88667,14.74038,13,18.26,57.19,12.43,41.28,25.65,23.08125,818.35,28.74,0,20,143.3,120,29.54,76.34,330.19,95.19,30.2,100,99.82,143.61,0,18.09,80,80,60,20,30,152.46,30,175.6,5.27,40,47.51,0,11.64,43,12.97,31.5,36.03,15,19.72,15,13,14,43.36,15,26.91667,150,25.32,50,27.12,32.24,0,19,56.25,44.24,40,14.81,27.1,38.17,72.745,67.77,12.23,42.11,31.96,0,10,26.6001,17.26,63.87,37.14,11.28,21.12,35,167.285,27.39
43,"2020-01-24","Metamorph","Watchstone",0,15,34.93,30.03,20,21.59,19.14005,15.96,61.66,313.98,98.8,199,15.32,26.62,17,0,10.098,12.7,14.18,15.4,16.18,16.26,13.34,10.85,14.92,13,18.26,57.19,12.65,41.06,25.65,672.96,767.6075,19.65,0,20.19,104.14,100,29.78,76.34,312.71,90.7,20.14,92.67,87.61,303.12,0,20.42,86.32,156.99,50,20,35.05,45.94,64.38,157.4,15.97,40,41.19,0,7.83,19.97,13.61,70,34.93,15,13.52,15,13,13.03369,41.65,31.67,26.38,150,28.4,50,26.02,12.04,0,18.7,217.91,98.78,40,14.83,25.84,36.57,72.405,65.89,12.24,43.24,33.68,0,15,20,17.27,63.87,22.78,11.62,23.38,37.88,156.83,29.38
44,"2020-01-25","Metamorph","Watchstone",0,17.45,34.17,29.21,33.48,32.97833,15,15.68,60.9,299.92,43.08,199,15.32,22.14,10,0,7.04,12.7,14.18,15.46,16.52,21.5,13,12,16.4,10,19.91,57.19,12.43,676.1,19.37,644.84,734.8,19.65,0,20,120,100,28.092,76.21,45,89.72,20.17,91.99,90,289.54,0,22.5,80.854,166.31,50,19.22,27.45,64.9,62.18,156.5,7.72,40,38.73,0,8.06,19.97,13.3,44.24,34.17,15,12.5,15,13.52,10,41.1,12.91,13.69,150,26.55,10,25.37,13.55,0,19.27,209.64,44.95,36.93323,14.85,25.87,38.02,68.87,41.08,12.27,39.4,34.32,0,14,18.7801,15.41,63.87,22.78,16.3,17.48,36.2,128.9,33.41
45,"2020-01-26","Metamorph","Watchstone",0,15,20,20.91,28.48,28.85,15,13.55,60.9,43.9,43.08,16.27,16.69,17.06,10,0,5.28,12.15,12.09917,11.5,10.59,20,12.38,10,12,10,10.82,12.47,12.43,29.34,19.37,10,734.8,21.34,0,16.0363,111,98,28.46,79.52,45,71.68,20.17,54.85,90,84.97,0,17.8,80,55.5625,50,18.65938,19.9,64.9,30,35.2,10.28,40,40,0,7.13,18.37,11.19,14.13,10.91,15,12.77,10.9625,13.33,10,150,11.23,13.69,24,28.87,4.5,151.03,12.61,0,17.13,151.901,35.83,35,14.75,20.84,38.02,32.02,26.06,12.57,30,32.83,0,10.93,16,14.79,22.58,19.9,16.3,18.03,33.98,65.45,36.1625
46,"2020-01-27","Metamorph","Watchstone",0,13.99,20.145,30.74,28.48,24.58,15,12,50,44.42,59.8475,63.6,13.71,16.23,10,0,10,15,13.17,10.22,10,13.80167,11.48,10,10,10,9.39,10,14.6,666.1,25.65,10,50.3,46.8,0,16.91,76.59,91.74636,25.92,79.52,40,46.79,24.54,92.11,108.54,81.55,0,17.4,120.26,45,50,18.61,19.45,64.9,25.99,37.96,13.76,40.32,39.87,0,10,10.89,10.9,13.39,13,12.63,12.89,10.95,10,10,11.52,11.46,27.93,24,22.68,9,10,12.61,0,17.95,52.91,32.58,34,16.29,22.03,38.02,66.965,36.52,12.57,34.02,30,0,10,16.36197,13.52,75.64,19.81,16.74,19.95,35.24,133.232,37.55
47,"2020-01-28","Metamorph","Watchstone",0,15,21.31,25.35,28.48,22.92,15,13.2,50,45.55,108.898,63.6,12.68,21.62,11.09,0,10,15,13.17,9.97,10.72,13.82,11.85,10,10,10,9.39,15.1,15.13333,682.98,25.65,22.41,17.41,36.3,0,20,80,98.81096,25,36,40,86.48,24.53,76.08,108.54,86.28,0,16.96,122.61,46.64,45,18.64,24.08,64.9,25.99,34,10.35,37.06,30,0,10,18.37,10.505,10.8,13,10.6,10,10,12.65,10,11.52,11.46,28.2175,24,23.26,0,0,12.63,0,15.58,38.6,30,31.57131,16.75,30.94,39.56,38,33.03,9.34,28.04,28.34,0,10.56,15,10,75.64,19.61,52.21,15,28.9,77.07,40.16
48,"2020-01-29","Metamorph","Watchstone",0,13.2,21.31,24.88,36.19,22.5,13.37545,11.04,0,45.78,100.38,63.6,15.32,22.76,11.09,0,10,26.06,10,17.07,10.72,11.48,12.28,10,12.53,10,9.3,14.14,12.11,46.57,25.65,73.55,16.6,36.3,0,16.61,360.89,99.15566,25,35.76,40,69.55,15.42,74.8675,90,85.94,0,13.28,122.835,46.62,49.76556,18.64,32.42,41.99,80,31.59,9.42,33.03,33.61,0,10,18.59,11.04,10,12.13,10.4,11.79,10.9,12.19,10,17.145,11.25,15.05,14.36,23.29,0,10,12.63,0,14.25,33.36,32.98,30,16.1,40.99,26.12,20,22.92,9.34,25,27.94,0,11.8001,15,15,72.67,19.08,60.72,14.49,35.4,68.83,42.29
49,"2020-01-30","Metamorph","Watchstone",0,9.66,20,24.61692,115.72,14.61,14,10.31,10,46.24667,101.48,176.01,15.32,16.41,11.09,0,9.51,26.06,13.84,18.41,10.72,10.41,12.35,10.24,12.65,10,9.2,13.17,12.11,46.57,14.74,74.32667,11.21,36.3,0,15,368.06,100,24.7,63.03,71.39,57.58,12.37625,71.04,76.96,85.94,0,12.95,59.09,46.632,50,21.25,29.97,41.99,167.215,31.59,6.24,32.01,33.61,0,11.33,24.57,10,10,18.66,10.62,11.7,9.997,10,10,20,11.48,13.96,18.68,20,252.72,10,14.6,0,14.19,34.91,33.55,34.4602,17.22,40.99,26.12,20,31.2,6.27,25,27.58,0,10.14,15,14.76,23.03,16.61,60.72,14.49,15.32,60.5,40
50,"2020-01-31","Metamorph","Watchstone",0,14,20,25.73,108.88,23.04,14,20,10,11.5,57.38,172.18,15.32,16.47,12.19,0,10,46.07667,13.84,34.69,10,12.58,10.05712,10,12.7,10,9.2,10,10,47.12,33.3225,75.52333,16.15,36.3,0,16.54,120,105,25,60,40,56.12,20.14,96.54,76.01,88.82,0,14.57,110.23375,46.95,55,22.59,32.6,41.99,260.2,32.71,6.24,26.48,33.61,0,11.33,21.93,11.07,10,17.95,12.63,13.04,10.94,10,10,11.99,11.51,10.4,23.09,20,259.44,9,14.68,0,13.69,38.42,33.21,35.78389,15,37.6,24.65,20,30.74,10.43,26.48,30,0,11.98,15,16.5,39.46,15,60.72,13.99,34.29,37.05,22.87
51,"2020-02-01","Metamorph","Watchstone",0,11.99,7.35,38.63,104.75,23.04,15,16.0636,15,175.22,175.22,172.18,15.32,14.51,12.19,0,10,46.34,17.62,24.95,10.6,11.24,10,10.68,10.77,9.50505,9.2,10,10,27.68,175.2,75.79,14.71,22.53,0,16.60423,100,110,24.76,61.57,41.09,54.45,20.14,90,90.21,88.82,0,15,110.8,48.29,60,24.22,30.2,64.9,262.11,32.71,6.24,26.48,36.03,0,11.67,22.19,10,10,17.25,12.63,10.98,10,10,10,10,11.28,12,23.09,20,262.83,0,14.68,0,17.1,41.12,35.44,38.9004,17.03,26.09,26.21,20,30.74,10.43,26.48,30,0,10.34,18.82131,15.04,39.46,15,60.72,15,36.05,27.5,17.49
52,"2020-02-02","Metamorph","Watchstone",0,11.77,5.58,39.61364,37.92,42.6,15,15,10.5,49.04,174.755,60.84,23.33,16.47,775.92,0,10.32,43.345,16.58,12.04,10,10,10,12.6,14,10,9.2,13.31,10,22,175.9925,25.5,10,18.12,0,16.06,107.6325,129.22005,29.16,62.12,40,127.77667,20.12,70.2,99.5,122.295,0,13.67467,88.6,46.64,60,21.19,27.1,241.5475,50.44,33.28,6.23,26.48,40,0,11.25,69.78,9.95,10,12.06,12.63,15,10,10,10,11.66,11.51,12,27.55,19.23,292.78,881.7,10,0,15,29.66,35.42,40,17.08,26.09429,26.21,20,108.736,15.89,25,30.71,0,12.15,20,15.29,10.82,15,56.76,15,27.09,27.5,15
53,"2020-02-03","Metamorph","Watchstone",0,10,51.09,28.35,16.01,33.13,19.9901,8.69941,10.5,55.51,181.74,47.55,49.55,19.25,14.91,0,10.32,564.86,16.58,24.31,9.72,10,10,10,11.45,10,9.31,10.43,10,22,181.32,22,10,13.94,0,17.64,100,160,30,48.04,40,107.065,20.11,67.5,99.52,95.64,0,13.43,76.91,46.64,65,15,25,1817.4,48.45,38.06,18.39,26.48,40,0,10.91,18.5,9.57,10.61,17.18,12.97,11.43,10,10,10,14.5,11.28,11.42,27.55,19.25,94.83667,907,10,0,13.21,58.68,39.38,40,20,24.85,110.2,20,95.14,15.89,25,32.6,0,10,16.87545,16.96,10.82,14.41,56.76,18.71,20.1,26.03,28.03
54,"2020-02-04","Metamorph","Watchstone",0,14.94,63.72,19.97,14.08,25.03,15,9.36,20,153.21,152.882,92.2,42.82,17.95,7551.2,0,10,468.3525,13.48,58.65,9.72,10,10,10,10,10,9.42,10,12.11,22,187.525,22,10,10,0,17.5,158.05,168.34434,29.43,64.38,40,109.4325,30.55,90,98.81,204.24,0,13.72,60,51.58,64.6,15,23.98,1899.05,44.05,40.18,10.52,27.04,40,0,11.25,21.88,9.64,10.73,16.61,13.48,11,10,10,10,13.3,11.05,14.6,27.55,19.25,315.7775,940.45,10,0,13.23,58.68,38.24,44.21293,14.7,25,37.6,21.52,39.54,19.11,27.04,31.89,0,10,19.5802,15.23,10.82,14.92,19.74,15,25,26.15,20.05
55,"2020-02-05","Metamorph","Watchstone",0,14.17,63.02,19.97,38.44875,25.03,14.49535,9.18,20,116.72167,96.41556,92.2,48.89,16.19,928.68,0,10,10,13.48,19.4,9.62,10.12,10,10,10,10,9.42,14.43,10,24.22333,11.23,30.03,10,10,0,15,171.41,168.05545,28.51,68.87,40,39.07,20.89,0,98.42,156.11,0,13.3,62.48,51.58,70,19.1,23.46,1829.6,870.765,28.05,6.7,27.11,40,0,11.28,22.06,9.84,10,22.6,13.3225,10.94,10,11.23,10,11.59,11.3675,14.6,27.55,21.57,63.21,1212.35,10,0,14.32,37.86,40.1,52.06051,18.04,25,37.6,21.04,32.15,16.71,26.55,31.91,0,10,20,15,10.62,17.6,18.25,15,31.01382,29.14,26.23
56,"2020-02-06","Metamorph","Watchstone",0,14.16,42,22.18,80.358,28.66,20,9.23,271.13,194.33,67.29,171.744,44.35,14.82,322.30333,0,10,10.22,10.49,52.89,9.89,10.85,10,10,10,10,9.44,14.43,10,13.27,59.61,40.295,10,15.05,0,20,180.525,169.46051,30,68.87,53.09,148.05571,100.275,131.09,93.47,156.315,0,18.9,179.21667,48.29,64.30152,15,25,1777.5,80,40.18,64.19,26.55,49.68,0,11.63,85.965,10.3475,10.14,22.6,13.459,10.84,10,11.35,10,11.59,11.08,14.6,32.06,21.57,10,814.4,10,0,15.68,40.09,49.27,50,18.04,25,33.91,21.04,32.44,23.1,35.65,29.61,0,10,20,15,10.62,17.6,18.25,15,42.53,27.58,25.41
57,"2020-02-07","Metamorph","Watchstone",0,15,33,27.53,17.71,29.81,19.62253,9.86,278.16,199.57,73.61,171.8275,43.72,16.58,196.0425,0,10,10.22,10.6,95.16,9.89,10.85,10,10,10,10,9.356,14.43,10,25.82,60,38.46,10,28.98,0,20,185.42,174.89111,30,114.16,53.09,114.42125,82.18,93.17,85.71,149.39333,0,18.51,89,49.86,61.33545,15,25,435.74,80,42.32,53.02,28.605,53.05,0,11.5,87.4475,11.79,10.16,22.6,27.01,12.09,10,10,10,12.48,11.32,14.6,36.62,18.82,20,546.15,10,0,12.84,37.65,49.27,49.9703,18,25,116.32,20.54,35.64,22.58,34.25,25.45,0,10,20,15,10.85,17.6,14.152,15,43.09,27.58,20
58,"2020-02-08","Metamorph","Watchstone",0,14.95,17.9,33.85,18.38,29.81,19.39,8.084,100,199.4375,134.29313,140.61,40.98,15.95,328.29,0,10,12,10.49,19.77,13,10,10,10,10.6,10,9.44,15.57,10,20.4,60,45.62,10,24.1,0,19.21,153.81375,150,30,187.31,49.72,114.36,60.56,93.17,94.73,136.16,0,18.19,89,48.29,62.05808,15,25,435.78,250,42.32,43.93,29.86,55.57,0,10.99,71.88,16.73,10.16,19.7,23.44,14.42,10,13.41,10,12.48,16.58,13.04,36.62,18.41,19.1,534.15,10,0,15.89,37.65,46.86,45,17.07,25,113.64,21.1,37.46,17.58,36.22,36.93,0,10,20,20,10.85,15,25.48,15,30.61,29.3,22.61
59,"2020-02-09","Metamorph","Watchstone",0,14.06,15,111.66,50.12,34.42,20,11.39,100,199.19,134.04,51.84,25,15.97,99.01,0,10.3,13.53,13.86,19.88,12.85,10,10,11.62,10.40909,10,9.44,25.57,10,20.3,78.27,43.9,10,23.14,0,18.7,185.94,139.68566,30,187.7225,49.72,114.48,59.82,65.52,128.724,136.19,0,18.17,113.5,62.17,60,15,25,437.76,97,40.48,40.35,33.20333,59.92,0,10,26.9325,16.73,10.015,16.61,10,10.77,10,10,10,12.48,38.26,12.07,16.68,14,19.1,534.61,10,0,14.09,32.48,49.27,45,12.62,21.9,108.56667,21.1,37.46,19.46,56.08,33.1,0,10,25,19.71,11.07,15,26.12,15.65,50.07909,31.09,22.03
60,"2020-02-10","Metamorph","Watchstone",0,15,100,66.02,50.12,35.01,20,16.2,100,193.45667,135.07889,97.96,63.29,15.67,756.16,0,10.3,13.53,13.86,19.98,12.85,10,10.78,11.89,10,10,439.805,30,13.29,20.3,69.08,70.03,10,24.24,0,19.21,188.95167,150,30,190.6375,76.94,114.87,58.68,104,120.4125,127.115,0,14.69,75.76,62.17,67.7901,15,25,1854.2,71.99,40.48,38.28,33.11,58.94,0,10,56.3,16.06,10.4,16.61,29.74,10,10,10,10,12.48,35.7,20.5,37.89,18.41,19.1,180.4,10,0,14.89,32.48,46.54,49,13.54,25,106.7,21.65,39.55,19.46,65.07,34.42,0,10,24.21566,19.78,10.65,15,25.07,17.15,46.85,31.09,90.45
61,"2020-02-11","Metamorph","Watchstone",0,15,130,66.02,69.2,30,22.5504,19.25,100,64.72,135.82,97.96,63.29,16.02,780.96,0,12.31,25.65,13.17,19.98,23.44,10,10,11.7,10,10,38.26,15.41,13.29,20.3,57.94,66.03,9.87571,18.02,0,20,189.575,153.24646,26.31,196.4125,151.67667,98.49429,63.09,140,121.25,90.24,0,14.709,80.2,70.5,70,13.13,25,217.82,71.99,62.01,42.69,34.88,55,0,10,56.94,15.58,15,26.27,28.11,16.41,10,15.95,10,18,75.29,20.5,37.89,18.41,19.1,189.914,10,0,17.61,32.42,44.17,45,15.05,25,105.81,21.65,39.67,19.46,74.17,46.47,0,10,25,19.89,10.65,15,22.21,18.27,66.72,34.26,222.93
62,"2020-02-12","Metamorph","Watchstone",0,14.34,130,62.27,27.73,30,20,19.25,100,64.5325,26.03,64.85,23.98,20.45,20.62,0,15,19.32,12.68,20,23.44,11.01,10,11.54,10,10,31.52,12.26,61.74167,20.2,67.7,66.03,9.71,18.08,0,20,151.00667,160,30,224.9525,301.17333,98.51,67.55,140,95.99,90.24,0,13.8,95.05,59.65,69.39,14.27,31.52,218.34,108.02,63.04,38.77,44.11,45,0,15,28.5,14.06,14.97,15.79,38.25,20,39.19,14.83,10,9.9,71.2625,20.5,34.83,18.54,19.1,22.18,10,0,23.64,32.42,43,48.66035,15.1,25,105.26667,33.1,39.67,19.46,61.21,40,0,10,29.97015,19.8,10.65,15,20.74,19.39,44.45,32.19,221.64
63,"2020-02-13","Metamorph","Watchstone",0,15,130,57.84,73.68,29.82,23.27061,18.32,100,229.635,45.81,177.515,52.5,42.1,92.7375,0,15,19.33,12.68,20.61,19.42,11.25,12.76,11.77,10,10.6902,31.01,29.85,60.11,39.075,67.7,62.04,22.07,18.08,0,20,155.5375,171.17343,25,223.3825,136.00375,130.37,63.09,104,104.05,94.735,0,18.98,49.13,87.06,70,22.96,30.36,1869.85,79.72,72.655,43.22,43.87,45,0,15,186.23,14.9,15,28.72,27.39,20,14.72,13.86,12,18,66.0625,25,43.3,18.65,19.1,17.19,10,0,20.46,65.51,43.12,45.53121,19.42,25,100.77,38.65,39.78,21.2,40,49.36,0,11.35,25,19.5,14.39,16.44,19.26,19.35,22.09,31.32,213.07167
64,"2020-02-14","Metamorph","Watchstone",0,15,32.98,27.74889,73.68,30,24,17.19,100,228.02,41.71,149.81,116.75333,82.93,88.88,0,10.99,19.44,13.12,21.43,16.61,15,19.85,10.76,11.84,10,31.01,29.85,513.875,37.96,68.59,62.04,32.06,18.08,0,21.05,177.1,160,25,221.28,277.5475,125.41,61.34,105.18,104.05,95,0,14.69,48.02,75,65,23.09,30.36,1771.75,79.72,27.96,43.22,39.07,50.85,0,15,175.95,14.32,14.97,28.72,19.46,22.7,14.05,11.71,10.9303,18,22.39,0,43.3,18.67,19.21,10.93,10,0,12.225,50.91,43.69,43.96545,19.52,25,96.945,39.73,47.47,17.73,40,51.52,0,10.94,28.61394,19.41,14.39,29.28,19.64,23.27,66.97,23.87,201.44
65,"2020-02-15","Metamorph","Watchstone",0,15,31.5,58.00944,136.71,30,22,9.67,25.64,291.89,41.71,76.63,44.07,82.93,86.68,0,10,27.0175,13.12,19.94,12.45,14.11,13.95,10.32,10,10,31.01,75.767,501.2625,37.43,66.81,26.88,13.2,18.08,0,19.52,117.35,130.03505,31.24,77.16,188.6125,116.4,61.34,107.93,109.18,89.675,0,25,39.61,66.09,60,16.52,23.53,234.7,79.72,34.35,43.22,528.23,50.85,0,15,171.66,14.32,12.84,20,20.00818,21.98,13.79,11.9125,10,18,93.21333,0,43.3,16.51889,19.32,10.82,10,0,19.42,49.56,38.98,40,29.5,25,36.65,35.17,39.02,19.4,40,39.93,0,10,27.00323,19.41,14.39,21.4,23.95,36.34,64.26,25,70.93
66,"2020-02-16","Metamorph","Watchstone",0,15,24.43,84.7,109.98,30,20,14.15,25.64,290.75,41.71,61.2875,45.17,38.09,86.08,0,10,26.48,12.76,20.72364,22.58,14.12,36.32353,10,10,10,18.8,56.65625,522.16,37.25,67.7,25.64,51.1,18.13,0,22.62,117.35,119.19121,32.59,74.67,64.07,120.81,61.34,106.28,94.88,101.41,0,25,47.12,87.06,60,18.02,35.97,233.945,39.7,31.25,43.22,522.915,50.85,0,15,170.3,14.32,14.49,71.0575,27.68,28.7,18.6,10,10,15,59.37,0,107.72,16.7,73.2675,10.84,14.55,0,17.79,67.3,38.52,39.1003,29.5,25,36.65,32.74,52.21,19.42,40,39.21,0,10,27.01207,12.4,14.02,21.4,24.51,36.34,23.77667,25,65.2
67,"2020-02-17","Metamorph","Watchstone",0,15,23.61,53.13,49.74,36.52,25.78717,14.72,25.35,0,42.15,46.26667,36.5,55.15,84.7575,0,11.55,23.25125,12.76,24.82,27.26,14.04,17.12353,10,10,10,13.39,56.3,512.33,36.82,166.03833,25.64,43.13,21.74,0,23.33,133.964,120,36.63,73.8775,259.165,121,61.34,106.28,86.7,100.964,0,27.17,53.1,93.18,60,18.02,53.31,70,39.7,31.25,43.22,89.67667,52.13,0,15,167.03,14.98,24.58,70.57,24.48,67.30405,13.8,28.01,10,15,54.9775,0,107.29,50.69,16.01,17.58,22.41,0,16.52,33.98,38.04,38.96,29.1,27.22,34.31,45.23,50.8,19.42,40,39.01,0,10,30,19.42,30.85,21.64,18.77,43.98,23.09,25,26.55
68,"2020-02-18","Metamorph","Watchstone",0,14.10923,23.61,30.78,50.21,23.94,28.30081,14.62,25.35,0,38.73,30.195,36.5,55.2,22.07,0,11.06,22.17,17.54,24.35,14.41,13.33,15.66,16.59,17.25,13.0002,30,68.226,513.04,27.29,134.02,33.39,110.4925,23.81,0,22.22,133.91,130,35.66,69.545,339.58,117.75571,61.34,100,116.25,101.9575,0,27.17,52.1,60.16,60,29.14,39.09,29.5,43.28,30.3,39.72,100.6425,51.01,0,11.18,0,36.58,27.79,70.3525,24.02,63.54789,14.87,18.36,13.40242,16.64,70.9,167.07,107.31,45.16,24.34,17.58,60.56,0,11.08,51,38.04,40,29.24,30,40,45.23,49.5,20.35,40,49.35,0,10,30,19.31,23.24,22.82,24.51,43.98,28.08,25,26.55
69,"2020-02-19","Metamorph","Watchstone",0,15.62,30,19.92,53.05,22.97,30,14.98,19.71,0,38.73,168.595,30,54.2,22.07,0,11.06,22.19,17.54,24.35,34.12,14.73,15.13,15.35,16.94,14.5604,30,58.43,517.56,17.96,135.37,50.97,94.88167,23.81,0,22.22,134.17667,130,18.64,337.13,342.69,114.19,61.34,257.985,115.16,101.882,0,27.17,51.57,143.19,60,29.14,42.5,34.51,39.1,32.51,33.24,90.04,48.55,0,14.39,9,36.58,30,70.47833,23.65,30.47,15,21.345,13.75091,16.64,96.64,168.68,107.48,38.81,16.52,17.75,21.16,0,24.04,51,42.19,44.27,29.39,30,21.5,73.27,54.58,16.21,44.34,43.01438,0,12.16,30,19.21,22.05875,22.82,29.72,46.2,28.08,25,67.78667
70,"2020-02-20","Metamorph","Watchstone",0,20,30,20.28,50.68,52.47,25,20,16.68,25,42.15,173.415,45.66,54.2,21.09,0,27.8375,22.19,17.54,24.92,34.12,14.88,15.85,15.35,16.59,14,22.97,60.00875,533.24,22.41,138.99111,51.12,97.01,22.77,0,35.86,249.5825,130,28.13,347.32,399.21,100,61.34,314.11,114.21,103.47,0,28.27,51,86.34,60,59.925,42.5,34.51,39.1,30.61,30,91.14,48.55,0,14.39,0,36.58,30,22.17,23.18,32.42,14.46,23.81,13.9301,16.64,120.49833,173.54,32.09,38.49,18.61,16.86,60.56,0,23.73,50,42.15,34.49515,29.39,25.91,20,70,42.78,12.18,83.59125,30,0,12,30,19.21,21.74,22.82,29.72,33.84,28.08,25,18.1
71,"2020-02-21","Metamorph","Watchstone",0,32.6,30,21.95,50.68,29.42,24,21.12,21.36,33.07,91.46,174.905,30,66,21.09,0,29.53,23.31,17.64,24.92,34.12,14.17,17.02,14.42,13.52,10,22.97,60.4025,537.1275,17.96,130.45,49.65,97.18,22.77,0,30.35,163.03,160,29.95,169.98,87.345,193.84,65.2,1749.05,120.75,93.03,0,30.35,51,121.59,50,27.17,40.1,52.5,92.83,24.3,30,91.43,52.31,0,13.61,0,59.95,30,22.17,22.68,29.71,14.46,20,12,16.64,64.3,174.9025,22.24,38.89,22.38,17.02,60.96,0,23.42,40.31,42.17,35,30.35,21.96,15,81.35,54.39,14.38,84.01,30,0,10.32,30,19.32,16.84,24.12,150,29.4,25,25,59.83667
72,"2020-02-22","Metamorph","Watchstone",0,26.03,34.34,22.77,45.3,23.27,25,20,22.5,30.89,107.50143,175,30,66.28,21.09,0,39.45,24.318,17.64,26.38,34.12,14.17,15,15.35,14.32,13.31005,16.97,21.44,537.3775,14,98.19,49.86,21.19,22.77,0,22.55,175.075,170,20.06,169.995,87.49,194.04875,89.14,1750,117.32,93.0525,0,21.16,51,122.48333,58.98172,26.64,40.4,52.5,93.01167,31.57,75.07,91.45167,52.68,0,13,0,59.95,30,16.52,16.2,27.02,14.64,20,12,16.64,28.44,174.28,18.82,128.48438,22.38,18.08,56.58,0,17.67,40.31,43.31,37.74247,22.55,28.69,15,81.4425,54.39,54.7025,49.66,33.22,0,10,30,21.1,12.81,95.36,150,23.58,28.7,25,60.19
73,"2020-02-23","Metamorph","Watchstone",0,17.43,54.67,22.31,37.12,21.08,28.8002,20,21.03,30.89,93.35,175.71,30,66.28,22.19,0,12.15,24.43,17.64,26.75,17.05,13.85,25.11,8.29,14.33,10,17.53,10.15,539.3,14,88.24,27.63,21.34,22.93,0,23.13,309.7625,175.26545,18.59,170.1375,87.3,174.298,88.1,1755.7,105.37,65.99,0,23.39,51,103.85,55.0303,26.64,42.63,52.5,93.11833,31.57,67.3,91.29833,45,0,13.61,10,35.56,30,12.91,12.04,16.67,14.59,21.87,10,18.29,27.91,175.7,18.82,143.2,12.38,26.52,55.42,0,17.4825,37.84,42.19,43.28576,22.61,23.5,15,81.52,54.3,175.67,40,33.58,0,10,30,21.1,12.81,30.69364,37.5,27.92,41.38,29.91,61.945
74,"2020-02-24","Metamorph","Watchstone",0,17.4955,56.34,48.03,29.55,22.18,30,23.97,21.03,69,94.2,62.77,30,60,21.95,0,39.16,24.43,11.16,20.89,12.9,12.01,13.76,14.42,10,10,16.97,11.26,544.4825,14,86.85,15,21.34,25.4,0,23.72,312.575,177.0301,25.25,193.055,70.92,131.7525,88.1,110,105.37,65.99,0,21.51,50,104.07333,60,30.42,30,52.5,71.58833,31.57,42.73,54.97,42.5,0,11.19,1774,21.88,30.03,10.21,18.74,17.7,12.17,15.7,10,18.29,27.95,177.2975,18.82,144.49167,12.38,26.52,55.42,0,18.27,40.68,41.08,40,23.19,22.98,15,81.6925,51.58,46.58,189.9,36,0,10,30,21.1,14.59,30,26.7,36.85,45.85,141.39875,354.61
75,"2020-02-25","Metamorph","Watchstone",0,11.97,50,48.03,50.33,24.38,30,24.27,22.73,59,63.83,76.94,30,56.97,21.95,0,14.21,24.43,18.4,20.95,19.71,13.85,20.73,15.4,12.59,10,16.97,11.26,545.6675,18.45,88.54,9.32,21.34,23.67,0,23.04,313.0125,177.5,23.78,193.31,71.1,177.5425,104.15167,110,98.36,65.99,0,20.05,59.81,103.13,65,35.97,40.4,52.5,71.68,30.7,90.67,218.865,48.24,0,11.22,1764.7,50,29.06,15,20,18.13364,15,13.29,10,18.29,27.95,177.545,18.82,131.4225,13.27,25.39,399.07,0,20.35,39.78,41.09,38.08,23.24,22.98,17.17,81.72,44.9,46.5575,190.59,36,0,10,34.1602,25,12.3,37.16,26.7,36.85,41.85,110.83,353.76
76,"2020-02-26","Metamorph","Watchstone",0,11.86,47.11,35.04,46.04,26.45,28,26.32,22.89,59,158.31,62.64,30,57.04,24.96,0,14.21,34.38,18.25,20,19.71,14.13,20.73,15.4,11.77,10,11.97,68.81,1946.8625,22.95,191.27,13.39,19.65,25.73,0,23.53,192.01667,176.8401,23.78,194.01,71.53,176.8425,95.01,101,97.42,69.85,0,18.54,56.51,80.99,62.84581,74.05,38.48,55.28,95.47167,28.69,90.67,54.34,61.52,0,18.4,0,50,29.83,16.52,16.42909,24.34,14.76,15,10.56051,12.32167,28.64,176.845,18.82,130.64125,24.82,25.39,397.59333,0,20.35,40.68,26.2,40,23.24,22.98,18.27,71.08,51.34167,30.62,1412.72,35.45,0,10,35,20.27,12.31,26.91,21.56,27.03,24.87,46.48,29.08
77,"2020-02-27","Metamorph","Watchstone",0,11.86,41.99,42.55,43.98,26.45,27.68505,25.39,22.89,26.6,158.63,62.72,30,52.01,23.95,0,85.49,34.38,31.84,29.08,18.26,13.89,20.8,14.34,10.75,10.25515,13.01,68.98,1949.145,22.95,191.38,12.98,19.65,24.46,0,27.17,192.31,177.05,54.29,194.35,49.7,177.18625,95.05,103.24,91.27,68.98,0,23.25,50,98.58,77.85313,74.30125,38.48,55.28,71.4975,28.69,90.67,54.34,61.52,0,18.4,0,50,30,17.98,15.44,24.73,13.84,15,11.94515,11.52,22.57,177.1975,15.22,117.71,24.82,25.53,258.33571,0,17.58,40.68,43.24,45.59646,22.66,22.98,18.27,53.75,50.8,30.62,154.97,34.78,0,10,30,20.27,12.31,35.09,51,23.89,25,45.99,29.08
78,"2020-02-28","Metamorph","Watchstone",0,11.68,47.68,50.61,38.34,26.45,28.40687,20,22.89,26.6,158.95,50,33.26,42.63,24.96,0,85.95,34.38,30.18667,30.74,24.4,21.66,15,14.42,10,13.26045,11.01,69.16167,1958.7975,22.95,77.15,12.98,98.89,35.72,0,22.55,150,163.98247,54.29,194.73125,53.32,186.97167,49.32,103.24,87.55,66.67,0,23.25,50,66.2,70,74.59125,38.48,55.28,71.6125,59.86,35.89,54.34,356,0,18,45,50,39.45,11.39,15.55,30.21,16.66,16.82,14,11.52,28.64,47.49,19.4,85.26,22.65,25.53,194.19,0,17.58,42.36,40,48.08056,20,22.98,18.27,40,50.8,46.08,44.4,36.28,0,10,30,18.84,12.76,35.09,44.71,21.28,49.61,46.52,35.49667
79,"2020-02-29","Metamorph","Watchstone",0,11.87,47.68,50.61,37.39,26.52,27.14192,19.95,24.62,23,159.71333,32,33.26,30,24.96,0,477.545,34.38,22,29.47,24.4,13.2775,23.9,39.64,10,14,15.2,69.56,573.85667,22.95,77.15,12.98,99.67167,45.4,0,21.77,156.3,158.23,25.25,195.54,52.989,148.05,49.4925,103.24,146.03,99.855,0,23.09,69.73,84.36,71.54278,75.2,23.19429,55.28,71.73,70,90.67,54.34,82.6,0,10.8,45,50,38.53,19.65,21.12,19.34,13.44,15.54,14,11.52,27.95,52.57,17.86,85.26,22.65,30,179.93,0,16.62,39.73,70.36167,45,20,27.63,18.27,40,50,46.08,76.9,44.77,0,14.45,30,19.14,12.61,35.09,44.71,21.41,50,21.1,32.04
80,"2020-03-01","Metamorph","Watchstone",0,11.77,47.11,50.72,40.16,24.86,29.32025,19.31,24.62,18.5,159.43,34.22,34.91,30,23.95,0,18.21,34.38,22,28.12,53.78167,16.33,16.49,37.2,11.09,13.62005,10.59,86.21,379.2075,27.5,102.16,13.55,100.43167,46.52,0,25.79,280.14,170,30.5,80.31,50.25,148.30125,49.67,103.24,152.955,100,0,23.09,144.55,81.64,70,92.99333,33.41,55.28,45.18,38.94,90.67,226.4225,132.73,0,10,45,29.07,39.64,17.62,21.12,20,16.66,15,14,11.52,28.64,76.08333,17.86,79.2425,22.65,30,181.64,0,17.73,41.44,50,45,22.42,22.5,18.27,40,50,46.08,77.27,48.22,0,10,30,12.5,22.93,27.14,41.95,23.84,47.76,45.99,53.17
81,"2020-03-02","Metamorph","Watchstone",0,11.77,47.11,51.96,39.4,24.86,30,23.3,24.62,23,61.84,34.22,34.91,30,24.96,0,14.5,84.56,84.465,34.32,54.18,12,15.3,37.2,10.18,12.79061,21,102.89,1837.35,22.95,94.25,13.04,77.03,36.36,0,34.1,157.01,170,25.81,197.26,50.52,111.88,49.89,103.24,162.3,100.24,0,21.3,140,81.64,80,72.19,33.41,55.28,45.18,70,90.67,228.51,366.75,0,10.8,45,29.07,39.64,17.62,19.23,20,21.65,15,14,15.99,55.01,76.64,27.5,73.88,22.65,20.91,183.8225,0,21.45,85.32,50,45,22.1,22.01,18.27,40,40.1,37.65,77.70167,49.4,0,13.52,30,26.99,22.93,27.14,41.08,8.03,50,45.5,52.19
82,"2020-03-03","Metamorph","Watchstone",0,11.42,47.11,49.84,41.54,35,30,23.11,23.13,23,160.75625,34.22,74.86,30,33.63,0,14.5,64.9375,64.0075,34.32,38.5075,12,15,31.88,14.33,14.2304,20,28.12,1869.6,48.41333,94.25,12.55,466.8,36.5,0,44.9,196.52333,169.88535,46.45,198.62125,57.81,111.88,50.2075,103.24,145.88,100.5475,0,17.65,140,89.82,80,73.11875,33.41,55.28,45.18,70,90.67,231.335,112.4975,0,10.92,45,25.61,143.1565,17.62,19.23,20,27.88,15,14,15.5,51.21,77.04333,27.5,151.61375,56.815,20.91,184.87625,0,17.7,85.32,50,49.23576,27.93,22.01,18.27,56.04,38.04,37.65,317.9725,39.41,0,18.38,30,26.99,20.48,27.14,41.08,20.67,57.57,45,52.19
83,"2020-03-04","Metamorph","Watchstone",0,11.56,47.11,114.05,35.89,35,29.97015,23.11,171.48,23,64.85,36.47,572.43,30,32.56,0,14.5,65.27,64.01,31.47,38.88,12,14.02,63.98,13.68,15,20,28.12,1908,49.45,94.25,29.7,476.215,17.6,0,44.9,197.83,173.78,119.54,200.25833,57.98,112.41,50.58,103.24,132.835,100.95,0,20.04,140,145.31667,80,74.13875,29.95,86.1425,45.18,70,72.36,234.715,103.81125,0,10.8,0,25.97,131.58833,17.15,18.75,20,52.41,20,15,15.5,47.37,64.05,50,154.05125,57.665,19.16,153.1,0,17.7,69.31,93.45,50,69.8125,21.52,18.27,56.44,50,37.65,74.04,40,0,13.15,30,26.99,20.48,27.14,41.08,14.86,57.57,39.39,52.19
84,"2020-03-05","Metamorph","Watchstone",0,11.1,47.68,58.14,33.14,40.07,25,24.03,172.89,28.12,32.54,34.22,40,33.01,32.56,0,106.64,55.45,55.45,31.47,38.89,12,14.05,63.98,12.94,15,12,107.79,1917.1,191.71,94.25,27.91,74.73,36.25,0,40.14,136,164.06505,49.3,200.65,61,112.41,50.67,102.11,126.72,101.09,0,18.89,122,89.72,79.0301,58.17,29.95,383.15,42.72,65.5,72.54,95.22375,59.95,0,10.8,0,25.97,50.38,19.91,18.75,31.42,15,19.62,15,15.5,47.37,50,50,383.42,383.42,19.35,145.49286,0,18.26,81.92,62.56,50,16.01,61.49,18.27,64.805,50,37.65,74.23333,48.3,0,19.2,30,26.99,20.48,27.14,40.54,14.86,45.11,0,52.19
85,"2020-03-06","Metamorph","Watchstone",0,11.1,47.19,52.53,103.63,40.07,25,45.82,27.62625,28.12,65.93,34.22,40,33.47,22.73,0,107.11,55.45,23.5,28.65,12.39,12,15.06,63.98,14.49,14,0,59.44,202.48,192.8825,43.28,27.91,36.58,33.59667,0,37.10333,175.7,159.97,73.03,540.0675,61.311,112.41,50.79,102.11,149.69,101.2125,0,18.89,122,89.72,72.7602,76.8475,29.27,385.77,42.72,61,72.78,95.44,59.95,0,10.8,0,30.63,48.98,19.3525,18.26,24.88,24.95,15,14,15.5,47.37,50,50,385.755,45.92,30,139.78286,0,23.1,74.4,57.85,50,99.03667,577.89,18.27,56.6625,77.67,37.65,327.9025,90.7,0,16.96,30,26.99,23.27,27.71,40.54,14.86,26.19,192.86,52.19
86,"2020-03-07","Metamorph","Watchstone",0,10.92,47.19,50,103.575,40.07,25.3404,50.29,151.725,28.12,50.21,30,31,33.01,32.07,0,187.7675,55.45,100,58.24,39.09,20.2,10.94,63.98,16.08,13.07,0,24.56,202.69,193.24,159.3375,19,36.58,33.56,0,40.63,159.38667,164.76646,70.878,541.0725,61.376,136.32,50.82,102.11,156.888,101.25,0,22.6,122,89.82,80,77.9,29.27,386.5,42.72,62.11,38,95.50625,160.21667,0,10.8,0,30.63,50.64,21.58,18.26,27.23,22.5,15,12,16.06,47.37,50,0,386.5,45.8475,14.709,59.19,0,25.86,99.5,100.48167,55.81778,222.655,578.61,25,53.02,78.045,37.89,328.505,88.6,0,17.92,33.65354,26.99,23.27,27.71,40.54,14.85,33.67,109.32,52.19
87,"2020-03-08","Metamorph","Watchstone",0,14.43,40.05,37.02,25.1,37.12,29.0003,20,152.22125,70,123.24,30,31,33.01,32.56,0,188.1,55.45,28,58.24,39.16,20.2,19.01,66.2,15.41,13.49051,0,14,1936.4,193.635,159.68,10,21,27.8,0,35.18,159.51,174.91,290.38,542.175,78.4075,136.921,50.86,86.03,156.903,109.95,0,83.73,122,80,78.29035,67.39,29.27,387.28,42.72,62.11,54.95,95.56,128.855,0,11.69,0,28.26,49.23,21.58,18.35,28.89,22.5,10.78,12,16.06,74.27,14,20,386.72,45.93,30,20,0,40,74.4,59.42,50,75.44,56672.545,25,53.02,87.64,37.59,58.64667,69.7,0,18.28,30,26.99,23.27,34.39,36.01,30.09667,34.28,35.92,39.55
88,"2020-03-09","Metamorph","Watchstone",0,14.43,40.05,31.42,69.07,37.68,30,70.1,152.61,55,183.03,30.405,8.43,33.01,32.56,0,37,55.45,100,52.42,39.23,19.91,19.86,66.2,15.12,15,0,37.92,1942.1,194.21,95.84667,10,33.48,25.88,0,37.38,159.64,175.40566,290.53,543.79,102.73,137.2,50.92,86.03,157.26,109.95,0,56.8775,85.94,80,65.74566,67.39,29.27,388.24,42.72,58.54,55.07,95.71,128.74,0,11.69,0,28.26,105.06,34.2,18.35,33.85,25.31,10.88,15,16.06,110.24,23,0,388.42,46.04,30,68.08,0,52.56,62.1,56.51,50,77.94667,56820.38,25,53.02,44.95,37.59,41.92,64.85,0,20,30,24.3,23.27,36.38,36.01,36.21,36.96,38.75,43.03
