"Day","Date","League","Type","Aberrant.Fossil","Aetheric.Fossil","Bloodstained.Fossil","Bound.Fossil","Corroded.Fossil","Dense.Fossil","Enchanted.Fossil","Encrusted.Fossil","Faceted.Fossil","Fractured.Fossil","Frigid.Fossil","Gilded.Fossil","Glyphic.Fossil","Hollow.Fossil","Jagged.Fossil","Lucent.Fossil","Metallic.Fossil","Perfect.Fossil","Prismatic.Fossil","Pristine.Fossil","Sanctified.Fossil","Scorched.Fossil","Serrated.Fossil","Shuddering.Fossil","Tangled.Fossil"
1,"2018-12-07","Betrayal","Fossil",0,3,0,0,5,1,0,0,0,0,0,0,0,0,0,0,1,0,0,2.48,0,0,1,0,0
2,"2018-12-08","Betrayal","Fossil",1,1,95.5,1,1,1,2,5,133.019,77.96,0.99827,5,42.75,46.72,1,1,1,1,2,1,4,1,1,1.95102,108.9575
3,"2018-12-09","Betrayal","Fossil",1,1,280.14,1,1,1,2,3,48.105,63.61536,1,3,31.33333,20.96528,1,1,1,1,1,1,3,1,1,1,50.51281
4,"2018-12-10","Betrayal","Fossil",0.99,3.65,253.75,1,1.22776,1,2,2,30,88.88,0.9602,3,18,25.02391,1,1,3,2,2,1,3,1,1,1,21.03362
5,"2018-12-11","Betrayal","Fossil",0.96,4,159.14111,1,2,1,2,2,38,85.67603,0.95,3.22051,15,34,1,0.97031,3,3,2,1.9601,4,0.92,1,1,10
6,"2018-12-12","Betrayal","Fossil",0.98,5,175.64545,1,2,2,1.9901,2,81.10538,86.99714,0.98,4.88122,12.4,49.43908,1,0.63112,3,3,3.61112,2,10,1,1,1,8.27
7,"2018-12-13","Betrayal","Fossil",1,5,253.79121,1,3,2,2,2,79.46,90,1,4.0102,15,50,1,0.8702,4,3,4,2.94122,10,1,1,1,7
8,"2018-12-14","Betrayal","Fossil",0.8901,5,240.34296,1,3,2.7701,2,2,95.3611,106.72727,1,5,21.04,72.85714,1,0.9901,4,3,4,3,10,1,1,1.86143,7
9,"2018-12-15","Betrayal","Fossil",0.56,5,249.63056,1,3,3,2,2,78.08898,145.67154,1,6,25,73.83694,1,0.9951,4,3,4,3,9,1,1,2,8
10,"2018-12-16","Betrayal","Fossil",0.5,5,232.915,1,3,3.88,2,2,76.47979,153.83092,0.96041,5,26.55429,60,0.91061,0.96,4,3.62143,3.73112,2,9,1,1,2,12.11
11,"2018-12-17","Betrayal","Fossil",0.5,5,235.99,1,2.9751,4.47571,2,2,87.21338,148.87061,1,5,27.34714,76.51714,1,1,4.84735,4,4,3,10,1,1,3,15
12,"2018-12-18","Betrayal","Fossil",0.5,4.95102,230,1,2,4.76,2.75163,2,143.065,181.62612,1,5,32.94333,77,1,0.7251,4.32531,4,4,3.48082,11,1,1,3,15
13,"2018-12-19","Betrayal","Fossil",0.5,5,202.84,1,1.7702,5,3,2,119.45939,176.67735,1,5.4202,40,84.14286,0.90592,0.6,4.88245,3.04082,4.0051,3,11,1,1,3.07592,14
14,"2018-12-20","Betrayal","Fossil",0.5,4,169.31663,1,1,4.59214,3,2,100,165.79092,1,6.66082,42,89,0.87071,0.6,4,3,4,2.8601,11,1,1,3,18
15,"2018-12-21","Betrayal","Fossil",0.5,4,170,1,1,4,3,2,111.56163,146.67531,1,6.02551,40.5451,90,0.71612,0.5,4,3,4,3,12,1,1,3,18
16,"2018-12-22","Betrayal","Fossil",0.5,3.30612,195.41071,1,1,4,3,2,137.34265,163.17327,0.84061,6,40,90,0.5351,0.5,3,3,3,2.91531,11.40306,1,1,3,16.29633
17,"2018-12-23","Betrayal","Fossil",0.5,3,207.39154,1,1,3.18367,3,2,195.90204,178.64245,0.9651,5.39265,40,98.89143,0.5,0.5,3,3,3,3,12,1,1,2,15
18,"2018-12-24","Betrayal","Fossil",0.48,3,258.52738,1,1,4,3,2,204.30612,191.44041,0.9002,6,40,97.0651,0.49,0.48,3.47204,2.51245,3.41102,3.19531,12,0.9651,1,3,15.10061
19,"2018-12-25","Betrayal","Fossil",0.4301,3,430,1,1,3.90092,3,2,203.51888,184.63378,0.83,6,45.56378,99.515,0.4501,0.44,3.92041,3,3.8102,3.96041,12,1,1,2.00265,15
20,"2018-12-26","Betrayal","Fossil",0.42,3,417.01327,1,1,3.83551,3,2,188.58388,159.92571,0.8902,5,70,90.88714,0.42,0.42,3,2,3,3.28612,12.01531,0.9302,1,2,15
21,"2018-12-27","Betrayal","Fossil",0.4,3,348.0798,1,1,3.96041,3,1.09112,179.9901,130.00071,0.6701,6,59.59133,90,0.4,0.4,3,2,3,3.21041,11.52,0.9001,1,2,13
22,"2018-12-28","Betrayal","Fossil",0.37,2,299.42265,0.56122,0.78061,3,3,1.85184,140,140.48082,0.5702,6,59,94.73673,0.37,0.36,3,1.98531,3,3,10.89122,0.6551,0.92,2,14
23,"2018-12-29","Betrayal","Fossil",0.37,2,248.24153,0.37,0.43,3.67337,3,1,177.81439,153.78439,0.37,6.53255,59.48061,97.67592,0.37,0.37,3,2,2.31184,2.96041,10,0.48,0.82041,2,14
24,"2018-12-30","Betrayal","Fossil",0.37,2,176.37837,0.38,0.37,4,2.9902,1,170,196.68,0.37,7.31122,52.81735,115,0.37,0.37,3,1,2.44143,2.61041,10,0.38,0.81041,2,10.67102
25,"2018-12-31","Betrayal","Fossil",0.37,2,160,0.37,0.37,4.45102,3.85153,1,164.03694,202.94031,0.37,6,60,119,0.37,0.37,4,1.62041,3,4,12,0.37,0.72,2,11.44102
26,"2019-01-01","Betrayal","Fossil",0.37,2,170,0.37,0.37,4.81388,4,1,147.1951,204.7002,0.37,7,63,125.76939,0.37,0.37,4,2,3,4,12,0.37,0.7551,2,12.98041
27,"2019-01-02","Betrayal","Fossil",0.36,2,160,0.37,0.37,5,3.85143,1,140,217.55796,0.36,7,64.17531,140,0.36,0.36,4,2,3,4,13,0.36,0.8951,2,12
28,"2019-01-03","Betrayal","Fossil",0.36,2,164.89112,0.36,0.3701,5.0002,4,1,150,246.9901,0.37,7,65,140,0.36,0.36,4.40133,2,3,4,14,0.37,1,2,12
29,"2019-01-04","Betrayal","Fossil",0.3701,2,173.64796,0.4,0.4,5.4952,4.74071,1,150,280.81959,0.38,7,65,148.97388,0.37,0.37,4,2.00184,2.5501,4.12071,15,0.38,1,2,12
30,"2019-01-05","Betrayal","Fossil",0.41,2,300,0.42,0.42,6,4.29051,1,140,285.46663,0.4301,8,64,177.28276,0.41,0.4101,4,2,2,4,15,0.4302,1,2,12
31,"2019-01-06","Betrayal","Fossil",0.44,2,390.27,0.44,0.45,6,5,1,135.70245,262.69469,0.44,8,64.59469,183.98031,0.44,0.44,4,2.00347,2,4,16,0.44,1,2,12
32,"2019-01-07","Betrayal","Fossil",0.45,2,705.04092,0.46,0.46,6,6,1,139.01041,280.00071,0.45,8,74.43316,176.67286,0.45,0.45,4,3,2,4,17,0.45,1,2,11
33,"2019-01-08","Betrayal","Fossil",0.46,2,765.14,0.46,0.46,6.86143,6,1,144,289.05,0.46,8.00082,74.92,177.96041,0.46,0.46,4.64061,3,2,4,18.92061,0.46,1,2,11
34,"2019-01-09","Betrayal","Fossil",0.44,2,693.41388,0.46,0.45,6.97531,6.15816,1,148.24694,277.74735,0.45,8,75.25,179.28082,0.45,0.45,4.96061,2.97551,2,4,20,0.45,1,2,11
35,"2019-01-10","Betrayal","Fossil",0.44,2,612.89898,0.65,0.45,6,6,1,171.67286,277.82571,0.45,7.32061,94.60327,179,0.45,0.45,4,2.13,2,4,20,0.45,1,2,11.88041
36,"2019-01-11","Betrayal","Fossil",0.44,2,513.09,0.5502,0.4451,6.93061,7,1,170,284.77857,0.44,8,80,175.2551,0.44,0.44,5,3,2.44612,4.95041,21,0.4451,1,3,13.03
37,"2019-01-12","Betrayal","Fossil",0.43,2,505.66959,0.44,0.44,6,5,1,160.92245,259.42878,0.43,8,75,175,0.43,0.43,4,2,2,3.84327,20,0.4351,0.98531,2,14
38,"2019-01-13","Betrayal","Fossil",0.44,2,388.84939,0.45,0.44,6,5.6951,1,173.18,308.09408,0.44,8,70,178,0.44,0.44,4,2,2,4,21.23184,0.44,1,2,14
39,"2019-01-14","Betrayal","Fossil",0.43,2,342.27163,0.44,0.44,6.9951,6,1,189.88585,321.53306,0.44,8.93143,70,171.47,0.44,0.43,4,2,2,4,24.22265,0.44,1,3,13.50061
40,"2019-01-15","Betrayal","Fossil",0.43,2.38653,299.81531,0.5,0.43,7,6,1,197.25082,321.1498,0.43,9,70,174.23531,0.43,0.43,4.85673,2,2,4,25.85286,0.43,1,3.79041,14.14286
41,"2019-01-16","Betrayal","Fossil",0.43,2,252.69796,0.46,0.43,6.89714,6.4451,1,176.62959,310.7551,0.43,8,80,177.06469,0.43,0.43,4,2,2.93143,4,27.92653,0.4451,1,4,28.84327
42,"2019-01-17","Betrayal","Fossil",0.42,3,197.66429,0.44,0.43,7,7,1,179.69163,322.30041,0.43,8,74.22592,185.70918,0.43,0.42,5,2,3,5,27,0.43,1,3.96082,33.81796
43,"2019-01-18","Betrayal","Fossil",0.4001,3,190,0.4601,0.42,7.00031,7,1,290,367.48367,0.42,7.325,70.00867,181.46265,0.42,0.42,5,2,2.55245,4.2201,26.00194,0.42,1,4.14398,26.52194
44,"2019-01-19","Betrayal","Fossil",0.4,2,191.26816,0.41,0.44041,7,6.02041,1,322.46388,371.60673,0.42,8,70,180,0.41,0.4051,4.06633,2,2,4,26,0.41,1,5,25.08163
45,"2019-01-20","Betrayal","Fossil",0.39,2,193.75388,0.39,0.4,6.54082,6.9101,1,348.7649,326.47255,0.4,8.0048,70,175,0.39,0.39,4,2,2,4,25.90102,0.4,1,4.91092,20
46,"2019-01-21","Betrayal","Fossil",0.3601,2,190,0.38,0.38,7,7,1,287.40622,280.00092,0.38,8.36459,70,164.48531,0.38,0.37,4,2,3,4,24.93071,0.38,1,5,19.00031
47,"2019-01-22","Betrayal","Fossil",0.3351,2,194.77571,0.35,0.38,7,7,1,274.04204,257.16082,0.35,8,74.14653,160,0.35,0.35,4,2,3,4.14571,25,0.3551,1,4.84816,19
48,"2019-01-23","Betrayal","Fossil",0.3251,2,217.32286,0.34,0.33,7,7,1,253.47061,238.92041,0.33,8,70,164.83837,0.33,0.33,4,2,3,4.64735,26,0.33,1,4.42082,17.84653
49,"2019-01-24","Betrayal","Fossil",0.3201,1.80204,224.72102,0.3201,0.3301,6.9002,7,1,240,209.36143,0.32,8.90102,70.8202,167.8901,0.32,0.32,4,2,3,4.53153,26,0.33,1,4,15.04061
50,"2019-01-25","Betrayal","Fossil",0.32,1.58122,244.63265,0.3502,0.32,7,7,1,228.34735,205,0.32,9,75,180,0.33,0.32,4,2,3,4,25,0.3251,1,4,14.47735
51,"2019-01-26","Betrayal","Fossil",0.33,2,245,0.34,0.34,7,7,1,220,210,0.34,8.12031,79,192.52357,0.34,0.34,4,2,3,4,26.14051,0.34,1,4,13
52,"2019-01-27","Betrayal","Fossil",0.35,2,238,0.3602,0.35,7,7.44082,1,229.5102,221.52551,0.3902,9,72.95082,195.2502,0.38041,0.35,3.4451,2,3.15816,4,26,0.36531,1,4,12.12245
53,"2019-01-28","Betrayal","Fossil",0.36,2,235,0.39,0.39,7,7.90694,1,231.27592,240,0.39,8,80,200,0.39,0.3751,4,2,3.12245,4,25,0.39,1,4,11.5
54,"2019-01-29","Betrayal","Fossil",0.42,2,389.94204,0.43,0.4201,7,7,1,209.89112,265.75571,0.4201,9,90,254.71,0.42,0.41,4,2,3,4,24,0.43,1,4,11
55,"2019-01-30","Betrayal","Fossil",0.43,2,550.51898,0.45,0.4651,7,7,1,205.56184,247.88571,0.44,9,99.93143,234.57102,0.45,0.44,4,2,3,3.26776,24,0.45,1.20633,4,12
56,"2019-01-31","Betrayal","Fossil",0.4451,2,437.74939,0.48,0.48,6.48041,7.53673,1,213.61633,235.15102,0.48,9.05102,100,239.12796,0.48,0.48,4,2,2.74,4,24.56224,0.48,1.07612,4.50898,12
57,"2019-02-01","Betrayal","Fossil",0.49,2,368.4998,0.49,0.49,6.28102,8,1,200,210,0.49,9.76612,118.82367,240,0.48,0.5,4,2,3,4,25,0.49,1.59041,5,12
58,"2019-02-02","Betrayal","Fossil",0.4901,2,348.68,0.5,0.49,6,8,1,190.00776,214.4901,0.49,9,117.34571,269.46031,0.5,0.47,4,2,3,3.44,25,0.5,1,4,11
59,"2019-02-03","Betrayal","Fossil",0.49,2,288.36041,0.5,0.5,6,7,1,181.79673,204.39163,0.49,8,114.2002,261.45592,0.5,0.5,4,2,3,3.35102,25.70571,0.49,2,4,10
60,"2019-02-04","Betrayal","Fossil",0.4551,2,250,0.5,0.4851,6,6.54592,1,169.23551,200.49102,0.5,8.54143,105,258.20857,0.49,0.48,4,2,3,4,25,0.49,1.98041,3,10
61,"2019-02-05","Betrayal","Fossil",0.48,2,211.8102,0.5,0.48,5.95571,7,1,162.83857,200,0.5,8,99.30102,236.5602,0.48,0.49,4,2,2.8902,3.28592,23.9851,0.5,1.21939,3.9902,11
62,"2019-02-06","Betrayal","Fossil",0.48,2,180,0.49,0.49,5.40337,7,1,167.80133,201.50276,0.5,16.10959,95.29378,249.0701,0.49,0.49,4,2,2.5051,4,27.00276,0.4901,1.35194,4,12
63,"2019-02-07","Betrayal","Fossil",0.4901,2,184.7901,0.5,0.49,5.91031,7,1,170,199.81194,0.5,20,90,266.40612,0.4901,0.5,4.00031,2,3,4,26.73265,0.5,1.70082,4,12
64,"2019-02-08","Betrayal","Fossil",0.5,2,166.77173,0.5,0.5,6,6.5401,1,185.8202,186.39051,0.5,18.44571,89.00153,330,0.5,0.5,4,2,3,4,26,0.5,2,4,14.42
65,"2019-02-09","Betrayal","Fossil",0.37,2,150,0.5,0.5,6.40051,6,1,178.15,180,0.5,15,89.77051,300,0.5,0.49,4,2,3,3.54,27,0.49,1,4,11.00194
66,"2019-02-10","Betrayal","Fossil",0.4451,2,145,0.5,0.49,6.59102,6,1,165,176.78878,0.5,15,100,251.4402,0.5,0.49,4,2,3,3.49612,27,0.5,2,4,10.84
67,"2019-02-11","Betrayal","Fossil",0.49,2,150,0.5,0.5,6.45031,6,1,165.12,171.09745,0.5,13.87,100,234.3002,0.5,0.49,4.62041,2,3,4,26.87041,0.5,2,4,11
68,"2019-02-12","Betrayal","Fossil",0.22,2,150,0.5,0.46,7,6,1,169.61949,170,0.5,13,99.12303,235,0.5,0.44,4,2,3,4,26,0.5,1.65818,4,10.94
69,"2019-02-13","Betrayal","Fossil",0.32,2,159.73566,0.5,0.5,7,7,1,168.07192,169,0.5,14,99.4004,235,0.5,0.42505,4,2,3,4,27,0.5,2,4,10.58
70,"2019-02-14","Betrayal","Fossil",0.46,2,159.28,0.5,0.5,7,7,1,165,164.89,0.5,15,100,226.18293,0.5,0.5,5,2,4,4,25,0.5,2,4,11
71,"2019-02-15","Betrayal","Fossil",0.38,2,155,0.5,0.5,6.00505,7,1,165,140,0.5,15,96.44,218.3,0.5,0.5,4,2,4,4,25,0.5,1.9002,4,11
72,"2019-02-16","Betrayal","Fossil",0.47,2,149.00222,0.5,0.5,6.28076,6,1,167.56015,148,0.5,12,94.52,216.1,0.5,0.47005,4,2,3.5401,4,25,0.5,1,4,10.29
73,"2019-02-17","Betrayal","Fossil",0.5,2,140,0.5,0.5,7,6,1,165.5001,144,0.5,11.0502,99.90515,217.32,0.5,0.5,4,2,4,4,24,0.5,1.2901,4,10
74,"2019-02-18","Betrayal","Fossil",0.5,2,147.03136,0.5,0.5,6,6.00005,1,167.61,140,0.5,13,99.2,189.86066,0.5,0.5,4,2,4,4,24,0.5,2,3.71091,10
75,"2019-02-19","Betrayal","Fossil",0.26,2,145,0.5,0.49,5.83,6.44232,1,165,135,0.48,13,90,201.94,0.5,0.48505,3,2,4,3.4403,23,0.48,1.6202,3.9503,10
76,"2019-02-20","Betrayal","Fossil",0.48,2,138.93086,0.5,0.49,6,7,1,171.06,128.38,0.5,13,89.71,217.47,0.5,0.46,3.8402,2,4,4,23,0.48,1.9301,4,10
77,"2019-02-21","Betrayal","Fossil",0.44,2,120.17,0.5,0.46,6,6.11525,1,199.82505,125,0.45,13,90,220,0.47,0.44505,3.7902,2,4,4,23,0.45,1.65535,4,9.99
78,"2019-02-22","Betrayal","Fossil",0.43,2,130,0.44505,0.44,6,6,1,198.78121,128.72,0.44,13,90,222.24,0.44,0.43,3.29505,2,4,4,24,0.44,2,3,10
79,"2019-02-23","Betrayal","Fossil",0.22,2,123.67687,0.5,0.42,6,6,1,195.62,140,0.42,12,95,245,0.42,0.42,3.2801,2,4,3.93545,23,0.42,1.24515,3,10
80,"2019-02-24","Betrayal","Fossil",0.41,2,120.62,0.5,0.46,6,6,1,192.64,140,0.42,15,100,240,0.41505,0.41,3,2,3.0404,4,23,0.41,1.3403,3,10
81,"2019-02-25","Betrayal","Fossil",0.36005,2,114.61,0.5,0.43,5.00116,6,1,194.28,145.19,0.45,15,100,243.57,0.46,0.41,3,2,4,4,23,0.43,2,3,10
82,"2019-02-26","Betrayal","Fossil",0.26,2,125,0.45,0.39,5.88535,6,1,193.16,145.95,0.39,15,100,246.2101,0.43,0.38,3,2,4,4,22,0.38505,2,3,10
83,"2019-02-27","Betrayal","Fossil",0.38,2,124.04222,0.5,0.5,6,5,1,189.21035,147.89035,0.5,15,100,250,0.5,0.38,3.7402,2,4,4,22,0.49,1,2.7103,10
84,"2019-02-28","Betrayal","Fossil",0.45,2,137.5401,0.5,0.38,7,5,1,190,150,0.5,15,100,253.78,0.5,0.38,3,2,3.86515,4,20.91,0.38,2,2.4603,10
85,"2019-03-01","Betrayal","Fossil",0.37,1,138.62,0.38,0.38,5,5.22576,1,190,151.3701,0.5,15,100,284.6598,0.45,0.37,3,2,4,4,20,0.48,1,2,10
86,"2019-03-02","Betrayal","Fossil",0.37,1.94005,132.8,0.5,0.45,5,5,1,190,158.49,0.42,13,102.84,290,0.48005,0.37,3,2,3,3,20,0.37,1,2,10
87,"2019-03-03","Betrayal","Fossil",0.36,1,140,0.5,0.5,5,4.80061,1,189.3,157.68505,0.36,12,110,280,0.45505,0.36,3,2,3.3701,3,19,0.36,1,2,10
88,"2019-03-04","Betrayal","Fossil",0.37,2,140,0.51505,0.49505,4,5,1,189,158.37,0.5,12,126.02,279.37,0.5,0.36,3,2,3,3,18.56,0.46,1.37505,2,10
89,"2019-03-05","Betrayal","Fossil",0.5,2,129.27,0.51,0.5,4.17,5,1,185.03,140.06,0.51,12,139.99,303.36,0.5,0.5,2,2,3,3,19.95,0.46,1.25,2,10
1,"2019-09-06","Blight","Fossil",0.36,0,0,0,0,1.3,0,0,0,0,1,0,0,0,1.24,0,1,0,0,1.63,0,0.7025,0,0,0
2,"2019-09-07","Blight","Fossil",1,3,178.5,3.04041,5,1,2,1,247.22,0,1,5,60.61,99.065,1,1,1,3,2,1,6,1,4,2,15
3,"2019-09-08","Blight","Fossil",1,3,141.98,5,8,1,2,3,200.26107,176.03846,1,4,32.5,120,1,1,1,3,3,1,5,1,5,2,15
4,"2019-09-09","Blight","Fossil",1,3,148.5264,8.87263,12,1,2,3,109.23194,186.39,1,4.85742,87.215,99.5,1,1,1,4,4,3,9,1,8.35354,3,18
5,"2019-09-10","Blight","Fossil",1,4,153.03,8,13,1,2,3,83.16631,204.04,1,5,39.04674,80,1,1,1,5,4,5,10,1,9,5,14.2342
6,"2019-09-11","Blight","Fossil",1.19505,4,162.12139,8,13,1,3,2,101.40839,154.01,1,5,23.79583,55,1,1,1,5,4,5,15,1,10,7,10
7,"2019-09-12","Blight","Fossil",2,4,158.69267,8,12,1,3,2,116.03,145.75289,1,6,19,50,1,1,1,5,4,7,17.74131,0.61,13,8,10
8,"2019-09-13","Blight","Fossil",2,4,145.74714,9,12,1,3,2,156.54375,155,1,6,18.85,79.49209,1,1,1,5,4,8,19,0.63,16,9,9
9,"2019-09-14","Blight","Fossil",2,4,120,9,10,1,3,2,157.7108,156.99,1,6,20,83.53667,1,1,1,6,4,8,24,0.5801,17,9,9
10,"2019-09-15","Blight","Fossil",2,4,103.13924,9.41146,10,1,4.09278,3,182.46627,160.15182,1,7,20,109.41742,1,1,1,7,4.92025,8,24,0.5601,18,10,8
11,"2019-09-16","Blight","Fossil",2,4,90,10,9,1,5,3,179,151.32358,1,7,25,112,1,1,1,8,4,8,23,0.55005,18,9,8
12,"2019-09-17","Blight","Fossil",2,4,75.6602,10,8,1,5,3,152.05273,145.54022,1,6.62545,39.07,99,1,1,1,8,4,8,21.89545,0.51,17,10,8
13,"2019-09-18","Blight","Fossil",2,4,80,10,7.70202,1,4,3,152.83077,150,1,7.91,40,90,1,1,1,8,4,8,23,0.51,16.9901,10,7
14,"2019-09-19","Blight","Fossil",2,4,73.14005,11,7,1,5,2,170.27,150.80936,1,8,40,75,1,1,1,7,4,8,22.40005,0.5,17,10,7
15,"2019-09-20","Blight","Fossil",2,4,69.05,11,6,1,5,2,180.00125,155,1,7,33,71.42,1,1,1,7,4,8,23,0.5,17,10,7
16,"2019-09-21","Blight","Fossil",1,4,63.94556,11,5,1,5.69505,2,209.69939,173.40577,1,7,32,75,1,1,1,7,4,8,24,0.49,16,10.19192,5.84
17,"2019-09-22","Blight","Fossil",1,4,58,11,5,1,5.89056,2,194.7703,177.50838,1,7,33.95583,115.45848,1,1,1,6,4,8,26,0.48,17,11,6.39
18,"2019-09-23","Blight","Fossil",1,4,53,12,5,1,6.66525,2,179.75677,178.65051,1,7,35,130,1,1,1,6,4,8,30,0.44,17,11,7
19,"2019-09-24","Blight","Fossil",1,3,50,12,5,1,7,2,169.53525,170,1,7,45,125,1,1,1,6,4,8,30.96525,0.42,17,11,7
20,"2019-09-25","Blight","Fossil",1,4,49.9802,12,5,1,8,2,185.44,165,1,8,48,120,1,1,1,6,5,8,30,0.45,17,10.68323,7
21,"2019-09-26","Blight","Fossil",1,4,50,12,4,1,9,2,185,160,1,8,48,120,1,1,1,6,5,8,29,0.42,17,10,7
22,"2019-09-27","Blight","Fossil",1,4,55,11,4,1,8.95545,2,177.68121,156.32182,1,8,45,130,1,1,1,6,5,8,27,0.44,16,10,6
23,"2019-09-28","Blight","Fossil",1,4,58,11,4,1,7.15202,2,155,182.86263,1,9,45,126.0904,1,1,1,6,5,8,26,0.37,15,10,6
24,"2019-09-29","Blight","Fossil",1,4,58,10,3.05556,1,8,2,130,240.71545,1,9,43,119.26051,1,0.89505,1,6,5,8,20,0.35,15,9,6
25,"2019-09-30","Blight","Fossil",1,4,58.01515,10,3.2302,1,8.83505,2,125,233.8701,1,9,43,119.85576,1,0.57505,1,6,5,8,20,0.44,16,10,6
26,"2019-10-01","Blight","Fossil",1,4,58,10,4,1,8,2,129.4803,228.90051,1,9,42,124,1,0.50005,1,7,5,8,23.74101,0.47005,17,10,6
27,"2019-10-02","Blight","Fossil",1,4,56.80025,10,4,1,9,2,158.36,227.05,1,9,40,140.0051,1,1,1,7,5,8,24,0.48,17,11,6
28,"2019-10-03","Blight","Fossil",1,4,55,10,4,1,10,2,149,231.85,1,9,42,170,1,0.9501,1,7,5,8,25.32081,0.37505,18,12,6.59
29,"2019-10-04","Blight","Fossil",1,4,55,10,4,1,11,2,140,210,1,8,41,155,1,0.5,1,7,5,8,26.95025,0.47,18,12,7
30,"2019-10-05","Blight","Fossil",1,4,50,10,4,1,10,2,114.55949,187.6202,1,9,40,129.60606,1,0.51,1,7,5,8,27,0.39505,18,11,7
31,"2019-10-06","Blight","Fossil",1,3,45,9,4,1,10,2,100,180,1,8.04545,37,115.05556,1,0.5,1,7,5,8,26,0.44,18,11,7
32,"2019-10-07","Blight","Fossil",1,3,45,9,4,1,10,2,105,184.84657,1,8,35,110,1,0.46505,1,7,5,9,26,0.44,19,11,7
33,"2019-10-08","Blight","Fossil",1,3,45.34025,9,4,1,11,2,102.87015,185,1,8,36,109.00035,1,0.42,1,7,5,9,26,0.3801,20,12,7
34,"2019-10-09","Blight","Fossil",1,3,44,8,3.9204,1,11,2,94.13,182.24146,1,9,35,99.43,1,0.43,1,7,5,8.97,26,0.47,20,11,8
35,"2019-10-10","Blight","Fossil",1,2.39606,44,9,3,1,12.26121,2,95,189.98515,1,9,35,100,1,0.5,1,7,6,9,29,0.5,20,11,8
36,"2019-10-11","Blight","Fossil",1,2,45,9,3,1,14,2,85,190,1,10,35,97.5,1,0.3,1,7,7,9,30,0.5,20,11,8
37,"2019-10-12","Blight","Fossil",1,3,50,9,3,1,14,2,80,192.64606,1,10,35.99,94,1,0.29,1,7,5.81172,9,30,0.37,20,11,8
38,"2019-10-13","Blight","Fossil",1,2,50,8.18247,3,1,12,2,80,185,1,10,38.55106,94,1,0.5,1,7,6,9,30,0.5,20,10,8
39,"2019-10-14","Blight","Fossil",1,2,50,8,3,1.17005,12,2,80,180,1.5,11,40,95,1,0.5,1,7,7,9,30,0.5,20,11,8
40,"2019-10-15","Blight","Fossil",1,3,60.04005,8,3,2,11,2,80.8603,185,2,11,40,103.12071,1,0.5,1,8,8,9,30,0.5,20,11,8
41,"2019-10-16","Blight","Fossil",1,3,68.80212,8,3,2,12,2,86.22429,185.0801,2,10.32066,40.61015,128,1,0.46005,1,8,8,9,30,0.5,20,10,9
42,"2019-10-17","Blight","Fossil",1,3,65,8,3,2,13,2,89.58545,180,2,12,40,120,1.30525,0.4,1,8,8,9,28,0.5,21,11,10
43,"2019-10-18","Blight","Fossil",1,3,60,8,3,2,13,2,84,170.17172,2,12,39,100,1,0.37,1,8,9,9,28.10101,0.5,20,11,12
44,"2019-10-19","Blight","Fossil",1,3,46.94551,8,3,1,13,2,82,155,2,11.0003,39,88.06071,1,0.48,1,8,8,8,26,0.5,20,10,13
45,"2019-10-20","Blight","Fossil",1,3,40,7,3,1,10.55535,2,80,145,2,11,37.78061,90,1.1302,0.44505,1,8,7,8,26,0.49,19.40081,10,11.45515
46,"2019-10-21","Blight","Fossil",1,3,40,7,3,1.1002,12,2,80,140,2,13,35,90,2,0.47,1,8,7,8,26,0.5,20,9.6703,12
47,"2019-10-22","Blight","Fossil",1,2,38,7,3,1,11,2,80,137.33005,2,13,30,100,2,0.24,1,7.6902,7,8,25,0.48,20,10,11
48,"2019-10-23","Blight","Fossil",1,2,35.87,7,3,1,11,2,80,134,2,13.3502,30,105,2,0.41,1,8,7,8,24,0.5,20,9.50061,11
49,"2019-10-24","Blight","Fossil",1,2,38.95545,6,3,2,11,2,85,128.53576,2,14,30,107.94,2,0.43505,1,8,7,8,22,0.5,20,9,10
50,"2019-10-25","Blight","Fossil",1,2,38.75,7,3,2,11,2,93.64146,122,2,14,30,110,2,0.45005,1,8,7,8,23,0.5,20,9,11
51,"2019-10-26","Blight","Fossil",1,2,39.41081,6,3,2,11,2,92.77545,120,2,13.74566,30,107.0303,2,0.43,1,8,7,7.76061,22,0.5,20,8,11
52,"2019-10-27","Blight","Fossil",1,2,38,6,3,2,11,2,90,129.15045,1,14,30,105,2,0.32005,1,8,7,7,22,0.48005,20,9,10.3401
53,"2019-10-28","Blight","Fossil",1,2,37.99,6,3,1,11,2,91.9802,134.67505,2,13,30,105,2,0.40505,1,8,7,7,21,0.5,20,9,10
54,"2019-10-29","Blight","Fossil",1,2,39.98,6,3,2,11,2,89.00187,135,1.64,13,30,107.74091,2,0.5,1,8,6.56025,7,21,0.5,20.0001,9,10
55,"2019-10-30","Blight","Fossil",1,2,40,6,3,2,11,2,89.6501,135.28071,1.0301,13,29.5804,110,2,0.38,0.8502,8,7,7,21.45939,0.5,21,9,10
56,"2019-10-31","Blight","Fossil",1,2,40,6,3,1,11,2,89.94,137.36081,1.43056,13,26.14096,110,2,0.5,1,8,7,7,23,0.5,21,10,10
57,"2019-11-01","Blight","Fossil",1,2,40,6,3,1,10,2,88,140,1,13,30,103.86121,2,0.48,1,8,7,7,23,0.5,21,10,10
58,"2019-11-02","Blight","Fossil",1,2,44,6,3,1,10,2,84,160.15061,1,13,30,100,1.44505,0.48515,0.6501,8,7,7,23,0.5,20,10,10
59,"2019-11-03","Blight","Fossil",1,2,44,5,3,1,10,2,88.93525,160,1,11.0202,30,100,2,0.39,0.66515,8,7,7,23,0.39,19,9,10
60,"2019-11-04","Blight","Fossil",0.57,2,45,6,3,1,9.91045,2,90,155,1,12,30,100,2,0.41005,0.86025,8,6,7,23,0.5,20,9,10
61,"2019-11-05","Blight","Fossil",0.77505,2,50,6,3,1,10.60636,2,92.42505,155,1,13,31.9,100,2,0.5,0.71646,8,6,7,23,0.5,20,8.71505,9.82
62,"2019-11-06","Blight","Fossil",1,2,51.24273,6,3,1,11,2,90,154.31005,1,13,33,104,2,0.5,0.6503,8,6,7,23,0.5,20,9,9
63,"2019-11-07","Blight","Fossil",1,2,55,5,3,1.2901,11,2,90,153.13035,1,13,33,100,2,0.5,0.99,8,6,6,23.02005,0.5,19,8,9
64,"2019-11-08","Blight","Fossil",1,2,50,5.12056,3,1,10.03015,2,89.6702,149.80015,1,14,34.19,99.63045,1,0.5,0.5,8,6,6,22,0.5,19,8,9
65,"2019-11-09","Blight","Fossil",0.6402,3,50,6,3,1,10.52101,2,88.27096,148.68025,1,14,35,100,1,0.2,0.5,7.51,6,6,22,0.44005,17,7,8.08
66,"2019-11-10","Blight","Fossil",0.75005,3,50,5.91045,3,1,10,2,85,140.43015,1,13,35,100,1,0.41005,0.5,7,6,6,23.53025,0.5,15.00106,7,8.18
67,"2019-11-11","Blight","Fossil",1,3,49,5,3,1,9,2,88,139.99,1,13.97,35,100,1.5601,0.4901,0.5,7,6,6,22,0.5,15,7,9
68,"2019-11-12","Blight","Fossil",1,3,45.25,5,3,1,10,2,85,140,1,14,33.34884,97.17,1,0.49,0.5,7,5.8102,6,22,0.5,15,6,9
69,"2019-11-13","Blight","Fossil",1,3,45,5,3,2,10,2,80,135.15152,1.18,13,34.56,95,2,0.5,0.5,7.78505,6,6,22,0.5,15,6,9
70,"2019-11-14","Blight","Fossil",1,3,40,5,3,1,10,2,80,137.0502,1,12,33,95,1,0.5,0.5,8,6,5.9202,21.68091,0.5,15,6,9.61
71,"2019-11-15","Blight","Fossil",1,2.5301,40,5,3,1.4403,10,2,80,139.37056,1,12,33,94.83,1,0.5,0.5,8,7,6,20,0.49,15,6,10
72,"2019-11-16","Blight","Fossil",1,3,40,5,3,1,9.87,2,80,140,1,12,33,90,1,0.21,0.5,8,6,6,20,0.49,14,6,10
73,"2019-11-17","Blight","Fossil",0.92005,2,36.38,5,3,1,10,2,78.21015,140.4799,1,10,35,90,1,0.44,0.5,8,6,5.00056,20,0.43,13,6,9.62
74,"2019-11-18","Blight","Fossil",1,2,35,5,3,1,9,2,78,143.00061,1,10,39,90,1,0.2901,0.5,8,6.3803,6,20,0.5,13,5,9.65614
75,"2019-11-19","Blight","Fossil",1,2,33.87066,5,3,1,9.90015,2,78,144.6403,1,10,36.44106,93.52,1,0.22,0.5,8,7,5,22,0.46005,13,6,9
76,"2019-11-20","Blight","Fossil",1,2,30.05,5,3,1,9,2,78,144.28505,1,10,40,94,1,0.21505,0.5,8,7,5,22,0.5,15,6,9
77,"2019-11-21","Blight","Fossil",0.69,2,30,5,3,1,8.8402,2,78,141.89,1,10,40,92.23015,1,0.28,0.5,8,7,5,20.89015,0.48005,15,6,9
78,"2019-11-22","Blight","Fossil",1,2,30,5,3,1,9,2,78.99,142.5696,1,10.03,40,90,1,0.32005,0.45,8,7,5,22,0.22,13.00091,6,9
79,"2019-11-23","Blight","Fossil",1,2,32.33283,5,3,1,8,2,78,141.23768,1,10,40,85,1,0.23,0.5,8,5,5,21.22525,0.5,13,6,9
80,"2019-11-24","Blight","Fossil",1,2,34.92081,4,2,1,8.35535,2,78.52737,140.03505,1,10,40,85,1,0.5,0.5,8,5,5,22.00505,0.5,13,5,9
81,"2019-11-25","Blight","Fossil",1,2,35,4,3,1,9,2,79,141.685,1,10,40,87.70576,1,0.24,0.5,8,5.3001,5,22,0.39505,13,5,9
82,"2019-11-26","Blight","Fossil",1,2,35,4.0303,3,1,9,2,79,142.3,1,10,40,88,1,0.5,0.5,9,7,5,22,0.5,14,5.23535,9
83,"2019-11-27","Blight","Fossil",1,2,35,4.35061,3,1,8,2,80,142.42,1,10,40,85,1,0.5,0.5,8.52051,7,5,23,0.5,15,6,9
84,"2019-11-28","Blight","Fossil",1,2,35,5,3,1,8.72515,3,79,141.32,1,10,40,86.59505,1,0.5,0.49,8,6.9801,5,23,0.5,15,5,10
85,"2019-11-29","Blight","Fossil",1,2,35,5,3,1,9,3,79,140.36,1,10,40,85,1,0.5,0.5,8,7,5,23,0.49505,14.34535,5.32556,10
86,"2019-11-30","Blight","Fossil",1,2,35,5,3,1,8,3,80,137.56551,1,10,40,85,1,0.5,0.5,8.51071,6,5,23,0.49505,14.08051,5,10
87,"2019-12-01","Blight","Fossil",1,2,35,4,3,1,7,2,80,136.73968,1,10,40,85.29525,1,0.48,0.5,8,7,5,21,0.48,14,6,10
88,"2019-12-02","Blight","Fossil",1,2,35,5,3,1,7,2,80.78,138.2237,1,10,40,88.22525,1,0.49,0.5,8,5.0402,5,22,0.5,14,6,10.11
89,"2019-12-03","Blight","Fossil",1,3,35,5,3,1,9.7602,2,84.09,134.24,1,11,40,89.28505,1,0.25,0.5,8,6,5,23,0.5,14.9102,5.2502,10.82
90,"2019-12-04","Blight","Fossil",1,3,35,5,3.96,1,8,2,84.91043,136.33,1,11,40,89.35525,1,0.25,0.5,8.8203,6.0503,5,22.08586,0.5,15,5,11
91,"2019-12-05","Blight","Fossil",1,2.00505,35,5,3,1,10,2,82.62,148.21,1,10,40,90,1,0.5,0.5,9,6.41505,5,22,0.5,15,5,11
92,"2019-12-06","Blight","Fossil",1,2,35,5,3,1,10,2,89.98,148.12,1,11,40,90,1,0.5,0.5,9,7,5,22,0.5,16,6,12
93,"2019-12-07","Blight","Fossil",1,2,35,5,3,1,9,2,90,148.87446,1,11.60051,40,90,1,0.5,0.5,8.67505,7,5,21.70525,0.5,15,6,11.42
94,"2019-12-08","Blight","Fossil",1,2,35,5,3,1,9,2,95,150.96,1,11,41.59,90,1,0.49,0.5,8,7,5,22,0.49,15,6,10.14
95,"2019-12-09","Blight","Fossil",1,2,37,5,3,1,9,2,95,160,1,11,41.07777,92,1,0.49,0.49,8.3401,7,5,21.73,0.5,14,7.23535,12
1,"2018-08-31","Delve","Fossil",0,0,0,0,0,0,0,0,0,0,0,0,0,0,0,0,0,0,0,0,0,0,0,0,0
2,"2018-09-01","Delve","Fossil",0,0,0,0,0,0,0,0,0,0,0,0,0,0,0,0,0,0,0,0,0,0,0,0,0
3,"2018-09-02","Delve","Fossil",0,0,0,0,0,0,0,0,0,0,0,0,0,0,0,0,0,0,0,0,0,0,0,0,0
4,"2018-09-03","Delve","Fossil",0.43,2,26.98,3,1,0.44,3,4,75.95192,139.98,0.43,16,60.66,37.47077,1,5,0.43,2,3,1,15,1,1.44122,35,35
5,"2018-09-04","Delve","Fossil",0.47,2,24.78,3,1,1,3,4,60,125.44216,0.48,15.70092,59.3,52.07,1,5,1,2,3,2,15,1,2,29,28.2366
6,"2018-09-05","Delve","Fossil",0.49,3,25,2,8,0.98,3,4,180.07,109.78016,0.49,11,34.7848,39.69776,2,5,2,2,8,2,14.80184,1,2,27,21.125
7,"2018-09-06","Delve","Fossil",0.47,2,18.3225,2,5,1,3,2,343.83625,106.21,0.4901,9,25.69,34.44837,2,7,2,2,5,2,12,1,1,26,18.05807
8,"2018-09-07","Delve","Fossil",0.47,2,19.48,1.03255,4,1,3,2,127.8825,123.10235,0.47,9.22337,29.9364,38.74783,2,9,1,2,5,2,13,1,1,24,16
9,"2018-09-08","Delve","Fossil",0.31,2,20,1,4,1,3,2.76041,172.83067,98.43224,0.31,13,35,40,2,8.75714,1,2,4,2,13,1,1,28,16.70742
10,"2018-09-09","Delve","Fossil",0.29,3,19.55243,1,2,1,2.8102,2,177.02,100,0.29,12.31592,36.84561,56.81878,2,8,1,2,3.9951,2,10,0.5651,1,38.38776,18.95161
11,"2018-09-10","Delve","Fossil",0.29,3,23,1,2.07041,1,3,2,154.50816,90.42653,0.29,13.02551,36.46551,50,2,9,1,2,4,3,12,1,1,39,20
12,"2018-09-11","Delve","Fossil",0.3,3,24,1,2,1,3,4,164.57,108.88592,0.3,15,35,50.67755,2,15,1,2,4,3,13.91184,1,1,36.88163,20
13,"2018-09-12","Delve","Fossil",0.32,3,25,1,2,1,3,5,197.29102,126.96,0.32,15,40.14079,55,2,19.3702,1,2,4,4,14.0002,1,1,41.15622,30
14,"2018-09-13","Delve","Fossil",0.41531,3,30,1,2,1,3,4.25592,191.77551,123.72776,0.4751,14,59,60,2,17,1,2.95551,4,4,14,1,2,45,30
15,"2018-09-14","Delve","Fossil",0.49,3.5202,37.36143,1,2.47051,1,3.9901,5,177.92184,196.48092,0.43041,17,60,56.09316,2,18,1,3,4,4,15,1,2,48,31.00959
16,"2018-09-15","Delve","Fossil",0.43041,3.56031,32,1,2,1,3,5,138.86112,115,0.4801,15,61.98617,54,2,19.88122,1,3,4,3.66071,16,1,2,45,36
17,"2018-09-16","Delve","Fossil",0.4102,4,30,1,2,1,3,5,115.32653,105,0.4151,14,69.09563,53,2,18.18367,1,3,4,3,17,1,2,40,35
18,"2018-09-17","Delve","Fossil",0.46,4,32,1,2,1,4,5,109.00235,120,0.4501,14,62.68,54.08296,2.0002,18,1,3,4,3.5001,18,1,2,40,34
19,"2018-09-18","Delve","Fossil",0.4401,4.75133,35,1,2,1.0301,4,5,100.00245,125,0.46,14,60,69.79214,3,18.84041,1,3,4,4,18,1,2,40,35
20,"2018-09-19","Delve","Fossil",0.4201,7,37.87,1,2,1.9001,4,5,98.00214,125,0.42,15,59.00235,85,3,20,1,3,4,3.94031,19,0.9502,2,43.4402,36.51571
21,"2018-09-20","Delve","Fossil",0.4251,5.29347,41.24122,1,2,2,4,5,95.87265,133.89592,0.44,14.30918,55,90,3,25,1,3,5.11735,3.98041,19,1,2,53.10204,39
22,"2018-09-21","Delve","Fossil",0.43,5,40,1,2,1.13061,4,5,89.25,135,0.43,13.80592,58,95,3,29,1,3,5,3.94531,18,0.9902,3,48,38.59444
23,"2018-09-22","Delve","Fossil",0.43,4,41.56204,1,2,1,3.53041,5,75,151.31122,0.44,15,54,85,2,25.15816,1,2.9951,5,3,16,0.8351,2.89143,40.34184,43
24,"2018-09-23","Delve","Fossil",0.43,4,40,1,2,1.5,3,5,67.16663,237.94122,0.42,20,53.68082,70.00531,2,24.42173,1,3,4.66082,3,15.0002,0.5,2,44,42.56337
25,"2018-09-24","Delve","Fossil",0.42,4,41,1,2,2,3,5,78.00469,189.38337,0.43,16.63041,55.86041,60.4252,2,25,1,3,4.82153,3,17,0.4701,2,46.65357,44
26,"2018-09-25","Delve","Fossil",0.41,3,42,1,2,2,3,5,80,150,0.42,15,54.73276,57.00071,2.00265,25,1,3,4,2.1501,17,0.4502,2,45.94265,45
27,"2018-09-26","Delve","Fossil",0.4,3,42,1,2,2,3,6,85,150,0.4151,15,58.67,65,3,29.91673,1,3,4,2,17,0.4251,3,52,45
28,"2018-09-27","Delve","Fossil",0.42,3,45,1,2,1.85306,3.35082,5,90,149.63041,0.4,15,65.35714,77.05796,2.53571,41.65592,1,3,4,2.29612,18,0.45,3,60,55.97643
29,"2018-09-28","Delve","Fossil",0.41,3,60.12041,1,2,2,3.40102,5,99.02082,135.27061,0.3702,15,74,85,2.4,38,1,3,4,2.00041,18.52122,0.4501,3,61.30133,58.00071
30,"2018-09-29","Delve","Fossil",0.3401,3,59,1,2,1.0902,3.72112,5,114.51,137.46296,0.3801,14.00867,68,90.01286,2,35,1,3,4,2,19,0.4401,3,60.12082,59.46061
31,"2018-09-30","Delve","Fossil",0.4,3,57,1,2,1,3.9802,5,100.82255,111.49398,0.4,14,70,83.61051,2,37,1,3,4,2,18,0.41,3,60,59.0102
32,"2018-10-01","Delve","Fossil",0.44,2.43714,57,0.9898,2,1.5151,4,5.20082,96.95204,111.57082,0.4151,12.86612,70,80,2,38,1,3,4,2,17,0.46,3,60,59
33,"2018-10-02","Delve","Fossil",0.4,2.92082,57,1,2,1.5501,4,5,79.08194,114.80133,0.4,12,69.29071,88.0001,2.7402,38,1,3,4,2,18,0.4001,3,60,59
34,"2018-10-03","Delve","Fossil",0.41,2.93071,55.83092,1,2,1.09092,4,8,75,115.47,0.4702,12,65,99,2.65031,38.67194,1,3,4,2,18,0.46,3,59.0002,56.07378
35,"2018-10-04","Delve","Fossil",0.42,2.2451,51.12122,1,2,1.95571,4,9.14082,68,114.18531,0.4102,12,55,99,2,7.31633,1,3,3.82,2,18,0.4,3.83041,13,51.07653
36,"2018-10-05","Delve","Fossil",0.37,2.41837,57,1,2,1.61633,4,10,66,110,0.39,12,65,95,2,6.7649,1,3,3.57531,2,18.33,0.4051,3,10,56.66
37,"2018-10-06","Delve","Fossil",0.3851,2,59,1,2,1.57122,4,10.56898,70,100,0.3851,12,77,93.83184,2,4.83837,1,3,4,1.68531,20,0.42,3,9,59
38,"2018-10-07","Delve","Fossil",0.38,2,60,1,1.8751,1,4,11,80,100,0.38,12,75,86.98653,2,4.68653,1,3,4,1.5,20,0.4351,3.47,8.9902,61.74
39,"2018-10-08","Delve","Fossil",0.38,2,67.31796,1,2,1.30551,4,12.31082,83,109.79102,0.2951,13,69,84,2.27122,4,1,3.2251,4,1.8202,20,0.4051,4,8,65
40,"2018-10-09","Delve","Fossil",0.39,2,68.21031,1,1.7502,2,4,13,85.42827,119.78041,0.3901,12.37204,68.4701,87.20459,2.93061,4,1,3.11061,4,1.79051,23.19235,0.3902,4,9,68
41,"2018-10-10","Delve","Fossil",0.3202,2,69.9002,1,1.48,1.4651,4,13,85,115,0.2902,13,70,100,2.69571,4,1,3.83612,4,1.5302,24,0.3351,4,9,69
42,"2018-10-11","Delve","Fossil",0.3151,2,70,1,1.1002,1.2351,4,13,95.40204,110.72959,0.3651,13,75,120.0802,2.23061,4,1,3.89082,4,1.93633,23,0.3651,4,9,72
43,"2018-10-12","Delve","Fossil",0.35,2,153.87347,1,2,1.60122,4,12,110,114.68592,0.4151,13,91.79122,117,2,4,1,3.3251,4,2,22,0.41,3.64041,8.46755,74.69173
44,"2018-10-13","Delve","Fossil",0.34,2,128.02163,1,2,1.7002,4,12.72082,119.17857,117.42347,0.35,13,100.43265,114,2,3.9951,1,3,4,2,22,0.4,3.31245,8,96.34367
45,"2018-10-14","Delve","Fossil",0.27061,2,108.0051,1,2,1.98,4,14,158.53102,120,0.3451,13,110.99286,110,2,3,1,3.0102,4,2,24,0.4302,4,8,100
46,"2018-10-15","Delve","Fossil",0.3202,2,105,1,1.64122,1.74041,4.3102,13,199.2502,120,0.4002,14,110,108.12735,2,3,1,4,4,2,28.2951,0.46,4,8,100
47,"2018-10-16","Delve","Fossil",0.3951,2,110,1,1.85531,1.8502,5,12.96082,189.45878,126.77224,0.3402,14,149.6151,110,2,3,1,4,4.76082,2,28,0.4151,4,8,104.36816
48,"2018-10-17","Delve","Fossil",0.39,2,114.71,1,2,1.83122,5,15,184.90694,120,0.3702,14,142.80571,119.73061,2,3,1,4,5,2,28,0.44,4.73,7,110
49,"2018-10-18","Delve","Fossil",0.32,2,181.87173,1,2,1.85031,5,15,180,120.5202,0.37,13.50061,140.79031,167.17214,2,3,1,4,4.79061,2,28.88122,0.39,5,7,114.15143
50,"2018-10-19","Delve","Fossil",0.39,2,174,1,1.87571,2,5,14,190,120.68367,0.35,14.02,135,157.29122,2,2.92061,1,4,4.0751,2,30,0.4251,4,8,117.13776
51,"2018-10-20","Delve","Fossil",0.3251,2,166.39755,1,1.36082,1.64041,4.91041,15,176.98102,119.42571,0.4,14.96571,140,137.09857,2,2,1,3,4,2,30.44898,0.4,4,8,118
52,"2018-10-21","Delve","Fossil",0.33,2,125,1,1,1.9151,4.75082,15,169.18306,120,0.3551,14.1251,145,145,2,2,1,3,4,1.7951,30,0.43531,4,8,119.95592
53,"2018-10-22","Delve","Fossil",0.29531,2,128,1,1,1.9951,4.28061,16,141.07653,120,0.33,15,145,144.24041,2,2,1.05531,3.7502,4,2,30.25,0.4702,3.98041,8,118.5051
54,"2018-10-23","Delve","Fossil",0.36031,2,130,1,1.60071,2,4,17.62061,140,120,0.40031,15,160.03296,152.44673,2,2,1.22061,4,4,2,34,0.4101,4,8,119.81112
55,"2018-10-24","Delve","Fossil",0.3851,2,140.0151,1,1.93041,2,4.53592,20,150,125,0.47,15,150,153.94286,2,2,1,3.68082,4,2,34.18735,0.48,4,7.18367,120
56,"2018-10-25","Delve","Fossil",0.39,2,139.54,1,2,2,4,20,160,130,0.45,15.34551,150,154.21143,2,2,1.15633,4,4,2,34,0.3851,3.9951,7,120
57,"2018-10-26","Delve","Fossil",0.3451,2,151.95041,1,1.9751,2,4,20,169.32633,129.89224,0.3751,15.8451,157.15816,159.12,2,2,1,4,4,1.81531,33.5102,0.3951,3.9951,7,125.47735
58,"2018-10-27","Delve","Fossil",0.3851,2,150,0.9951,2,2,4,20,160,133.06327,0.40551,15.1151,160,170,2,2,1,3,4,1.6051,34,0.4451,4,8,130
59,"2018-10-28","Delve","Fossil",0.36,2,161.99735,1,2,2,4,20,160,137.93041,0.4101,16,167,164.9602,2,2,1,3,4,1.78061,35.57439,0.36,4,8,136.76102
60,"2018-10-29","Delve","Fossil",0.33,2,159.23061,1,2,2,5,20,152.74,139.53,0.36531,15.63,170,155,2,2,1,3,4,1.84633,30,0.35,3.94,8,139.05531
61,"2018-10-30","Delve","Fossil",0.32,2,166.71755,1,2,2,5,20,159.9902,146.2451,0.33,16.36224,172.65265,160,2,2,1,3,4,1.86061,30,0.39,4,7,139.93388
62,"2018-10-31","Delve","Fossil",0.3751,2,173.87571,0.96,2,1.85,4.82,20,165,144.05,0.3702,17.34122,190,159.56061,2,2,1,3.27041,4.59531,1.8251,33.5102,0.31,4,6,145
63,"2018-11-01","Delve","Fossil",0.33,2,179,1,2,2,5,20,168,141.52,0.41041,18.21939,193.36959,160.27551,2,2,1,3.9102,4,1.75551,35,0.3851,4,7,140
64,"2018-11-02","Delve","Fossil",0.3251,2,170.70122,1,2,2,4.5202,20,168,142.53531,0.39,19.8051,194.29122,169.5298,2,2,1,3,4,1.8351,35.22959,0.33,3.9651,7,144.24204
65,"2018-11-03","Delve","Fossil",0.35,2,170,1,2,2,4.8002,20.64347,169.65163,144.38082,0.36,19.57041,191.14796,169,2.4802,2,1,3.40163,4,2,35.92163,0.3602,3.97061,7,144.87265
66,"2018-11-04","Delve","Fossil",0.33,2,169.9,1,1.72592,2,5,19,160.30612,141.78837,0.33,18.03061,189.98531,169.09694,2,2,1,3.31102,4.29061,2,35,0.3551,4,7,141.05551
67,"2018-11-05","Delve","Fossil",0.36,2,160.72878,1,1.11102,2,5,19,156.2,140,0.34,20,180.33224,168.89224,2.60082,2,1,3.73143,4.65061,1.99,35,0.37,3.98041,7,142.75612
68,"2018-11-06","Delve","Fossil",0.3551,2,170,1,1.52245,2,5,20,162.18755,144.38082,0.44,20,180.10714,155.07653,2.79082,2,1,4,5,2,36,0.41,4,7,140
69,"2018-11-07","Delve","Fossil",0.36,2,150,1,1,2,5,20,160,144.93592,0.43,20,178.85796,156.82204,2.84551,2,1,3.9951,5,2,35,0.3902,4,7.7951,145
70,"2018-11-08","Delve","Fossil",0.4251,2,169.89714,1,1.6102,1.98,5,22,165,145,0.5,20,178.75,170,2.40102,2,1,4,4.6702,1.8051,35,0.4202,4,8,145
71,"2018-11-09","Delve","Fossil",0.3402,2,180,1,1.39551,2,6,22,165.05,150,0.4351,20,180.44857,164.77959,2.3602,2,1,4,4.80571,1.96531,35,0.3951,4,7,149.39327
72,"2018-11-10","Delve","Fossil",0.3351,2,185,1,1,1.79551,5.46592,22,169.46327,149.3502,0.4751,20.6502,180,166.32531,2.48531,2,1,3.87653,5,1.82531,31.0502,0.4151,4,7.1,145.655
73,"2018-11-11","Delve","Fossil",0.4302,2,184.08184,1,1.52551,1.7851,4.77612,22.95592,180.97,154.04592,0.4,20,173.41143,169.89102,2,2,1,4,4.9102,1.9751,34.46061,0.41,4,7,148.72545
74,"2018-11-12","Delve","Fossil",0.47,2,180,1,1,1.99,5,24.7551,180,159.58592,0.4902,20,180,173.45714,2.51,2,1,4,5,1.88592,35.08163,0.38,4,7.60143,156.2
75,"2018-11-13","Delve","Fossil",0.4151,2,185.42429,1,1.54612,2,4.28612,37.16163,181.11612,180.48041,0.4302,20,180.78,175,2.0051,2,1,4,5,1.81592,36.78429,0.46,4.4002,8,170
76,"2018-11-14","Delve","Fossil",0.5,2,195,1,1.98,2,4.5151,35,190.4,182.65,0.4102,20,190.42531,184.01,2,2,1,4.11592,4.52,1.5,38.56,0.4851,4.53041,7.21735,178.8349
77,"2018-11-15","Delve","Fossil",0.3851,2,189.50694,1,1,1.5902,4.64531,29.82551,185.62,187.5,0.46531,21.20061,200,198.60571,2,2,1,3.76592,4,1.5,38,0.4451,4,7,184.7951
78,"2018-11-16","Delve","Fossil",0.3851,2,183.12714,1,1.4551,1.75531,4,27.26633,190.29,187.82857,0.5,20.21592,203.62122,194.04204,2,2,1,4,4.15306,1.47061,35,0.42,4,7.77571,186.71592
79,"2018-11-17","Delve","Fossil",0.4051,2,185,1,1,1.51531,4,30,194.30082,185,0.42,22,200,188.22204,2,2,1,3.5202,4,1.2951,32.04082,0.37,4,7,185
80,"2018-11-18","Delve","Fossil",0.41,2,182.33061,1,1,1.10653,4,28.71102,182.61816,179.14776,0.4502,19,195,178.54,2,2,1,3.32102,4.06633,1,30,0.4751,4,7,180
81,"2018-11-19","Delve","Fossil",0.3751,2,178.12,1,1,1,4.32,30,185.63286,174,0.4151,19,199.14,178.67224,2,2,1,4,4,1,30,0.5,3.76531,8,177.7502
82,"2018-11-20","Delve","Fossil",0.50031,2,178.35,1,1,1,4.98531,30,184.93796,176.28,0.5,17.54,179.73,179.71,1.27,1.35816,1,3.7,4.88163,1.44,30,0.5,3.69041,8,175
83,"2018-11-21","Delve","Fossil",0.61,2,178.35,1,1,0.98,5,34.14,184.79,176.28,0.5,17.54,179.73,179.71,1.27,1.2,1,3.7,4.96,1.44,30,0.74,4,8,175
84,"2018-11-22","Delve","Fossil",0.38,2,179.60082,1,1,1,4,30,180,170,0.39061,20,184.68163,176.08388,2,2,1,3.25551,3.97041,1.48531,30,0.38,4,7.37571,170
85,"2018-11-23","Delve","Fossil",0.33041,2,178.57061,1,1,1.8851,4,30,180,169,0.4051,19.74,180,170.19898,1.75571,2,1,3.54571,4,1.4951,31,0.38,3.43551,7,166.84
86,"2018-11-24","Delve","Fossil",0.4102,2,175.62898,1,1.01,1.4002,4,30,182.01286,166.69633,0.45,19,169.9702,171.70449,1.6902,1.85571,1,3.31061,3.95,1.2402,30,0.42,4,8,167.34
87,"2018-11-25","Delve","Fossil",0.3651,2,180,1,1.1,1.11551,4,31.31041,185,174.80408,0.3951,19.19898,180,169,2,2,1,3.9502,4,1.1502,30.46245,0.4651,4,7,166.78612
88,"2018-11-26","Delve","Fossil",0.38,2,179.8,1,1.67041,1.79041,4,30,185.40306,178.24551,0.43,20,178.54,180,2,2,1,4,4.01,1.5,34,0.42,4.5,7,178.54
89,"2018-11-27","Delve","Fossil",0.47,3,182.58041,1,1.1102,1.44633,4,30,189.17531,178.26551,0.41,19.15082,175.17,178.68,2,2,1,4,4.24122,1.5,32.89224,0.4251,4.49551,7,177.05
90,"2018-11-28","Delve","Fossil",0.46,4,178.12,1,1.62051,1.80041,4,33,186.08439,183.33,0.47,19,179.3301,179.28,2,2,1,4,5,1.5,33,0.5,4.32122,7,177.48
91,"2018-11-29","Delve","Fossil",0.39,3.95592,179.6351,1,1.4051,1,4,30,186.96102,180.73,0.46,20,179.00245,180,2,2,1,4,4.62551,1.5,35,0.49,4.11224,7,180
92,"2018-11-30","Delve","Fossil",0.3401,4.36306,179.5,1,1.57051,1.03041,4,29.86,189.99878,185,0.41,20,186.69449,188.9,2,2,1,4.58173,5,1.5,37.58,0.39,5,8,179.45
93,"2018-12-01","Delve","Fossil",0.39,4.22061,180.02,1,1.0951,1,3.72551,29,194.69462,180.01,0.49,19.86633,190.90408,185.62082,2.24041,2,1,3.64,5,1.1551,39,0.44,4.0102,8,180
94,"2018-12-02","Delve","Fossil",0.48,4,190.2351,1,1,1,3.35633,29,190,180,0.4502,24.02,193.05837,192.0451,2,2,1,4,5,1.08,39,0.4851,4.2851,8,180
95,"2018-12-03","Delve","Fossil",0.22,4.52,190,1,1,1,4,30,190,195.3,0.4,25,194.79,190,2,2,0.96,2.2,5,1,39,0.5,4.04,7.89,180.53
1,"2019-06-07","Legion","Fossil",1,0,0,0,0,2,0,0,0,0,1,0,0,0,1,0,1.54929,0,0,2,0,1,0,0,0
2,"2019-06-08","Legion","Fossil",1,1,276.7125,1,2,1,2,1,154.185,239.075,1,2.34724,0,123.03333,1,1,1,1,1,1,3.92081,1,2,1,28.33
3,"2019-06-09","Legion","Fossil",1,1,237.96,1,2,1,1.44207,1,68.66219,164.71529,1,2,60,100,1,1,1,2,2,1,3,0.98005,4,1,4.99
4,"2019-06-10","Legion","Fossil",1,1,253.23794,1,3,1,1,1,67.08294,132.36536,0.99,3,28,59.77049,1,1,1,5,2,2,3.98005,1,10,2,4
5,"2019-06-11","Legion","Fossil",1,1,250,1,4,1,2,1,45,147.0175,0.62505,4,21.70155,40.00418,2,1,1,7,3,3,5,0.31,14,2,3.77172
6,"2019-06-12","Legion","Fossil",1,1,241.25976,1.73081,5,1,2,1,60,160.13409,0.38,4,17,53,2,0.75,1,8,3,3,8,0.31,14,2,5
7,"2019-06-13","Legion","Fossil",1,1,180,2,4,1,2,1,70,150,0.3,4,15,54,2,0.56505,0.91505,9,3,3,8,0.3,14.00505,3,5
8,"2019-06-14","Legion","Fossil",1,1,161.57086,2,4,1,1.0501,1,114.67966,138.18029,0.28,4,15,60,2,0.35025,1,10,3,4,10,0.28,15,3,5.95
9,"2019-06-15","Legion","Fossil",1,1,140,1,4,1,1,1,90,150,0.28,4,15.33297,79,2,0.44005,1,7,2,2,10,0.28,15,3,6
10,"2019-06-16","Legion","Fossil",1,1,145,1,4,1,1,1,90,181.16837,0.27,4,17,72,2,0.27505,1,10,2,4,10,0.27,18,4,6
11,"2019-06-17","Legion","Fossil",1,1,150,1,4,1,2,1,99.03,244.06,0.27,4,20,75,2,0.27,1,11.79106,2,5,14,0.27,20,4,6
12,"2019-06-18","Legion","Fossil",1,1,155.54435,1,4,1,2,1,110,352.44,0.3,4,20,80,2,0.29,1,11,2,5,14,0.3,20,4,6
13,"2019-06-19","Legion","Fossil",1,1,140,1.82005,4,1,2,1,115,425.7329,0.34,4.2602,19.72086,81.75803,2,0.33,1,10.98455,2,5,15,0.33,19,4,6
14,"2019-06-20","Legion","Fossil",1,1,144.07909,1,4,1,2,1,126.28781,480.80716,0.38,4,19,90,1.41157,0.38,1,10,2,4.00313,15,0.37005,17.74131,3.36323,6
15,"2019-06-21","Legion","Fossil",1,1,144.81813,1,3.00505,1,2,1,128.87713,492,0.43,4,20,85,1.7903,0.43,1,10,2,4.42293,14.9602,0.43,18,4,6
16,"2019-06-22","Legion","Fossil",1,1,139.5803,1,2,1,1.2101,1,124.02,593.13779,0.43,3.37081,20,82.73535,1,0.43,0.9701,9,2,2.87626,14,0.43,12.9604,3,7.92
17,"2019-06-23","Legion","Fossil",1,1,139.38035,1,2,1,1.9301,1,110,582.82,0.43,4,20,85,2,0.43,0.5,10,2,5,15,0.43,20,3.83015,8
18,"2019-06-24","Legion","Fossil",1,1,141.90556,2,2,1,3,1,110,616.13,0.43,4,20,90,2,0.43,0.5,10,2,5,17.1102,0.43,20,4,9.69
19,"2019-06-25","Legion","Fossil",1,1,145,2,2,1,2.80025,1,100.67076,721.17157,0.42,4,22,95,2,0.41,0.5,12,2,5,19.6203,0.41,20,4,10
20,"2019-06-26","Legion","Fossil",1,1,179,2,2,1,3,1,113.63202,777.38684,0.41,5,24,95.07955,2,0.41,0.5,13,2,5,19,0.41,20,4,11.85202
21,"2019-06-27","Legion","Fossil",1,1,232.89659,2,2,1,3,1,120,860.49541,0.41,4,26.50354,127.31,2,0.41,0.47505,13.83505,2,5,19,0.41,20,4,12
22,"2019-06-28","Legion","Fossil",1,1,314,2,2,1,3,1,120,784.55076,0.41,4,26.78076,157,2,0.41,0.5,13,2,5,19,0.41,20,4,13
23,"2019-06-29","Legion","Fossil",1,1,325.10988,2,2,1,3,1,130,785.83889,0.42,4.49535,25,170,2,0.42,0.4801,12,2,5,19,0.42,20,4,12
24,"2019-06-30","Legion","Fossil",1,1,400,1.4201,2,1,3,1,140,770.2,0.43,5,21.66015,153.79005,2,0.43,0.5,12,2,5,19,0.43,20,4,12
25,"2019-07-01","Legion","Fossil",1,1,398.95581,1.02076,2,1,4,1,144.93,768.63764,0.44,5,23,152.56197,1,0.44,0.5,13,2.0002,5,18,0.44,20,4,11
26,"2019-07-02","Legion","Fossil",1,1,466.11,2,1,1,4,1,134.23,778.65156,0.44005,5,23,150,1.4001,0.44,0.48,14,3,5,19,0.45,20,3,11
27,"2019-07-03","Legion","Fossil",0.8801,1,625.90405,2,1,1,4,1,130,807.58444,0.45,5,24,157.99,1,0.46,0.48005,14,3,5,18,0.45,21,3,12
28,"2019-07-04","Legion","Fossil",0.8502,1,729.69745,1.98505,1,1,4,1,130,812.50101,0.47,5.80505,25,162.52545,1,0.46,0.48,14,3,5,18,0.46,21,3,12
29,"2019-07-05","Legion","Fossil",0.5,1,827.8,2,1,1,3,1,130,816.44096,0.48005,6,25,190,1,0.48,0.49,14,3,4.00051,17,0.48,20.75061,3,12
30,"2019-07-06","Legion","Fossil",0.51,1,845.21731,1,1,1,3.46005,1,138.07,789.74121,0.5,6.46,25.48323,186.88076,1,0.5,0.5,14,3,4,18,0.5,20.69015,3,12
31,"2019-07-07","Legion","Fossil",0.52,1,857.35,1,1,1,3,1,145,673.87404,0.5,6,29.8201,179.6802,1,0.5,0.5,14,3,4,17,0.5,21.0101,3,12.10242
32,"2019-07-08","Legion","Fossil",0.53005,1,868.59469,1,1,1,4,1,145,674.93162,0.5,6,29,175,1,0.5,0.5,15,3,4,18,0.5,21.51106,3,15
33,"2019-07-09","Legion","Fossil",0.53,1,952.85673,1,1,1,4,1,150,678.50061,0.5,5,29.93505,195,1,0.5,0.5,14,3,3.84505,18,0.5,20,3,15
34,"2019-07-10","Legion","Fossil",0.59,1,952.61561,1,1,1,4,1,171.51,631.81561,0.5,4.72051,29.08,249.68101,1,0.5,0.5,14,3,3,16.00753,0.5,21.00091,3,15
35,"2019-07-11","Legion","Fossil",0.63,1,1091.39,1,1,1,4,1,171.03,666.1204,0.5,5.60005,30,225,1,0.5,0.5,15,4,4,15,0.5,25,4,15
36,"2019-07-12","Legion","Fossil",0.60005,1,1048.53811,1,1,1,4.97005,1,265.76944,648.51131,0.5,5,30,220.23005,1,0.5,0.5,16,4,4,16,0.5,29,4,15
37,"2019-07-13","Legion","Fossil",0.62,1,1057.36171,1,1,1,4,1,250.07,595.10247,0.5,6,28,239.50081,1,0.5,0.5,16,4,4.84,15,0.5,28,4.06116,15.59
38,"2019-07-14","Legion","Fossil",0.62,1,1020.18,1,1,0.89515,5,1,250,593.11,0.5,13.36071,29.14,248.58056,1,0.5,0.5,16,4.9703,4.0101,15,0.5,28,5,17.02
39,"2019-07-15","Legion","Fossil",0.59,1,1438.85919,1,1,0.81505,5,1,245,593.0202,0.5,11,29.7402,337.8701,1,0.5,0.5,17,5,4,18,0.5,27,4.13515,17.39
40,"2019-07-16","Legion","Fossil",0.59,1,1275.22,1,1,0.87505,5,1,245,594.45586,0.5,10.88,30,340.06,1,0.5,0.5,17,5,5,19,0.5,28,5,17
41,"2019-07-17","Legion","Fossil",0.52,1,978.66566,1,1,0.58,5.01505,1,238.90135,595.1,0.5,10,30,323.06,1,0.5,0.5,16,5,4,18,0.5,27,5,17
42,"2019-07-18","Legion","Fossil",0.52,1,884.16,1,1,0.54,7,1,255.01,595.1,0.5,9,30,306.05,1,0.5,0.5,17,5,4,18.1701,0.5,27,5,17
43,"2019-07-19","Legion","Fossil",0.56005,1,835.71091,1,1,0.56005,6.7702,1,256.14,597.28015,0.5,8.95025,31,290.14,1.08015,0.5,0.5,17,5,4,18,0.5,27,5,16
44,"2019-07-20","Legion","Fossil",0.57,1,833.15,1,1,0.56005,7.00005,1,340.73146,596.2204,0.5,9,32,258.83258,1,0.5,0.5,16,5,4,19,0.5,28,6,15
45,"2019-07-21","Legion","Fossil",0.54,1,815.7503,1,1,0.54005,7.67136,1,375.17778,596.2001,0.5,8.00066,34.2702,251.94283,1,0.5,0.5,15.9602,5,4,20,0.5,27.24056,6,17
46,"2019-07-22","Legion","Fossil",0.53,1,766.1101,1,1,0.53,8,1,409.82051,565.39081,0.5,10,35,255.0003,1,0.5,0.5,16,5,4,22,0.5,27.05051,6.18015,17.93
47,"2019-07-23","Legion","Fossil",0.5,1,724.75,1,1,0.5,8,1,396.165,517.59061,0.49,9,35,275.05515,1,0.49,0.49,17,5,4,23.20172,0.49,29,7.41606,18
48,"2019-07-24","Legion","Fossil",0.5,1,681.80848,2,1,0.5,9,1,411.17,498.42015,0.48,10,40,276.82005,1,0.48,0.49,17,5.34232,4.0003,22,0.48,30,8,20
49,"2019-07-25","Legion","Fossil",0.5,1,675.62374,2,1,0.48,10,1,417.84,500.5503,0.48,11,41.72,300,1,0.48,0.48,18,6,5,25,0.48,31,8,20
50,"2019-07-26","Legion","Fossil",0.58005,1,625.00091,2,1,0.46,11.0001,1,515.37311,434.9,0.46,10,43.87383,347.92,1,0.46,0.46,18.59823,7,5,25,0.46,33,9,20
51,"2019-07-27","Legion","Fossil",1,1,591.36035,2,1,0.44,10.37015,1,529.51893,398.96,0.43,10,70,420.37884,1.3604,0.44,0.44,20,7,5,25,0.43,34.70096,10,68.27
52,"2019-07-28","Legion","Fossil",1,1,525.09061,3,1,0.43,10,1,522.8617,366.1401,0.42,10,60,413.74207,1.8901,0.42,0.43,20,7.00045,6,30,0.42,36.18354,10,60.0003
53,"2019-07-29","Legion","Fossil",1,1,525.45015,2.9701,1,0.42,11,1,555.04301,349.35005,0.41005,10,60,441.05167,2,0.41,0.42,20,8,6,30,0.42,38,10,55
54,"2019-07-30","Legion","Fossil",1,3,530.86515,3,2,0.42505,12,1,537.4303,300,0.39,10,55,408.41162,2,0.38,0.38,21,8,7,33,0.38,39,10,44.13131
55,"2019-07-31","Legion","Fossil",1,3,501.96662,3,1.99005,0.5,12,1,535.41,300,0.38,11,60,356.94,2,0.38,0.38,22,8,6,35,0.38,40,10,40
56,"2019-08-01","Legion","Fossil",1,4,485.81,3,2,0.62035,13,1,539.08,297.95061,0.37,15.02182,65,328.28015,2,0.34,0.47,23.2404,8,6,37,0.35,39,11,38
57,"2019-08-02","Legion","Fossil",1,4,458.35778,3,2,0.71035,13,1,505.11965,231.44803,0.34,16,74.92,328.06086,2,0.34,0.33005,24,8,7,35,0.34,38,11,34
58,"2019-08-03","Legion","Fossil",1,3,456.7203,3,1,0.5601,13,1,533.98589,200,0.33,15,69.69015,300,2,0.33,0.33,23,8,7,35,0.33,37.63081,11,31
59,"2019-08-04","Legion","Fossil",1,3,458.35015,2,1,0.4101,12.92015,1,528.7025,200,0.34,14,68.93106,292.9101,2,0.32,0.32,20.71146,8,6,35,0.32,37,11,30
60,"2019-08-05","Legion","Fossil",1,2.67167,470.3597,2,1,0.97005,12.5001,1,552.99,185,0.36,13,68.90045,276.89177,2,0.32,0.4001,22,9,7,35,0.32,36.00152,11,30
61,"2019-08-06","Legion","Fossil",1,2,445.44025,2,1,0.9,13,1,540.12045,185.00025,0.3,13,70,269.33338,3,0.3,0.3,21,9.00045,7,40,0.3,36,11,30
62,"2019-08-07","Legion","Fossil",1,3,420.99015,3,2,0.99005,13.20081,1,499.04121,185,0.4201,13,70,271.54056,2,0.3,0.3,22,10,7,41.12005,0.3,36,11,30
63,"2019-08-08","Legion","Fossil",1,3,373.99253,3,2,1,14,1,484.95091,179.95505,0.41,12,70,269.55576,2,0.31,0.48,21,10,7,40,0.31,35,11,29.8404
64,"2019-08-09","Legion","Fossil",1,2.08071,353.0303,3,1,0.9602,15,1,443.17525,175.82,0.49,11,70,249.6101,2.01515,0.31,0.5,20,10,7,40,0.31,38,11,26.17
65,"2019-08-10","Legion","Fossil",1,2,318.41177,3,1,1,14.9403,1,441.47136,171,0.39,10,70,242.98106,2,0.5,0.32,20,10,7,40,0.45005,37,12,25
66,"2019-08-11","Legion","Fossil",1,2,314.49,2.1503,1,0.99005,15,1,402.07015,167.76056,0.37,10.74015,74.77035,220.83081,3,0.35,0.49005,20,10,7,40,0.34,37,11,21.63045
67,"2019-08-12","Legion","Fossil",1,2,300,3,1.09076,1,15,1,370.7351,165.01,0.38005,11,68.82005,205.30025,3,0.37,0.38,20,10,7,41.00005,0.39005,37,11,20
68,"2019-08-13","Legion","Fossil",1,2,286.73076,3,2,1,15,1,353.54172,153.91111,0.54015,10,69.77,201.08126,3.5102,0.38,0.43,20,10,7,40,0.40005,35,10,20.71
69,"2019-08-14","Legion","Fossil",1,2,280,3,1,1,16,1,328.89071,139.1804,0.5,10.74071,70,204.7102,3,0.41,0.4,20,10,7,35.82955,0.4,33,11,20
70,"2019-08-15","Legion","Fossil",1,2,280,3,1,1,15,1,339.32,128.0303,0.39,10,70,215.27505,3,0.36,0.38,19.12091,9,7,37.32687,0.42,30,10.27515,20
71,"2019-08-16","Legion","Fossil",1,2,274.39,3,1.45015,1,14,1,337.85192,125,0.5,10,74.59271,225.22,4,0.4801,0.38,19,9,7,36.03,0.48,25,10,19
72,"2019-08-17","Legion","Fossil",1,2.0202,248.03758,3,1,1,14,1,302.88,112.27192,0.35,9,75,220,3,0.36,0.39505,17,8,7,35,0.35,25,10,18
73,"2019-08-18","Legion","Fossil",1,2,230,3,1,1,12.4202,1,302.67111,100,0.37,9.75535,71.74,240,3,0.34,0.34,16.60101,7,7,33,0.42,25,10,18
74,"2019-08-19","Legion","Fossil",1,1,204.38313,3,1,1,12,2,318.93,108.8,0.3501,8,70,234.65071,3,0.33,0.49,15,7,6,34,0.49,25,9,15
75,"2019-08-20","Legion","Fossil",1,1,169.66838,3,1,1,12,2.54,299.70152,100,0.97505,9,68.47,200,3,0.32,0.49,15,7,7,36.87626,0.35505,25,9,17.5
76,"2019-08-21","Legion","Fossil",1,1,147.70056,3,1,1,12,2,250,100,1,8,70,190.24035,4,0.31,0.47005,15,8,6.24222,35,0.48005,23,9.00273,16.95
77,"2019-08-22","Legion","Fossil",1,2,140,3,1,1,11,2.77005,250,101,0.5,8,82.42,200,3,0.31,0.31,14.76121,8,6,35,0.31,22.49136,9,18
78,"2019-08-23","Legion","Fossil",1,1,137.1402,3,1,1,12,3,240,99.90525,0.5,8,82.41,220,3,0.32,0.31,12.82535,8,6,35,0.31,21,8,17.96
79,"2019-08-24","Legion","Fossil",1,1,137.4101,2.00005,1,1,10,1.5201,240,100,1,7.6902,82.7,226.21025,3,0.31,0.31,13,8,6,32,0.3601,20,8.93005,18
80,"2019-08-25","Legion","Fossil",1,1,139.47505,3,1,1,11,2,240,100,0.58,6.23535,80,223.73788,2.89525,0.31,0.31,12,7,5,29,0.31,19.9901,8,18
81,"2019-08-26","Legion","Fossil",1,1,140,3,1,1,10,1,230.23,106.33354,1,7,80,225.18,3,0.48,0.32,12.25066,7,6,27.9403,0.31,18,9,18
82,"2019-08-27","Legion","Fossil",1,1,140,3,1,1,10,1,239.8201,120,1,9,89.93,225.17,3,0.32,0.48,12,7.83061,6,28.04056,0.42,19,8,18
83,"2019-08-28","Legion","Fossil",1,1,140,3,1,1,11,1.18,226.2801,120,0.62,9,80.29232,223.18843,3,0.31,0.32,12,7.81005,6,29,0.31,19,9,17
84,"2019-08-29","Legion","Fossil",1,1,130,4,1,1,10,2,230,120,0.86515,8,80,224.87,3,0.31,0.33,11.3301,8,5.92576,30,0.38,18.24535,9,16.21
85,"2019-08-30","Legion","Fossil",1,1,120,3,1,1,10,2,230,120,1,8,80,220,3,0.37,0.32005,12,6,5,30,0.3801,19,8,17
86,"2019-08-31","Legion","Fossil",1,1,120,3,1,1,9,2,235.81,120,1,7,76.87,224.34,3,0.3,0.48,10.95015,6,6,32,0.3,16,7,17.14961
87,"2019-09-01","Legion","Fossil",0.8003,1,110,2,1,1,9,2,240,120,1,7.1802,79.49,227.94037,2,0.31,0.31005,11,5,6,32,0.32,18,6.9204,17.88
88,"2019-09-02","Legion","Fossil",1,1,111.77,2,1,1,9,2,240,124.01,1,7.39111,80.20966,229.83217,2,0.3,0.31,12,6,7,33,0.46505,18.5402,8,18
89,"2019-09-03","Legion","Fossil",0,0,0,0,0,0,0,0,0,0,0,0,0,0,0,0,0,0,0,0,0,0,0,0,0
1,"2019-12-13","Metamorph","Fossil",1,0,0,0,0,1,0,0,0,0,0.63,0,0,0,1,0,1,0,0,1.51,0,1,0,0,0
2,"2019-12-14","Metamorph","Fossil",1,2,60.615,3,4,1,2,2,0,51.59,1,4,0,126,1,1,1,3,3,1,6,0.95727,2,2,25.54
3,"2019-12-15","Metamorph","Fossil",1,2,58,4,9,1,2,2,111.59,70.275,1,4,77.1575,57,1,1,1,3,3,1,5,0.95505,3,2,16.05909
4,"2019-12-16","Metamorph","Fossil",1,5,59.9,6,15,1,3,2,129.505,175.1735,1,4,49.775,54.07,1,1,1,5,7,2,5,1,5,5,11.67333
5,"2019-12-17","Metamorph","Fossil",1,7,85.43694,7,17,1.7801,3,2,173.79143,137.33268,1,4.52859,26.95818,50,1,1,1,5,9,3,7,1,5,5,14
6,"2019-12-18","Metamorph","Fossil",1,8,55,6.89111,16.07071,2,3,2,250,90.64211,1,5,18.25694,50,1,1,1,5,8,3,8,1,6,6,14
7,"2019-12-19","Metamorph","Fossil",1,7,50,6,14,2,3,2,249.41,73.91,1,5,16,78.27,1,1,1,5,8,3,12,1,7,7,13
8,"2019-12-20","Metamorph","Fossil",1,7,50.22,7,14,2,3,2,313.77403,149.97625,1,5,20,62,1,1,1,5.0001,8,3,13,1,7,7,13
9,"2019-12-21","Metamorph","Fossil",1,7,75,7,14,2,3.27283,2,283.54722,141.975,1,5,18,60,1,1,1,5.42091,8,3,14,1,7,7,14.96
10,"2019-12-22","Metamorph","Fossil",1,6.83051,65,7,14,2.23515,3,2,258.63,132.04705,1,5,16,62.7,1,1,1,6,7,3,14,1,7,7,20
11,"2019-12-23","Metamorph","Fossil",1,7,48.55732,7,14,2.5703,3,2,324.75571,153.18459,1,5,15,62,1,1,1,6,7,3,14,1,8,7,22
12,"2019-12-24","Metamorph","Fossil",1,7,44.31,7,14,2.40061,3,2,352.44,234.5,1,5,15,60,1,1,1,6,7,3,14,1,8,8,21.72265
13,"2019-12-25","Metamorph","Fossil",1,7,43.61,7,14,3,3,2,352.62,214.08817,1,5,15,60,1,1,1,6,7,3.62121,15,1,9,8,22
14,"2019-12-26","Metamorph","Fossil",1,7,45,7,13,3,3,2,323.93429,203.46226,1,5,15,60,1,1,1,6,7,3,16,1,10,8,22
15,"2019-12-27","Metamorph","Fossil",1,7,45,7,13,3,3,2,308.51,168.16076,1,5,15,65,1,1,1,7,7,4,20,1,11,9,21.74
16,"2019-12-28","Metamorph","Fossil",1,7,45,7,13,3,4,2,292.98,146.85616,1,5,15,70,1,1,1,7,7,4,21,1,13,10,20
17,"2019-12-29","Metamorph","Fossil",1,7,54.50063,7,13,3,4,2,283.05714,140.92035,1,5,15,70,1,1,1,7,7,4,20,1,13,10,18
18,"2019-12-30","Metamorph","Fossil",1,7,100,7,13,4,4,2,333.57801,137.9701,1,5,15,75,1,1,1,7,7,4,21,1,13,9,16.22025
19,"2019-12-31","Metamorph","Fossil",1,7,95,7,13,4,4,2,323.50402,134.82076,1,5,15,80,1,1,1,7,7,4,22,1,13,9,17
20,"2020-01-01","Metamorph","Fossil",1,7,88.89111,7,12,4,4,2,288.60937,130,1,5,15.9,100,1,1,1,7,7,4,21,1,13,9,17
21,"2020-01-02","Metamorph","Fossil",1,7,80,7,11,4,5,2,285,120.60207,1,5,18.39,95,1,1,1,7,7,4,21,0.61005,13,9,17.00025
22,"2020-01-03","Metamorph","Fossil",1,7,70,7,11,4,5,2,275,130,1,5,40,92.5601,1,1,1,7,6.62879,4,21,0.5,13,8,17.6103
23,"2020-01-04","Metamorph","Fossil",1,7,67.2304,7,11,4,5,2,257.04,135,1,5,43,89.27505,1,1,1,7,6,4,21.1301,0.47,13,8,18
24,"2020-01-05","Metamorph","Fossil",1,7,65,6,10,3,4.1502,2,200,140,1,5,43.34091,79,1,1,1,7,6,4,22,0.41,13,8,15
25,"2020-01-06","Metamorph","Fossil",1,7,67.79,6,10,3,4.6903,2,200,132.02,1,5,35,70,1,1,1,7,6,4,23,0.5,14,7,15
26,"2020-01-07","Metamorph","Fossil",1,7,70,6,10,3,5,2,190,128.61566,1,5,33.09091,68,1,1,1,7,6,4,24,0.5,14,7,15
27,"2020-01-08","Metamorph","Fossil",1,6,67.69091,6,9,3,5,2,195,130,1,5.19015,31,65.93202,1,1,1,6,5,4,24,0.5,13,6,15
28,"2020-01-09","Metamorph","Fossil",1,6,64,6,8,3,5,2,195,130,1,5.5704,30.00308,69,1,1,1,6,5,4,23,0.5,13,6,13
29,"2020-01-10","Metamorph","Fossil",1,6,58.86005,6,8,3,5,2,179.73101,121.10975,1,5,31.14,70,1,1,1,6,5,4,21,0.5,12,6,12
30,"2020-01-11","Metamorph","Fossil",1,6,60,6,8,3,5,2,158.76025,100,1,5,31,73.30126,1,1,1,6,5,4,20,0.5,12,6,12
31,"2020-01-12","Metamorph","Fossil",1,6,54.90051,5,8,2.56172,5,2,160,107.37025,1,5,30,70,1,1,1,6,5,4,21,0.5,12,5,12.2803
32,"2020-01-13","Metamorph","Fossil",1,5,49.81035,5,8,2.97015,5,2,170,109.47015,1,5,30,70,1,1,1,6,5,4,20.85051,0.5,13,5,13.44
33,"2020-01-14","Metamorph","Fossil",1,6,50,5,8,3,5,2,179.39061,115,1,6,30,71.9202,1,1,1,6,5,4,21,0.5,12.00263,5,14
34,"2020-01-15","Metamorph","Fossil",1,6,46.82035,5,8,3,5,2,178.74005,106.14126,1,6,29,70,1,0.5,1,6,5,4,22,0.5,14,5,13
35,"2020-01-16","Metamorph","Fossil",1,6,45,6,8,3,6,2,170,100,1,6,30,74.64515,1,1,1,6,5,4,22,0.5,15,5,13
36,"2020-01-17","Metamorph","Fossil",1,6,44,6,8,3,6,2,163.97015,100,1,6,30,83.54348,1,0.50086,1,6,5.45015,4,23,0.5,15.00232,5,13
37,"2020-01-18","Metamorph","Fossil",1,5,43,6,8,3,6,2,160,99,1,6,30.77,90,1,0.4801,1,6,5,4,22,0.5,15,5,13
38,"2020-01-19","Metamorph","Fossil",1,5,41,5,7,2,6,2,150,98.80525,1,5,30,90,1,0.4601,1,6,5,4,22,0.5,15,5,14
39,"2020-01-20","Metamorph","Fossil",1,6,40,5,7,3,8,2,143.21025,95,1,5,30,85,1,0.5,1,6.07232,5.6003,4,22,0.5,16,5,14
40,"2020-01-21","Metamorph","Fossil",1,6.41525,38,5,7,3,9,2,145,95,1,5.82596,32.56358,84.94061,1,0.4901,0.5,6.37121,6,4,24,0.5,16,5,14
41,"2020-01-22","Metamorph","Fossil",1,6.38535,37.6203,5,7,3,10,2,149.7702,100,1,5.43535,35,85,1,0.5,0.5,7,6,4,24,0.5,17,5,14.34
42,"2020-01-23","Metamorph","Fossil",1,7,36,5,7,3,10,2,150.78045,110,1,6,35,85,1,0.5,0.5,7.67086,7,4,25,0.5,17,5,15
43,"2020-01-24","Metamorph","Fossil",0.5,7,35,5,7,3,10.93035,2,155,112.14,1,5.30035,35,87.75126,1,0.37,0.5,7.9801,6.00283,4,24,0.5,17,5,17.38258
44,"2020-01-25","Metamorph","Fossil",0.5,6,35,5,7,3,9,2,149.96,107.11,1,6,37.11061,88.86005,1,0.5,0.5,7,6,4,24,0.5,17,5,19.15045
45,"2020-01-26","Metamorph","Fossil",0.5,5,30,5,6.00106,2.31061,10,2,140,107.14061,1,6,35.1603,87.02212,1,0.5,0.5,7,6,4,23,0.5,17,5,20
46,"2020-01-27","Metamorph","Fossil",0.5,6,30,5,7,3,11,2,143.5301,102.09,1,6.26515,30,80.20707,1,0.48,0.5,8,6.60131,4,23,0.5,16,6,22
47,"2020-01-28","Metamorph","Fossil",0.5,6,32.6103,5,7,3.20066,12,2,145,100,1,7,32,80.54076,1,0.49,0.5,8,7,4,24,0.5,18,6,23.96
48,"2020-01-29","Metamorph","Fossil",0.5,6,31.4901,5,7,3,12,2,145.70136,104,1,7,31,78,1,0.5,0.5,8,7,4,23,0.5,18,6,23
49,"2020-01-30","Metamorph","Fossil",0.5,6,30.28545,5,7,3,12,2,140,105,1,7,31,70.54051,1,0.48505,0.5,8,7,4,21,0.5,18,6,22.9301
50,"2020-01-31","Metamorph","Fossil",0.5,6,30,5,6,3,11.9403,2,144,104.83025,1,7,30.72141,75,1,0.5,0.5,8,7,4,20.0001,0.5,18,6,23
51,"2020-02-01","Metamorph","Fossil",0.5,5.90051,30,5,6,3,11.60051,2,155.59157,105,1,7.07076,30,75,1,0.37,0.5,8,7,4,20,0.5,19,6,23
52,"2020-02-02","Metamorph","Fossil",0.5,5.59131,31.07505,5,6,3,12,2,167.41051,107.26646,1,10,30,80,1,0.5,0.5,8,7,4,20,0.5,20,5,24
53,"2020-02-03","Metamorph","Fossil",0.5,6,32,5,6,4,13,2,164.12268,110,1,10,31,78.50525,1,0.49,0.5,9,8,4,20,0.5,20,6,25
54,"2020-02-04","Metamorph","Fossil",0.5,7,32,5,6,4,11.55157,2,170,115,1,10,31,80,1,0.5,0.5,9,8,4,20,0.5,21.22051,6,25
55,"2020-02-05","Metamorph","Fossil",0.5,6.00111,33,5,5,3,10,2,184.24,118.00025,1,12,31,79,1,0.5,0.5,9,8,4,20,0.5,22.52056,6,30
56,"2020-02-06","Metamorph","Fossil",0.5,6,34,5,5,3.33051,12,2,220,118.0801,1,15,31,80,2,0.5,0.5,9,8,4,20,0.5,23,5.37515,30
57,"2020-02-07","Metamorph","Fossil",0.5,6,36,5,5,4,13,2,222.5,120,1,15,34,80,2,0.5,0.5,10,7,4.87071,21,0.5,25,6,30
58,"2020-02-08","Metamorph","Fossil",0.5,6,37.82677,4.92576,5,3,14,2,220,125,1,14,35,79.08586,1.69808,0.47,0.5,10,7,4,21,0.5,25,6,30
59,"2020-02-09","Metamorph","Fossil",0.5,6,38.82,4,5,3,13,2,202.9602,128.4703,1,14,35,75,1.02111,0.3201,0.5,10,7,4,21,0.5,26,6,30
60,"2020-02-10","Metamorph","Fossil",0.5,6,40,4,5,3,13.48,2,180,131.77005,1,14,35,75,1.56,0.5,0.5,10,7,4,21,0.5,26.8402,6,30
61,"2020-02-11","Metamorph","Fossil",0.5,6,41.67,4,5,3,13,2,175,140,1,13.31,38,75,2,0.5,0.5,10,7,5,20,0.5,27,5,28
62,"2020-02-12","Metamorph","Fossil",0.5,6,42.12,4,5,3,14,2,170,140,1,13,35,75,2,0.5,0.5,10,7,4,20,0.5,27,6,27.0903
63,"2020-02-13","Metamorph","Fossil",0.5,6,42,4,5,3,14,2,155.57253,140,1,13,39,75,2,0.3401,0.5,10,7,5,20,0.5,27.19015,6,27
64,"2020-02-14","Metamorph","Fossil",0.5,5,42,4,5,3,14,2,133.65869,132.85,1,13,39,73,2,0.5,0.5,10,7,4,20,0.5,27,6,27
65,"2020-02-15","Metamorph","Fossil",0.5,5,40,4,5.0003,3,14,2,119.72091,129.5401,1,13,39.01324,74.32,2,0.3501,0.5,10,7,4,21,0.46005,25,6,27
66,"2020-02-16","Metamorph","Fossil",0.5,5,39,4,6,2,14,2,113.8901,130,1,12,39,73.96005,2,0.49005,0.5,10,7,4,20,0.5,25,6,25
67,"2020-02-17","Metamorph","Fossil",0.5,5,39,4,5,2,13,2,108,125.05556,1,12,39.2,72,2,0.5,0.5,10,7,4,20,0.5,25,6,23.22586
68,"2020-02-18","Metamorph","Fossil",0.5,5,40,4,5,3,13,2,105,127,1,11,40,70,2,0.5,0.5,10,7,4,20.16535,0.5,26,7,22
69,"2020-02-19","Metamorph","Fossil",0.5,5,40,4,5,3,14,2,105,130,1,10.25,43.96043,72,2.49096,0.31005,0.5,10,7,4,21,0.5,25,7,20
70,"2020-02-20","Metamorph","Fossil",0.5,6,40,4,5,3,12,2,105,138.73056,1,11,44,73.90051,2,0.34,0.5,10,7,4,22,0.5,25,7,20
71,"2020-02-21","Metamorph","Fossil",0.5,6,40,4,5,3,12,2,104,140,1,12,42.38538,75,2,0.5,0.5,10,7,4,21,0.5,25,7,19.1401
72,"2020-02-22","Metamorph","Fossil",0.5,6,40,4,5,3,12,2,104,140,1,12,44,78,2,0.5,0.5,10,7,4,23,0.5,25,7,19
73,"2020-02-23","Metamorph","Fossil",0.5,6,38,4,5,3,11,2,104,140,1,11,44.26618,77,2,0.4801,0.5,9,7,4,22,0.5,24.6201,7,19
74,"2020-02-24","Metamorph","Fossil",0.5,6,38,4,5,3,11,2,105,145,1,11.91535,45,75,2,0.42081,0.4,9,6.8803,4,22,0.5,25,6,19.86
75,"2020-02-25","Metamorph","Fossil",0.3902,6,38,4,5,3,11,2,105,150,1,11,45,75,2,0.4,0.5,9,6,4,22,0.5,24,6,19
76,"2020-02-26","Metamorph","Fossil",0.5,6,37.73,4,5,3,11,2,105.97005,148,1,11.62061,45,75,2,0.45,0.5,9,6,4,22.51121,0.36005,23,7,19
77,"2020-02-27","Metamorph","Fossil",0.44505,5,39,4,5,2,11,2,110,147.4002,1,12,45,74,2,0.5,0.4601,8.2504,6,4,22.99,0.32,23,7,19
78,"2020-02-28","Metamorph","Fossil",0.5,5.2604,39,4,5,2,11,2,114.29505,149.9502,1,11,45,74,2,0.5,0.5,8,6,3.66051,23,0.5,24,6.95,18.95
79,"2020-02-29","Metamorph","Fossil",0.5,5,38,4,5,2,11,2,119.02,150,1,11,45,73.23737,2,0.34505,0.44505,8,5.78535,3,22,0.5,23,7,18
80,"2020-03-01","Metamorph","Fossil",0.5,5,38.49162,4,5,2,11,2,114.01,159,1,10,44.72,74.5404,2,0.36005,0.5,8.48263,6,4,23.62056,0.5,23,7,18
81,"2020-03-02","Metamorph","Fossil",0.5,5,38.72017,4,5,2,11,2,111.8235,160,1,10,45,74,2,0.5,0.5,8,6,4,24,0.5,23,7,18
82,"2020-03-03","Metamorph","Fossil",0.5,5,40,4,4.06566,2,11,2,119.2884,160,1,10,45,74.00505,2,0.5,0.5,9,6,3,25,0.5,24,7,18
83,"2020-03-04","Metamorph","Fossil",0.5,5,40,4,5,2,11,2,119.81095,160,1,10,45,74.8501,2,0.48,0.5,9.11076,6,3,25,0.46,25,6,18.52
84,"2020-03-05","Metamorph","Fossil",0.5,6,40,4,5,3,11,2,119.93,162.10791,1,10,45,74,2,0.29,0.47005,9,6,3.09298,25,0.5,25.86025,7,18.3581
85,"2020-03-06","Metamorph","Fossil",0.5,7,40,4,5,2.14535,11,2,120,160,1,12,45,75,1.73505,0.5,0.5,10,6,3,25.3101,0.5,26,7,18
86,"2020-03-07","Metamorph","Fossil",0.5,7,40,4,5,2.78025,12,2,131.10319,170.01935,1,13,45,75,2,0.5,0.5,10,6.73025,4,26,0.5,26,9,18.85
87,"2020-03-08","Metamorph","Fossil",0.5,6.0601,39.85658,4,5,2,10,2,133.3,175.01147,1,13,45,75,2,0.16505,0.5,10,7,4,26,0.4501,24,7.82677,18.5
88,"2020-03-09","Metamorph","Fossil",0.5,6,40,4,6,2,10,2,132.52,165.07753,1,11,45,75,2,0.49,0.5,10,7,4,26.29535,0.5,25,8,18.27
1,"2019-03-08","Synthesis","Fossil",0,0,0,0,0,0,5,0,0,0,1,0,0,0,0,0,1,0,0,5,0,1,0,0,0
2,"2019-03-09","Synthesis","Fossil",1,2,150,1,1,4,2,3,29.16,108.51,1,4,36.08,51,1,1,1,2,2,1.05697,5,1,1,1,135.99
3,"2019-03-10","Synthesis","Fossil",1,3,194.34714,2,2,5,2,2,44.13,90.23333,1,3,14.22,45,1,1,2,2,2,2,4,1,1,1,15
4,"2019-03-11","Synthesis","Fossil",1,4,259.47,2,1,9,2,1.49379,43.02905,86.70318,1,3.74713,22.6802,40,1,1,3,4,2,2,10,1,1,1,7
5,"2019-03-12","Synthesis","Fossil",1,5,222.81231,2,1,9,3,1.6904,73.20694,86.01964,1,5,20,40,1,1,3,5,3,2.44005,10,1,1,1,7
6,"2019-03-13","Synthesis","Fossil",1,5,200,2,1,9,3,1.79025,69.40585,92.66453,1,5,20,43.13384,1,1,3,5,3,3,10,1,1,2,7
7,"2019-03-14","Synthesis","Fossil",1,4,174.10813,2,1,10,3.32045,2,65,125.04,1,6,19.72875,43,1,0.55,3,5,3,3,13,1,1,2,7
8,"2019-03-15","Synthesis","Fossil",1,4,173.36667,2,1,10,3,2,82.82026,120.10426,1,6,18,43.54265,1,0.55,3,5,3,3,15,1,1,2,6
9,"2019-03-16","Synthesis","Fossil",1,4,213.8,2,1,10,3,1,86.27778,151.26852,1,6.00015,17,45,1,0.5,3,5,3,3,16,1,1,2,6
10,"2019-03-17","Synthesis","Fossil",1,4,242.13735,2,1,9.29005,3.85,1,110.20122,134,1,6,16,50,0.9502,0.5,2,5,3,3,16.73106,1,1,2,5.67
11,"2019-03-18","Synthesis","Fossil",1,4,199.02893,1,1,10,3.1102,1,126.62627,130,1,6,17,61.26847,0.55,0.5,2.97015,5,3,3,17,1,1,2,6
12,"2019-03-19","Synthesis","Fossil",1,4,190,1,1,10,3.96005,1,128.02031,163.33,1,6,17,64,0.5,0.5,3,5,3,3,18,1,1,2.4204,6
13,"2019-03-20","Synthesis","Fossil",1,4,198.73,1.67505,1,10,4,1,155.68549,178.98725,1,6,18,60,0.5,0.5,3,4,3,3.66505,19,1,1,3,6
14,"2019-03-21","Synthesis","Fossil",1,4,203.52,1,1,10,4,1,155.33098,173.688,1,6,19,65,0.5,0.5,3,4,3,3.95,20,1,1,2.82015,5
15,"2019-03-22","Synthesis","Fossil",1,4,230.06898,1,1,10,4.60005,1,147.03,162,1,6,19,69,0.5,0.5,2.67086,4,3,3.9801,20,0.55,1,3,5
16,"2019-03-23","Synthesis","Fossil",1,3,239.77,1,1,10,4,1,166.101,160,1,7,20,70,0.5,0.5,2,4,3,3.53505,18.48222,0.55,1,3,5
17,"2019-03-24","Synthesis","Fossil",1,3,274.63638,1,0.5,9.05505,4,1,202.10833,187.89523,1,7,19,65,0.5,0.5,2,4,3,3.0303,18,0.5,1,3,5
18,"2019-03-25","Synthesis","Fossil",1,4,240,1,0.5,10,4.08025,1,200,306.44846,1,7,20,74,0.5,0.5,2,4,3,4,20,0.5,1,3,5
19,"2019-03-26","Synthesis","Fossil",1,4,195,1,0.5,10,5,1,280.4122,408.245,1,6.93,22,75,0.5,0.5,2,4,3.24,4,22,0.5,1,4,4.92
20,"2019-03-27","Synthesis","Fossil",1,4,182.06515,1,0.5,11.46061,6,1,333.87386,428.53838,1,8,22,80,0.5,0.5,2,4,3,4,24,0.5,1,4,5
21,"2019-03-28","Synthesis","Fossil",1,4,180,1,0.5,12.6202,6,1,264.06,378.03727,1,8,24.85,120,0.5,0.5,2,4,3.36,4.59,25,0.5,1,4,5
22,"2019-03-29","Synthesis","Fossil",1,4,198.35,1,0.5,13,6,1,262.04,349.91,1,8,27.27338,119.63545,0.5,0.5,2,4,3,4,26.96111,0.5,1.97,4,4
23,"2019-03-30","Synthesis","Fossil",1,4,200,1,0.49,12,5.93,1,261.04,310,1,8,29.76,120,0.49,0.49,2,4,3,4,28,0.49,2,4,4
24,"2019-03-31","Synthesis","Fossil",1,3,195.32222,1,0.49,12,7,1,219.9547,322.60091,1,8,45,141.98623,0.49,0.49,1,4,4,4,30,0.49,1.49505,4,4
25,"2019-04-01","Synthesis","Fossil",1,4,200,1,0.48,12,6,1,200,379.83231,1,7,40,175,0.48,0.48,1,4,4,4.24545,29,0.48,1.99,5,4
26,"2019-04-02","Synthesis","Fossil",1,4,200,1,0.45,12,7,1,180,427.23217,1,7,39,170,0.45,0.45,1,4,4,5,32,0.45,2,5,4.62
27,"2019-04-03","Synthesis","Fossil",1,4,229.61,1,0.44,13,7.85505,1,191.79,508.969,1,7.37172,38,178.83438,0.44,0.44,2,4,4,5,34.55051,0.44,3,5.3003,5
28,"2019-04-04","Synthesis","Fossil",1,4,287.41568,1,0.42,13,8,1,215,502.44241,1,7,39.54485,261.23838,0.42,0.42,1,4,4.26005,5,36,0.42,3,7,5
29,"2019-04-05","Synthesis","Fossil",1,4,272.06,1,0.42,13,8,1,222.62,446.56556,1,8,38,250,0.42,0.42,2,4,5,5,35,0.42,3,7,5
30,"2019-04-06","Synthesis","Fossil",1,4,288.7456,1,0.41,12,7,1,208.96957,563.63624,1,8,37.77036,230,0.41,0.41,2,4,5,5,32,0.41,2,6,5.9101
31,"2019-04-07","Synthesis","Fossil",1,4,284.7125,1,0.4,11.5302,7,1,225,502.12,1,7,38,188.3,0.4,0.4,1,4,4,5,30,0.4,2,6,6
32,"2019-04-08","Synthesis","Fossil",0.46,4,255,1,0.38,11,7.77,1,224,484.08,1,7.2603,35,166.66333,0.37,0.37,1,4,4,5,29,0.37,2,7,5.80096
33,"2019-04-09","Synthesis","Fossil",0.39,4,259.97625,1,0.33,10,7,1,217.00758,497.84076,1,6.46525,34,160.14,0.33,0.33,1,4,4,5,30,0.33,2.6001,7,7
34,"2019-04-10","Synthesis","Fossil",0.30005,4,260,1,0.3,10,9,1,220,478.08,1,7,34,160,0.3,0.3,1,4,4,5,30,0.3,2.78111,7,7
35,"2019-04-11","Synthesis","Fossil",0.37,4,260,1,0.29,9,9,1,225.97261,451.96,1,7,32,146.24071,0.28,0.28,1,4,4,5,28.30051,0.28,2.24505,7,7
36,"2019-04-12","Synthesis","Fossil",0.31005,4,249.72324,1,0.26,8,8.89056,1,229.66523,461.55608,1,7,34,139.50025,0.26,0.26,1,4,4,4,29,0.25005,3,6,7
37,"2019-04-13","Synthesis","Fossil",0.24,4,260,1,0.24,8,9,1,229.45625,462.96,1,7,35,135,0.24,0.24,1,3,4,4,29,0.24,3,6.07525,7.14525
38,"2019-04-14","Synthesis","Fossil",0.23,3,267.26,1,0.23,8,9,1,200,425.36,1,6,31.97525,140,0.23,0.23,1,3,4,4,30,0.23,3,5.88071,8
39,"2019-04-15","Synthesis","Fossil",0.22,3,270,1,0.22,8,9,1,208.78,483.99076,1,7,30.2602,145,0.22,0.22,1,3,4,4,30,0.22,3,6,8
40,"2019-04-16","Synthesis","Fossil",0.21,3,268.27928,1,0.21,8,9,1,219.82,485,1,7,32.18,165,0.21,0.21,1,3,4,4,30,0.21,3.64005,6.04051,8
41,"2019-04-17","Synthesis","Fossil",0.2,4,260,1,0.25025,8,9.77015,1,215,553.04494,1,7,33,170,0.28005,0.2,1,3,4.41051,4.14924,32,0.2,3.44,6,8
42,"2019-04-18","Synthesis","Fossil",0.2,4,230.03591,1,0.2,8,9,1,224.91,562.24707,1,8,30,170,0.2,0.2,1,3,4.81,4.9199,32,0.2,4,7,8
43,"2019-04-19","Synthesis","Fossil",0.2,3,230,0.95505,0.2,8,9,1,244.85,592.09,1,8,33,166.47051,0.2,0.2,1,3,5,5,33,0.2,4,7,8
44,"2019-04-20","Synthesis","Fossil",0.2,3,230,1,0.2,8.7,9,1,262.755,611.88195,1,7,35,170,0.2,0.2,1,3,5,5,34,0.2002,4,6.4602,8
45,"2019-04-21","Synthesis","Fossil",0.21,4,219.6,1,0.21,9,9,1,292.77133,641.74146,1,7,35,170,0.21,0.2,1,3,4,5,35,0.21,4,7,8
46,"2019-04-22","Synthesis","Fossil",0.2,4,202.40015,1,0.21,8.8602,10.51056,1,311,734.75905,1,7,35.66038,226.27126,0.21,0.2,1,3,5,5,34.73035,0.21,4,7.85035,8
47,"2019-04-23","Synthesis","Fossil",0.21,4,200,1,0.21,9,11,1,357.77442,795.45684,1,8,35.29,230,0.21,0.2,1,4,5,5,35,0.21,5,8,8
48,"2019-04-24","Synthesis","Fossil",0.21,4,188.1,1,0.21,9,11,1,339.26224,844.625,1,8,35,231.5294,0.21,0.21,1,4,5,5,40,0.21,5,8.9801,8
49,"2019-04-25","Synthesis","Fossil",0.21,4,195,1,0.21,10,11,1,333.23,1047.42,1,8,37.54,230,0.21,0.21,1,4,5,5,40,0.21,5,9,8
50,"2019-04-26","Synthesis","Fossil",0.22,3.01,200,1,0.2701,11,12,1,382.00515,906.25217,1,8,37,230,0.42,0.25,1,4,5,5,40,0.21,5,10,8
51,"2019-04-27","Synthesis","Fossil",0.24,4,200,1,0.23,10.1001,11,1,407.76261,816.20366,1.40015,8,37.43,317.98,0.24,0.23,1,4,6,5,40,0.23,5,9.4301,8
52,"2019-04-28","Synthesis","Fossil",0.29,5,203.87,1,0.31,11,11,1,401.63247,819.26327,1,9,40,320,0.32,0.28,1,4,5.9901,5,41,0.31,4.09525,9,8
53,"2019-04-29","Synthesis","Fossil",0.36,4.43,219.0304,1,0.36,11,10,1,452.67821,1057.61871,1.8301,9,50,354.89254,0.36,0.36,1,4,5,5,40,0.36,6,9.07015,7
54,"2019-04-30","Synthesis","Fossil",0.4,5.08515,214.3,1,0.39,11.31545,12,1,523.73964,1050.42,1,10,50,600.47747,0.39,0.39,1,4,5.8101,5,42,0.39,7,9,7
55,"2019-05-01","Synthesis","Fossil",0.41,5,200,1,0.41,11,11.48081,1,578.62,1088.24337,1,9,48.95,591.59424,0.41,0.41,1,4,5,5,42,0.41,7,9,8
56,"2019-05-02","Synthesis","Fossil",0.43,5,189.14,1,0.43,12,11,1,624.35387,998.48294,1,8,48.47,495.03,0.43,0.42,1,4,5,5,42,0.43,6,9,8
57,"2019-05-03","Synthesis","Fossil",0.44,5,154.70354,1,0.44,11.89545,11,1,539.1,938.46444,1,9,49.88,431.06111,0.44,0.43,1,4,5,5,45.08076,0.44,5,9,7.98
58,"2019-05-04","Synthesis","Fossil",0.43,5,147.96025,1,0.43,12,12,1,516.11,957.67734,1,9.84,50,355.10061,0.43,0.43,1,4,5.97015,5,48,0.43,5,8.40035,8
59,"2019-05-05","Synthesis","Fossil",0.43,5,143.53,1,0.42,12,12,1,483.86696,932.94,1,9,50,287.06,0.42,0.42,1,4,5,5,47.09091,0.43,5,8,7
60,"2019-05-06","Synthesis","Fossil",0.42,4,144.76035,1,0.42,11.0002,10,1,444.11545,959.75152,1,9.92025,50,296.06212,0.42,0.42,1,4,5,5,45,0.42,5,7.51086,7
61,"2019-05-07","Synthesis","Fossil",0.41,4,139.25,1,0.41,11,9,1,449.88,923.2403,1,9.97,50,299.92,0.42,0.41,1,5,5,5,41.71,0.41,4,7,7
62,"2019-05-08","Synthesis","Fossil",0.41,4,120,1,0.41,12,10,1,449.88,821.69,1,9,50,299.92,0.41,0.41,1,4.67626,6,5,40.55515,0.42,5,7,7.7218
63,"2019-05-09","Synthesis","Fossil",0.41,4,95,1,0.42,12,10.87535,1,449.88,815.45111,1,9,55.04,299.92,0.41,0.44,1,5,6,5,41.26556,0.41,5,8,7.91
64,"2019-05-10","Synthesis","Fossil",0.4,3,99.74525,1,0.4,11.30616,11,1,456.57,820.64111,1,9,55.04545,304.06,0.4,0.4,1,4,6.96535,4,44,0.4,3,8,8
65,"2019-05-11","Synthesis","Fossil",0.4,3,100,1,0.4,11,10,1,459.5703,834.09081,1,9,59.33,352.19,0.4,0.4,1,4,5,4,44.5601,0.4,3,7,8
66,"2019-05-12","Synthesis","Fossil",0.39,3,95,1,0.39,10.18182,10,1,449.60283,838.92,1,9,50.44677,365.77707,0.39,0.38,1,4,5,4,45,0.38,2,5.39525,8
67,"2019-05-13","Synthesis","Fossil",0.38,3.92005,90,0.84005,0.46,10,9.34005,1,441.33,813.89879,1,8,50,328.8903,0.46,0.38,1,4,4.25258,4,45,0.38,3,7,8
68,"2019-05-14","Synthesis","Fossil",0.37,4,90,0.76005,0.37,11,9,1,439.982,812.35618,1,8,50,352.7,0.37,0.36,1,4,5,4,50,0.37,3,7.91,8
69,"2019-05-15","Synthesis","Fossil",0.37,4,95,1,0.37,11,8,1,428.89172,814.16,1,8,50,356.17955,0.48,0.37,1,4,5,4,55.37,0.36,3,8,7
70,"2019-05-16","Synthesis","Fossil",0.36,4,95,0.96505,0.45,11,8.40545,1,374.86571,810.2,1,8,54.44,336.39495,0.36,0.36,1,4,6,4,55,0.36,3,8,7
71,"2019-05-17","Synthesis","Fossil",0.37,4,95.47,1,0.43,10,10,1,368.28,807.47384,1,8,59.88,294.93,0.36,0.36,1,4,8,4.1101,52,0.38505,4,8,7
72,"2019-05-18","Synthesis","Fossil",0.37,4,100,1,0.38,10,10,1,376.92552,788.02676,1,8,60,293.74,0.36,0.36,1,3.65515,7.05556,5,50,0.35,3.67576,8,7
73,"2019-05-19","Synthesis","Fossil",0.35,3.27051,99.24,1,0.35,10,9.33525,2,406.2,792.16331,1,8,58,322.54641,0.35,0.35,1,4,7,5,50,0.36,4.96525,8,7
74,"2019-05-20","Synthesis","Fossil",0.35,3,95,1,0.39,10,11,2,405.94188,794.91465,1,8,55,336.51,0.35,0.35,1,4,7,5,50,0.35,5,8,7
75,"2019-05-21","Synthesis","Fossil",0.34,3,95,1,0.34,10,10.26556,2,411.49567,790.47435,1,9,57.31,309.52232,0.34,0.34,1,4,6.29545,4,50,0.34,4,6,7
76,"2019-05-22","Synthesis","Fossil",0.35,3.16465,95,1,0.5,10.01505,10,2,456.09,824.7409,1,8.82,58.6,305.37549,0.44505,0.34,1,4,6,4.55,50,0.47,4,6,7
77,"2019-05-23","Synthesis","Fossil",0.32,4,95,1,0.31,10,10,1.7202,460.506,850.6887,1,8,60,307.11982,0.5,0.29,1,5,7,5,50,0.3,4,5,7
78,"2019-05-24","Synthesis","Fossil",0.3,3,92.78,1,0.46005,10.8002,10,1.57,463.35256,874.42125,1,8,58.47,309.08,0.3,0.3,1,5,7,5,50,0.3,4,6.07,7
79,"2019-05-25","Synthesis","Fossil",0.35,3,94.39,1,0.30005,10,10,2,466.5,828.88714,1,8,62.50284,311,0.3,0.36,1,5,7,5,55.11015,0.29,5,7,7
80,"2019-05-26","Synthesis","Fossil",0.31,4,97.8,1,0.32,10,10,1.76,470.04,857.91125,1,8.73051,62.92,314.16,0.48,0.29,1,5,7,5,53.62,0.31505,4.2901,8,7
81,"2019-05-27","Synthesis","Fossil",0.4801,4,100,1,0.41505,10,10,1,493.1778,872.19964,1,8.29,64.03,352.73586,0.90505,0.29,1,5,7,5,54,0.47,4,8,7
82,"2019-05-28","Synthesis","Fossil",0.43,3,100,1,0.31,10,10,1,538.07576,927.85054,1,9,64.89,407.19226,0.72,0.32,1,5,7,4,54.13525,0.36,4,7,7
83,"2019-05-29","Synthesis","Fossil",0.31,3,100,1,0.31,10,10,1,514.21514,880.73,1,9,67.55012,434.79282,0.62,0.31,1,4.99,7.58505,5,52.76,0.31,4,7,7.32
84,"2019-05-30","Synthesis","Fossil",0.31,3,100,1,0.31,10,10,1,508.44,822.77,1,9,64.11,455.73,0.52,0.31,1,5,6.84,5,51.23,0.33,3.44,7,8
85,"2019-05-31","Synthesis","Fossil",0.5,3,100,1,0.34505,10,9,1,487.84337,844.7605,1,9,62.75,428.38776,0.5201,0.32,1,5,6,4.42505,53.53091,0.44505,3,7,8
86,"2019-06-01","Synthesis","Fossil",0.33,3,100,1,0.32,10,9,1,477.12663,871.76031,1,9,63.58,423.09,0.45,0.32,1,5,6,5,56.91045,0.35005,3,7.62015,10
87,"2019-06-02","Synthesis","Fossil",0.37,3,100,1,0.33,10.13535,8,1,411.69,820.56706,0.8,9,70,411.59847,0.55515,0.32,1,5,6,4.24091,60,0.33,3,6.95515,10.47
88,"2019-06-03","Synthesis","Fossil",0.49,3,100,1,0.31505,11.66505,5,1,416.53076,845.835,1,9,70,423.06,0.68,0.31,1,5,8,4,60,0.4,4,7.07111,10.43
89,"2019-06-04","Synthesis","Fossil",0.5,3,155.76,1,0.46,10,8,1,358.21,14358,1,8.96,143.58,502.53,0.64,0.41,1,5,6.98107,5,50.16,0.41,3,8,20.44
