"Date","League","Type","Gilded.Ambush.Scarab","Gilded.Bestiary.Scarab","Gilded.Breach.Scarab","Gilded.Cartography.Scarab","Gilded.Divination.Scarab","Gilded.Elder.Scarab","Gilded.Harbinger.Scarab","Gilded.Perandus.Scarab","Gilded.Reliquary.Scarab","Gilded.Shaper.Scarab","Gilded.Sulphite.Scarab","Gilded.Torment.Scarab","Polished.Ambush.Scarab","Polished.Bestiary.Scarab","Polished.Breach.Scarab","Polished.Cartography.Scarab","Polished.Divination.Scarab","Polished.Elder.Scarab","Polished.Harbinger.Scarab","Polished.Perandus.Scarab","Polished.Reliquary.Scarab","Polished.Shaper.Scarab","Polished.Sulphite.Scarab","Polished.Torment.Scarab","Rusted.Ambush.Scarab","Rusted.Bestiary.Scarab","Rusted.Breach.Scarab","Rusted.Cartography.Scarab","Rusted.Divination.Scarab","Rusted.Elder.Scarab","Rusted.Harbinger.Scarab","Rusted.Perandus.Scarab","Rusted.Reliquary.Scarab","Rusted.Shaper.Scarab","Rusted.Sulphite.Scarab","Rusted.Torment.Scarab","Gilded.Legion.Scarab","Polished.Legion.Scarab","Rusted.Legion.Scarab"
2018-12-08,"Standard","Scarab",0,0,0,0,0,0,0,0,0,0,0,0,0,0,0,0,0,0,0,0,0,0,0,0,0,0,0,0,0,0,0,645.1,0,0,0,0,0,0,0
2018-12-09,"Standard","Scarab",0,0,0,0,0,0,0,0,0,0,0,0,0,0,0,0,0,0,0,0,0,0,0,0,0,0,0,0,0,0,0,639.85,0,0,0,0,0,0,0
2018-12-10,"Standard","Scarab",0,0,0,0,0,0,0,0,0,0,0,0,0,0,0,0,0,0,0,0,0,0,0,0,0,0,0,0,0,0,0,878.2175,0,0,0,0,0,0,0
2018-12-11,"Standard","Scarab",0,0,0,0,0,0,0,0,0,0,0,0,0,0,0,0,0,0,0,0,0,0,0,0,0,0,0,0,0,0,0,874.56,0,0,0,0,0,0,0
2018-12-12,"Standard","Scarab",0,0,0,0,0,0,0,0,0,0,0,0,0,0,0,0,0,0,0,0,0,0,0,0,0,0,0,0,0,0,0,862.4575,0,0,0,0,0,0,0
2018-12-13,"Standard","Scarab",0,0,0,0,0,0,0,0,0,0,0,0,0,0,0,0,0,0,0,0,0,0,0,0,0,0,0,0,0,0,0,865.1,0,0,0,0,0,0,0
2018-12-14,"Standard","Scarab",0,0,0,0,0,0,0,0,0,0,0,0,0,0,0,0,0,0,0,0,0,0,0,0,0,0,0,0,0,0,0,865.1,0,0,0,0,0,0,0
2018-12-15,"Standard","Scarab",0,0,0,0,0,0,0,0,0,0,0,0,0,0,0,0,0,0,0,0,0,0,0,0,0,0,0,0,0,0,0,865.1,0,0,0,0,0,0,0
2018-12-16,"Standard","Scarab",0,0,0,0,0,0,0,0,0,0,0,0,0,0,0,0,0,0,0,0,0,0,0,0,0,0,0,0,0,0,0,2750,0,0,0,0,0,0,0
2018-12-17,"Standard","Scarab",0,0,0,0,0,0,0,0,0,0,0,0,0,0,0,0,0,0,0,0,0,0,0,0,0,0,0,0,0,0,0,0,0,0,0,0,0,0,0
2018-12-18,"Standard","Scarab",0,0,0,0,0,0,0,0,0,0,0,0,0,0,0,0,0,0,0,0,0,0,0,0,0,0,0,0,0,0,0,0,0,0,0,0,0,0,0
2018-12-19,"Standard","Scarab",0,0,0,0,0,0,0,0,0,0,0,0,0,0,0,0,0,0,0,0,0,0,0,0,0,0,0,0,0,0,0,0,0,0,0,0,0,0,0
2018-12-20,"Standard","Scarab",0,0,0,0,0,0,0,0,0,0,0,0,0,0,0,0,0,0,0,0,0,0,0,0,0,0,0,0,0,0,0,0,0,0,0,0,0,0,0
2018-12-21,"Standard","Scarab",0,0,0,0,0,0,0,0,0,0,0,0,0,0,0,0,0,0,0,0,0,0,0,0,0,0,0,0,0,0,0,0,0,0,0,0,0,0,0
2018-12-22,"Standard","Scarab",0,0,0,0,0,0,0,0,0,0,0,0,0,0,0,0,0,0,0,0,0,0,0,0,0,0,0,0,0,0,0,0,0,0,0,0,0,0,0
2018-12-23,"Standard","Scarab",0,0,0,0,0,0,0,0,0,0,0,0,0,0,0,0,0,0,0,0,0,0,0,0,0,0,0,0,0,0,0,0,0,0,0,0,0,0,0
2018-12-24,"Standard","Scarab",0,0,0,0,0,0,0,0,0,0,0,0,0,0,0,0,0,0,0,0,0,0,0,0,0,0,0,0,0,0,0,0,0,0,0,0,0,0,0
2018-12-25,"Standard","Scarab",0,0,0,0,0,0,0,40,0,0,0,0,0,0,0,0,0,0,0,0,0,25,0,0,0,25,0,0,0,0,0,0,0,0,0,0,0,0,0
2018-12-26,"Standard","Scarab",0,0,0,0,0,0,0,40,0,0,0,0,0,0,0,0,0,0,0,0,0,25,0,0,0,25,0,0,0,0,0,0,0,0,0,0,0,0,0
2018-12-27,"Standard","Scarab",0,0,0,0,0,0,0,40,0,0,0,0,0,0,0,0,0,0,0,0,0,25,0,0,0,25,0,0,0,0,0,0,0,0,0,0,0,0,0
2018-12-28,"Standard","Scarab",0,0,0,0,0,0,0,40,0,0,0,0,0,0,0,0,0,0,0,0,0,25,0,0,0,25,0,0,0,0,0,0,0,0,0,0,0,0,0
2018-12-29,"Standard","Scarab",0,0,0,0,0,0,0,40,0,0,0,0,0,0,0,0,0,0,0,0,0,25,0,0,0,25,0,0,0,0,0,0,0,0,0,0,0,0,0
2018-12-30,"Standard","Scarab",0,0,0,0,0,0,0,40,0,0,0,0,0,0,0,0,0,0,0,0,0,25,0,0,0,25,0,0,0,0,0,0,0,0,0,0,0,0,0
2018-12-31,"Standard","Scarab",0,0,0,0,0,0,0,40,0,0,0,0,0,0,0,0,0,0,0,0,0,25,0,0,0,25,0,0,0,0,0,0,0,0,0,0,0,0,0
2019-01-01,"Standard","Scarab",0,0,0,0,0,0,0,40,0,0,249.7,0,0,0,0,0,0,0,0,0,0,25,187.275,0,0,25,0,0,0,0,0,0,0,0,124.85,0,0,0,0
2019-01-02,"Standard","Scarab",0,0,0,0,0,0,0,0,0,0,249,0,0,0,0,0,0,0,0,0,0,0,186.75,0,0,0,0,0,0,0,0,0,0,0,124.5,0,0,0,0
2019-01-03,"Standard","Scarab",0,0,0,0,0,0,0,0,0,0,249,0,0,0,0,0,0,0,0,0,0,0,186.75,0,0,0,0,0,0,0,0,0,0,0,124.5,0,0,0,0
2019-01-04,"Standard","Scarab",0,0,0,0,250.77,0,0,0,0,0,250.06,0,0,0,0,0,0,0,0,0,250.655,0,187.54,0,0,0,0,0,0,250.655,0,250.655,0,250.655,125.03,0,0,0,0
2019-01-05,"Standard","Scarab",0,0,0,0,251,0,0,0,0,0,251.46,0,0,0,0,0,0,0,0,0,251,0,188.2,0,0,0,0,0,0,251,0,251,0,251,140.31,0,0,0,0
2019-01-06,"Standard","Scarab",0,0,0,0,252,0,0,0,0,0,0,0,0,0,0,0,0,0,0,0,252,0,0,0,0,0,0,0,0,252,0,252,0,252,252,0,0,0,0
2019-01-07,"Standard","Scarab",0,0,0,0,252.94,0,0,0,0,0,0,0,0,0,0,0,0,0,0,0,252.915,0,0,0,0,0,0,0,0,252.915,0,252.915,0,252.915,252.94,0,0,0,0
2019-01-08,"Standard","Scarab",0,0,0,0,253.94,0,0,0,0,0,0,0,0,0,0,0,0,0,0,0,253.94,0,0,0,0,0,0,0,0,253.94,0,253.94,0,253.94,253.94,0,0,0,0
2019-01-09,"Standard","Scarab",0,0,0,0,256.7,0,0,0,0,0,0,0,0,0,0,0,0,0,0,0,256.615,25,0,0,0,0,0,0,0,256.615,0,256.615,0,256.615,255.5,0,0,0,0
2019-01-10,"Standard","Scarab",0,0,0,0,261.06,0,0,0,0,0,0,0,0,0,0,0,0,0,0,0,261.06,25,0,0,0,0,0,0,0,261.06,0,261.06,0,261.06,0,0,0,0,0
2019-01-11,"Standard","Scarab",0,0,0,0,258.84,0,0,0,0,0,0,0,0,0,0,0,0,0,0,0,258.78,25,0,0,0,0,0,0,0,258.78,0,258.78,0,258.78,0,0,0,0,0
2019-01-12,"Standard","Scarab",0,0,0,0,0,0,0,0,0,0,0,0,0,0,0,0,0,0,0,0,0,25,0,0,0,0,0,0,0,0,0,0,0,0,0,0,0,0,0
2019-01-13,"Standard","Scarab",0,0,0,0,0,0,0,0,0,0,0,0,0,0,0,0,0,0,0,0,0,20,0,0,0,0,0,0,0,0,257.06,0,0,0,0,0,0,0,0
2019-01-14,"Standard","Scarab",0,0,0,0,0,0,0,0,0,0,128.53,0,0,0,0,0,0,0,0,0,0,20,0,0,0,0,0,0,0,0,257.06,0,0,0,0,0,0,0,0
2019-01-15,"Standard","Scarab",0,0,0,0,0,0,0,0,0,0,129.02,0,0,0,0,0,0,0,0,0,0,20,0,0,0,0,0,0,0,0,258.04,0,0,0,0,0,0,0,0
2019-01-16,"Standard","Scarab",0,0,0,0,0,0,0,0,0,0,130.02,0,0,0,0,0,0,0,0,0,0,20,0,0,0,0,0,0,0,0,260.04,0,0,0,0,0,0,0,0
2019-01-17,"Standard","Scarab",0,0,0,0,0,0,0,0,0,0,130.52,0,0,0,0,0,0,0,0,0,0,20,0,0,0,0,0,0,0,0,261.04,0,0,0,0,0,0,0,0
2019-01-18,"Standard","Scarab",0,0,0,0,0,0,0,0,0,261.16,145.92,0,0,0,0,0,0,0,0,261.16,0,20,0,0,0,261.16,0,261.16,0,0,261.16,0,261.16,0,0,0,0,0,0
2019-01-19,"Standard","Scarab",0,0,0,0,0,0,0,0,0,261.7,161.65,0,0,0,0,0,0,0,0,261.7,0,20,0,0,0,261.7,0,261.7,0,0,261.7,0,261.7,0,0,0,0,0,0
2019-01-20,"Standard","Scarab",0,0,0,0,0,0,0,0,0,262.04,161.68,0,0,0,0,0,0,0,0,262.04,0,0,0,0,0,262.04,0,262.04,0,0,262.04,0,262.04,0,0,0,0,0,0
2019-01-21,"Standard","Scarab",0,131.02,0,0,0,0,131.02,0,0,262.04,146.48,0,0,0,0,0,0,0,0,262.04,0,0,0,0,0,262.04,0,262.04,0,0,0,0,262.04,0,0,0,0,0,0
2019-01-22,"Standard","Scarab",0,131.02,0,0,0,0,131.02,0,0,144.12,262.04,0,0,0,0,0,0,0,0,262.04,0,0,0,0,0,262.04,0,262.04,0,0,0,0,262.04,0,0,0,0,0,0
2019-01-23,"Standard","Scarab",0,131.78,0,0,0,0,131.78,0,0,144.95,144.64,0,0,0,0,0,0,0,0,263.56,0,0,0,0,0,263.56,0,263.56,0,0,0,0,263.56,0,0,0,0,0,0
2019-01-24,"Standard","Scarab",0,132.46,0,265.08,265.08,265.08,132.46,80.55,265.08,148.09,163.46,0,0,0,0,0,0,0,0,264.92,0,0,0,0,0,264.92,0,264.92,0,0,0,0,264.92,0,0,0,0,0,0
2019-01-25,"Standard","Scarab",0,132.97,0,265.93,265.93,265.94,132.97,80.59167,265.94,148.65,157.085,0,0,0,0,0,0,0,0,265.48,0,0,100,0,0,265.48,0,265.48,0,0,0,0,265.48,0,60,0,0,0,0
2019-01-26,"Standard","Scarab",50,134.74,80,269.04,90.2,49.7,134.74,80.93,269.48,43.44,156.55,44,0,0,0,0,0,0,0,0,0,0,100,22,25,0,0,0,0,0,0,25,0,0,60,0,0,0,0
2019-01-27,"Standard","Scarab",50,136.19,80,44.33333,90.23333,49.735,136.19,81.23333,272.38,43.47333,129.75786,44,0,0,0,0,0,0,0,0,0,0,100,22,25,0,0,0,0,0,0,25,0,0,60,0,0,0,0
2019-01-28,"Standard","Scarab",50,136.59,80,44.43,90.325,49.82,136.59,81.32,273.2,43.56,129.93,44,0,0,0,0,0,0,0,0,0,20,100,22,25,0,0,0,0,1,0,25,0,0,60,0,0,0,0
2019-01-29,"Standard","Scarab",50,0,80,275.14,90.5125,50.0125,0,81.51167,275.16,45.5125,106.3,44,0,0,0,0,0,0,0,0,0,20,100,22,25,0,0,0,0,1,0,25,0,0,60,0,0,0,0
2019-01-30,"Standard","Scarab",50,0,80,277.78,90.775,50.275,0,81.77,277.94,45.775,131.16196,44,0,0,0,0,0,0,0,0,0,20,100,22,25,0,0,0,0,0,0,25,0,0,60,0,0,0,0
2019-01-31,"Standard","Scarab",50,0,80,280.06,91.01,50.51,0,82.01,280.06,46.01,131.84,44,0,0,0,0,0,0,0,280.06,0,280.06,100,22,25,420.09,0,560.12,560.12,0,280.06,46.84,280.06,0,60,0,0,0,0
2019-02-01,"Standard","Scarab",42.43667,141.035,80,0,420.09,25,0,0,0,20,116.79,44,0,0,0,0,0,0,0,280.14,0,280.14,104.73,22,25,420.21,0,560.28,560.12,0,280.14,46.84,280.14,0,60,0,0,0,0
2019-02-02,"Standard","Scarab",42.31167,141.04375,80,0,423.165,25,0,0,0,20,94.34389,44,0,0,0,0,0,0,0,282.11,0,282.11,141.055,22,0,423.165,0,564.22,0,0,282.11,47.04,282.11,0,0,0,0,0,0
2019-02-03,"Standard","Scarab",42.43667,141.446,0,0,424.35,0,0,0,0,0,153.11429,0,0,141.53,0,0,0,0,0,282.9,0,282.9,141.45,0,0,169.84,0,565.08,0,0,282.9,212.18,282.9,0,0,0,0,0,0
2019-02-04,"Standard","Scarab",65.41,141.03,141.382,141.38125,169.76,141.39,141.39,141.38333,0,141.39,141.03,141.385,0,141.03,0,0,141.382,0,0,282.06,0,155.62,141.23714,0,0,169.24,0,0,141.39,0,155.62,211.54,282.06,0,141.3825,0,0,0,0
2019-02-05,"Standard","Scarab",65.54,141.03,141.03,141.03,169.75,141.03,141.03,141.03,0,141.03,141.03,141.03,0,0,0,0,141.03,0,0,282.06,0,155.13,141.03,0,0,423.09,0,0,141.03,0,155.13,211.54,282.06,0,141.03,0,0,0,0
2019-02-06,"Standard","Scarab",88.065,141.10417,141.111,141.9,188.44,141.275,141.1725,141.13833,0,141.13833,141.53833,141.1725,0,0,0,0,141.111,0,0,282.55,0,141.13833,141.09929,0,0,423.825,0,0,141.275,0,155.2925,211.91,281.77,0,141.12125,0,0,0,0
2019-02-07,"Standard","Scarab",88.45389,142.21833,142.22,142.21263,188.85875,142.26,142.235,142.22667,0,142.3325,142.21455,142.235,0,0,0,0,142.22,0,0,0,0,142.235,142.21714,38,0,0,0,38,142.26,38,142.26,0,0,38,142.2225,38,0,0,0
2019-02-08,"Standard","Scarab",88.96,143.03,143.03,143.03,189.27,143.03,143.03,143.03,0,143.03,143.03,143.03,0,0,0,0,143.03,0,0,0,0,143.03,143.03,38,0,0,0,38,143.03,38,143.03,0,0,38,143.03,38,0,0,0
2019-02-09,"Standard","Scarab",143.03,143.03,143.03,143.03,176.5,142.74,143.03,143.03,0,143.03,165.35,143.03,0,0,0,0,143.03,0,0,0,0,143.03,143.03,0,0,0,0,0,142.74,0,142.74,0,0,0,143.03,0,0,0,0
2019-02-10,"Standard","Scarab",143.03,143.03,143.03,143.03,286.06,0,143.03,143.03,0,143.03,176.79,143.03,0,0,0,0,151.47,0,0,80,0,143.43,143.03,0,80,0,0,0,0,0,80,0,0,60,142.8,0,0,0,0
2019-02-11,"Standard","Scarab",144.05,144.04,144.05,144.05,288.06333,0,144.04,144.05,0,144.03333,178.18,144.05,0,0,0,0,152.564,0,0,80,0,144.03333,144.05,0,80,0,0,0,0,0,80,0,0,60,86.4,0,0,0,0
2019-02-12,"Standard","Scarab",75.34,143,142.96,143.1,286.27143,0,143.16,142.96,0,143.16,143.00727,142.96,0,0,0,0,142.96,0,0,100.58,0,143.13,142.96,0,80,428.88,0,0,0,0,100.58,214.44,0,60,86.29,0,0,0,0
2019-02-13,"Standard","Scarab",75.61,143.52,143.52,143.52,287.04,0,143.52,143.52,0,143.52,143.52,143.52,0,0,0,0,143.52,0,0,100.7,0,143.52,143.52,0,80,430.56,0,0,0,0,100.7,215.28,0,60,86.35,0,0,0,0
2019-02-14,"Standard","Scarab",59.03,143.585,143.58,86.4,141.2,0,143.58,143.58,0,143.58,143.55,143.58,0,0,0,0,151.418,0,0,143.58,0,143.58,143.58,0,80,20,0,0,20,20,50,20,20,23,86.36,20,0,0,0
2019-02-15,"Standard","Scarab",59.02,143.67,143.52,86.35,140.75,0,143.52,143.52,0,143.52,143.67,143.52,0,0,0,0,151.34,0,0,143.52,0,143.52,143.52,0,80,20,0,0,20,20,50,20,20,23,86.35,20,0,0,0
2019-02-16,"Standard","Scarab",99.06,159.17,143.53,86.35,141.00769,0,143.53,143.53,0,143.53,155.83,143.53,0,0,0,0,151.35,0,0,143.53,0,143.53,143.53,0,80,20,0,0,20,20,50,20,20,23,86.35,20,0,0,0
2019-02-17,"Standard","Scarab",99.2,159.71,144.01,86.4,141.24,0,144.01,144.01,0,144.01,159.57,144.01,0,0,0,0,151.86,0,0,144.01,0,144.01,144.01,0,80,20,0,0,20,20,50,301.39,20,23,86.4,20,0,0,0
2019-02-18,"Standard","Scarab",99.44071,160.76,144.96,86.5,141.54,0,144.96,144.96,0,144.96,160.69,144.96,0,0,0,0,152.86,0,0,144.96,0,144.96,144.96,0,80,20,0,0,20,20,50,302.23,20,23,86.5,20,0,0,0
2019-02-19,"Standard","Scarab",93.16,161.32,0,80,142.18,0,145.46,0,145.46,145.46,290.73,0,0,0,0,0,218.19,0,0,145.46,0,145.46,0,0,80,20,0,0,20,20,50,20,20,23,80,20,0,0,0
2019-02-20,"Standard","Scarab",101.2,291.98,0,80,141.88,0,70,0,291.98,153.39,226.793,0,0,0,0,0,218.98,0,0,145.99,0,145.99,0,0,80,20,0,0,20,20,50,20,20,23,80,20,0,0,0
2019-02-21,"Standard","Scarab",101.3,292.98,0,80,142.04,0,70,0,292.98,85.38,226.893,0,0,20,0,20,219.74,0,0,146.49,10,146.49,0,0,80,20,0,10,20,20,50,20,20,23,80,20,0,0,0
2019-02-22,"Standard","Scarab",55.97,293.98,0,80,86.48,100,70,0,293.98,38.96,236.03,0,0,0,0,0,220.48,0,0,146.99,0,146.99,0,0,80,20,0,0,23.27,20,50,20,20,23,80,20,0,0,0
2019-02-23,"Standard","Scarab",55.97,295.875,0,80,86.6,100,70,0,295.89,38.96,487.675,0,0,0,0,0,221.92,0,0,147.9375,0,147.9375,0,0,80,20,0,0,23.27,20,50,20,20,23,80,20,0,0,0
2019-02-24,"Standard","Scarab",55.97,296.06,0,80,56.66,100,70,0,296.06,38.96,488.5,0,0,0,0,0,222.04,0,0,148.03,0,148.03,0,0,80,20,0,0,23.27,20,50,20,20,23,80,20,0,0,0
2019-02-25,"Standard","Scarab",59.31,296.06,0,80,60.44,100,70,80,296.06,38.96,296.06,0,50,0,0,0,222.04,0,0,148.03,0,148.03,0,0,50,20,0,0,23.27,20,50,20,20,23,0,20,0,0,0
2019-02-26,"Standard","Scarab",59.31,294.98,0,80,57.58583,82,78.4575,80,295.125,44.02,486.82,0,50,0,0,0,221.36,0,0,147.5625,0,147.57,0,0,50,0,0,0,23.27,20,50,20,20,23,0,20,0,0,0
2019-02-27,"Standard","Scarab",59.31,161.83,0,80,57.57,82,78.43,80,294.24,44.02,191.75875,0,50,0,0,0,220.68,0,0,147.12,0,147.12,0,0,50,0,0,0,23.27,20,50,20,20,23,0,20,0,0,0
2019-02-28,"Standard","Scarab",60.495,292.92,0,80,104.315,100,70,0,292.92,38.96,176.07,0,50,0,0,0,219.69,0,0,146.46,0,146.46,0,0,50,0,0,0,50,20,50,20,20,21.5,0,20,0,0,0
2019-03-01,"Standard","Scarab",60.54,293.4,0,0,144.638,100,70,0,293.385,44.02,153.6,0,50,0,0,0,0,0,0,60,0,146.7,0,0,50,0,0,0,50,0,0,0,0,20,60,0,0,0,0
2019-03-02,"Standard","Scarab",52.17,294.98,0,60,145.43,100,70,0,294.98,44.02,162.19,0,50,0,0,0,0,0,0,60,0,147.49,0,0,50,0,0,0,50,0,0,0,0,20,147.44,0,0,0,0
2019-03-03,"Standard","Scarab",52.17,294.12,0,60,30.54,82,78.35,80,294.105,44.02,162.18,0,50,0,0,0,0,0,0,60,0,147.06,0,0,50,0,0,0,50,0,0,0,0,20,147.27,0,0,0,0
2019-03-04,"Standard","Scarab",15.85,294.98,1,60,75.77,82,14.87,80,294.98,49.14,163.57,0,50,0,0,0,0,0,0,60,0,147.49,0,0,50,0,0,0,50,0,0,0,0,20,147.57,0,0,0,0
2019-03-05,"Standard","Scarab",15.85,294.98,1,60,75.77,82,14.87,80,294.98,49.14,179.5,3,50,221.36,89.64,33.04,18.43,139.14,8,60,148.03,147.49,147.49,10,50,5.44,3,4,50,3,17.45,1,3,20,11.63,1,0,0,0
2019-03-08,"Standard","Scarab",30,40,40,35,45,37.06,34.14,22.22,22,10,55,22.45184,8.54304,46.83,20,16.72,23.48,15.42241,19.01,3.15,4,2.83,49.47,3.27,4.28,19.46,5,5,12.71,1,5,1.61,1,1,32.47,0.62,0,0,0
2019-03-09,"Standard","Scarab",25.91,40,40.63,35,45,36.83,34.2,22.28,22,10,54.81,20,8.39,45,19.54933,12.84,20.52,7.85,18.86,3.26,4,2.49,47.78,3,4,19.75,5,5,12.9,1,5,1,1,0.99,30,0.6,0,0,0
2019-03-10,"Standard","Scarab",26.29,40,40,35,45,36.77,34.35,22.62,22,10,60,20,8.39,45.47,19.52,13.3,20,8.22,19.1,3.37,4,2.31,47.4,3,4,19.75,5,5,12.9,1,5.23,1,1.31,1,30,0.59,0,0,0
2019-03-11,"Standard","Scarab",26.77,40.23,40,35,42.7,39.02,32.05,23.26,22,10,60,20,8.69,45.96,19.73,13.69,20,9.49,19.1,3.6,4,2.14,47.65,2.99,4,19.87,5,5.36,13.2,1,7.15,1,1,1,30,0.56,0,0,0
2019-03-12,"Standard","Scarab",28.26,41.55,40,35,43.58,37.17,32.39,24.95,22,10,60,20,8.82,46.21,19.86,10.99,20,11.34,19.59,3.72,4,3,48.05,2.99873,4.06,19.11,5,5,13.44,1,7.82,1,1,1,30,0.8,0,0,0
2019-03-13,"Standard","Scarab",30,42.65,41.3,35,44.16,38.59,32.87,29.77,22.08,10,63.71,21.68,9.1,46.21,19.89,11.23,20,12.07,19.84,3.84,4,3,47.79,3,6.01,20,5,5,12.74,1,8.29985,1,1.24,1,30,0.92,0,0,0
2019-03-14,"Standard","Scarab",30,42.76,44.69,35,45,40.56,33.6,30,22.91,10,62.98,24.03,9.41,45,20,11.71,20,9.15,20,4.09,4,3,47.74,3,7.59,20,5,5,14.59,1,7.51,1,1.5,1,30,1,0,0,0
2019-03-15,"Standard","Scarab",30,96.65,45,35,45,41.9,31.56,30,23.33,10.16,67.17,24.63,9.44,45,20,11.53,20,9.82,18.29,4.18286,4,3,47,2.88,7.56,19.79,5,5,14.26,1,8.54,1.39,1.7,1,29.44,1,0,0,0
2019-03-16,"Standard","Scarab",27.95,68.92,45,35,45,42.34,32.5,28.83,23.33,10.76,67.7,20.24,9.23185,45,20,12.04,20,9.82,18.19,4.44,4.1,2.58,47,2.91,7.97,18.75382,5,5.15,13.21,1.85,8.81,1.44,1.05,1,26,1,0,0,0
2019-03-17,"Standard","Scarab",30,60,40,35,40,41.75,32.96,28.86,23.33,10,68.21,20,8.9,45,20,11.84,20,9.91,18.59714,3.82,4.28,3,45.12,3,8,18,5,5.21,14.13,2,7.45,2.01,2.59,1,30.87,1,0,0,0
2019-03-18,"Standard","Scarab",33.25,60,45,36.34,40,43.03,30.86,29.61,24.20227,10,68.87,20,9,40,19.22,12.18,20,6.54,18.66,3.82,4.45,3,48.64,2.99,8,17.16,5,5,14,2,7.72,2.71197,3,1,33.57,1,0,0,0
2019-03-19,"Standard","Scarab",34.32,60,40,40,43.65,40,30,24.82,25,10,68.52,20,9.85,40,19.58,15.38,20,12.58,18.88,3.85683,5.29,3.41,47.79,3,8.73,15,5.61,5.84598,15,3,6.42,3.71,3,1,38.3,1,0,0,0
2019-03-20,"Standard","Scarab",31.94267,60,40,40,49.8,40,30,22.49,26.61,10,69.36,20,9.47722,35,19.06,15.48792,20,18.68,19.38,4,27.64,3.31,46.18,3,8.61,15,7.31,9,15,3,8,4,3,1,36,1,0,0,0
2019-03-21,"Standard","Scarab",33.35,60,41.48,40.01,61.93,39.93913,30,20,28.45,9.86,70.23,19.91113,10.65,35,18.54,13.42,20.74714,21.97,20,4,30,3,45.7,3,8.28,10.48,6.6,9,15,3,9.11,3.93,3,1,31.59,1.19,0,0,0
2019-03-22,"Standard","Scarab",33.69,60,40.78,40,65,37.92,30,21.91,28.08,9.97,88.22,19.67857,10.09,35,19.66,18.2,20.75,19.88,20,18.85,33.11,3.47,44.17632,2.39,8.42,10,6.75169,9.82,15,5.07,10,3.98,3,1.0196,32.58,4.06,0,0,0
2019-03-23,"Standard","Scarab",33.91,59.13,44.61,40,49.62,40,30,20.49,28.37,9.05,77.89,19,10.05,35,23.87,19.75,30,15,20,20.89,28.14,3,50,2.32,13.08,12,6.7,15.1,15,5.65,10,4.87,3,3,38.64327,5,0,0,0
2019-03-24,"Standard","Scarab",35,58.1,45,40.02,42.3,45,30,20.6,28.74,9.88,80.34,19,10.24,34,26.24,21.97,30,14.52,20,22.89,19.22,3,50,2.57,9.61,12,6.71,19.36,20,4.84,10,4.84,3.13,3.19,28.72,5,0,0,0
2019-03-25,"Standard","Scarab",35,50.02,45,43.33,40.71,44.28,30,20,26.29,10,81.62,15.6,10.76,34,19.92,20,31.8825,15,20,26.1,5.89,3,50,2.37,9.44,8.16,7,19.61,15,4.38,8.73,5,3.95,3,26.48,4.58,0,0,0
2019-03-26,"Standard","Scarab",34.64,50,43.86,43.19,50,45,30,20,26.37,10,89.6,15,10.82,33.33,19.94,20,33.88,15,20,21.39,5,3,50,2.49,9.92,7.97,7,19,14.22,4.7,8,5,5,3,35.44,3.74579,0,0,0
2019-03-27,"Standard","Scarab",34,50,48.99714,40,47.73,38.6,30,20,25.45,10,88.16,14.97,13.37,33.35,21.13,20,34.27,15,20,19.07,5,2.69111,49.21,2.42,8,11.61,7,15.08,12.57,4,10,5,5,3,40,3,0,0,0
2019-03-28,"Standard","Scarab",34,50,45,40,48.83,38.47,30,20,25.49,10,85,14.07,12.86,33.31,21.13,20,32.56,14,19.51,15.49,5,3,50,2.57,8,9,7,15.92,10,4.23,10,5,4.91,3,40,3.06,0,0,0
2019-03-29,"Standard","Scarab",30,50,45,43.96,49.22,39.24,30,20,25.6,8,82.81,14.18,16.47,33.4,19.39,20,37.97,14,19.01,19.23,5,3,50,2.72,8,12.53,9.29,16.39,10,4.16,8.01,5,5,3,39.46,3,0,0,0
2019-03-30,"Standard","Scarab",27.25,45.93,40,44.2,49.66,39.59034,30,20,25.55,7,82.92,7.19,17.44,33,19.3,20,33.94,12.16,19.01,15.38,5.76,3,50,2.78,8,15,7.51,15.69914,10,4.15,8,5,4.16,3,38.22,2.9,0,0,0
2019-03-31,"Standard","Scarab",30,45,40,49,50,39.29,30,20,24.06,7,80,6.33,25,30,19.47,20,30,14,20,14.31188,5.19,2,53,3,8,13.36,7,14.44,11.9,5,8,5,4,3,39.53,2.49271,0,0,0
2019-04-01,"Standard","Scarab",30,45,40,47.02875,50,39.81,29.43297,20,23.33,8,96.07141,6.25,25,30,19.21,29.252,29.2,14,20,11.29,5.7,2,50,3,5,14.68,6,18,12.70808,5,8,5,4,3,40,2.66,0,0,0
2019-04-02,"Standard","Scarab",30,45,39.98,46.03,50,40,29.54,20,23.94,8,88.42273,6.24,25,30,19,27.97,29.3,14,20,10.51,5.33,2,50,3,5,14.82,6.04455,18,13,5,8.49,5,4.01867,3,40,2.4,0,0,0
2019-04-03,"Standard","Scarab",30,45,40,47.04,50,40,28.84,20,18.08,8,80.86,6.26,25,30,18.42,30,26.74,11.01,20,10.75,5.8,2,51.57,3.3,5,14.04,6,18,13,4.16,8.46,5,3.8,3,40,2.03466,0,0,0
2019-04-04,"Standard","Scarab",32.37,42.83,40,45,50,39.21,28.81,20,20.65,8,80.80515,5,25,30,19,25,26.49,11.26,20,11.81,5.8,2,50,3,5,14.9,6,16.7,13,3.48,8.39,5,3.74,3,40.72696,2.04,0,0,0
2019-04-05,"Standard","Scarab",33.18,44,39.85,49.08,50,35,29.85,20,21.62,7,80,4.2,21.08,30,19,25,25.49,11.03,9.92,13.06,5,2,49.07333,3.39,5,14.66,5.85,18,10.62,4.1,7.97,5,3.89,1.83,40.33,2.46,0,0,0
2019-04-06,"Standard","Scarab",34.99,44.81,39.9,50.02,50,36.27,29.07,15,22.12,7,79.99,3.67,21.37,30,19.29,31.71,25,10,9.92,8.78,5,1.88,50,5.5,5,14.64,5.26,17.08,8,4,8.1,4,3.88,1.97,40,2,0,0,0
2019-04-07,"Standard","Scarab",36.32,45,39,55,48.97,38.59917,40,15,15.54,7,80,3.2,20,30,20,34.34,25,5,18.75,8.35,5,1.12,50,5.63,5,14,5,17.62,5.94,4,8,4,3,1,40,2,0,0,0
2019-04-08,"Standard","Scarab",35.8,45,40,55,50,37.4,40,15,19.41393,7,80,3.26,18.37,30,19.08,28.04,25,5.06,20,8.23,5,2,55.15,4.33,5,10.13,5,15.06,5.68,4,7.72,3.94,3,1,40,1,0,0,0
2019-04-09,"Standard","Scarab",40,44.81,40,55,50,35,40,15,25.26,7,81.60242,3.49,18.03,30,15.47,30.935,25,5.11,25.7,8.16,5,2,49.89,4.33,5,12.00453,4.63967,16.5642,5.94,4,8,4,3,1,40.39,1,0,0,0
2019-04-10,"Standard","Scarab",36.52,40,39.97,50,50,35,40,11.04,34.9414,7,80,4.24,21.5,28.08,14.63,30.98,25.14,5,24.21,8.16,5,2,47.79,4.44,5,10,4,16.69,5,4,8.40711,4,3,1.69,44.26873,1,0,0,0
2019-04-11,"Standard","Scarab",31.17,45,39.86,50,50,39.58,39.77,14.97545,29.5,7,80.79,4.29,22.05,27.92,17.43,30,26,7.99,25.45,8,5,2,50.3,4.51,5,11.29,4,15,5,4.69,9.63,3.59,3,2,45,1,0,0,0
2019-04-12,"Standard","Scarab",43.96,45,40,50,51.58,39.07,40,14.95,26.12,6,100,4.48,22.14,30,19.57,31.97,26,9.15,32.33,7.18,5,2,60,4.4,5,10,4,15,5,4.48,15,3,3,1.26,50,1,0,0,0
2019-04-13,"Standard","Scarab",43.04,45,40,50,50,35,40,14.89,25,5.94535,100,4.39,19.19,30,18,27.36,25.44,8.97,32.76,7,5,2,57.1,4,5,11.47,4,15,8,4,16.41,3,3,1.49,50,1,0,0,0
2019-04-14,"Standard","Scarab",40.24,45,40,50,50,35,40,14,25,6.44,118.34025,4,19.99,30,18.35,27.12,28.7,8.96,32.78,6.23667,5,2,62.23,4,8.22,14.27,3.87,15,8,4,10,3,3,1.90167,50,1,0,0,0
2019-04-15,"Standard","Scarab",40,45,40,50,50,35,40,12.87,25,6.05,118.35,4,20,30,19.66,25,29.98,9.98,32.54,6,5,2.54,58.50882,4,9,14.99,4,14.38,8,3.65,10,3,3.54,2,46.67,1,0,0,0
2019-04-16,"Standard","Scarab",39.98,45.52,40,50,50,35,40,13.97,26.87,5.9,115.18,4.15,20,30,36.02,24.78182,29.85,9.12,27.74,6,5,2.04,77.02,3.61,9,14.73238,4,11.3,6.3,3.77,10,3,3.71,2,40,1,0,0,0
2019-04-17,"Standard","Scarab",39.18,51.2,40,50,50,35,40,13,26.34,5,120,4.33,20,30,39.9825,23,29.07,9.12,23.61,6,4.82,2.84,80,3.61,9,14.83,4,11,8,3.57,10,3,4.19,1.82,41.56,1,0,0,0
2019-04-18,"Standard","Scarab",39.89,70,40,50,56.38,35,40,11.86159,25,5,120,5,16.11,30,30.91,23,30,9,24.86,5.79,5,3,80,3,8.43,14.65,4,10,8,3.3656,10,3,4,2.71807,45,2,0,0,0
2019-04-19,"Standard","Scarab",40,70,40,50,50.29,33.69,40,11.76,25,5,114.7703,5.24,16.19,29.85,31.12,20,30,9,30,5.55,5,3,84.68,3.17,8.37,15,4.29,10,8,3,10,3,3.27,2.91,48.94,2,0,0,0
2019-04-20,"Standard","Scarab",40,62.61,40,50,50,35,39.65,10.03,25,5.33,112.47131,5.43,20,29,18.18,20.74,30,8.67,30,6,5,3,95.06,3.15,8,15,4,10,8,3,10,3,3,3,50,1,0,0,0
2019-04-21,"Standard","Scarab",40,70,40,50,52.92,33.8,36.75,10,25,6.31,120,11.02143,16.81,29,17.04,24.19,29,9,30,6,5,3,100,3,8,15,4.58,11.9,8,3,10,3,3,3,66.47,1,0,0,0
2019-04-22,"Standard","Scarab",40.04,70,40,50,51.06,33.74218,36.2,10,25,5.05762,120,10,19.98602,28.55,17.63,23,29,9,30,5.32,5,3,100,3,8,15,4.75,10.73,8,3.84,10,3,3,3,69.08,1,0,0,0
2019-04-23,"Standard","Scarab",39.92,70.38,40,49.61,50,29.68,38,10,23.96,5,120,10,17.24,27.5725,20,21.24,29.59,9,30,5,5,3,90,3,7.48,10.45,4.43,10.04,8.36,3.88,10,3,3,3,69.23836,2,0,0,0
2019-04-24,"Standard","Scarab",39,72.21,40,50,45.15,33.38,38,10,22.98,5,120,9.33,18,26.56,20,20,29.165,8.25,30,5,4.2,3,90,3,8,10,4.58,12.41,8,4,10,3,3,3,70,2,0,0,0
2019-04-25,"Standard","Scarab",39,78.16,40,47.34,50,30,38,10,23.08,5,120,8.52,19.72,28.55,18.4,21.78,20.71,8,28.71,5,4.34,3,96.92,3,8,12.46,5,12.48,8,4,10,3,3,3,75,2,0,0,0
2019-04-26,"Standard","Scarab",37.92182,73.48,34.71284,49.94,47.02,30,35.88,10,23.53286,5,121.81,8.59,19.25,30,13.72,21.59,20.39,8,25,5,4.58,3,104.77,3,8,13.33,5,11,8.15,4,10,3,3.04,3,75,2,0,0,0
2019-04-27,"Standard","Scarab",38,75,34.90415,44.64,47.51,28.06,35,10,23,5,120,9,20,30,10,20,20,8,25,5,4.74,3,110,3,8,10,4,10.16,8,4,10,3,3.18,3,75,2,0,0,0
2019-04-28,"Standard","Scarab",35.85,75,34.19,45.61,50,26.03,34.74,9.7,23,5,120,8.7,19,30,10,20,20,8,25,5,4,3,100,3,8,10.09,4,10,8,4,7.29,3,2.49,3,79.7,2,0,0,0
2019-04-29,"Standard","Scarab",36.63,76.14,33,48.07,50,26.09,35,9.63,23,5,120,8.87,18.88,30,19.44,20.33,20.76,8,23.65,5,4,3,100,3,7.4,15,4,10,9,4.26,7.28,3,2.6,3,75.51,2,0,0,0
2019-04-30,"Standard","Scarab",35,76.88,33,48.27,49.96,20,33.06,10,20,5,118,8,18.89,30,20,23.36,20,8,25,5.02,4,3,99.74027,3,7,15.71,4,10,9.21,4,7,3,2.5,3,75,2,0,0,0
2019-05-01,"Standard","Scarab",30,79,30,48.14,50,22.56,30,9.4,20,5,118,8,16.81,30,20,23,20,8,25,5,4,3,100,3,7,16.22,4,10,9,3,7.32,3,2.48,2,75,1.77,0,0,0
2019-05-02,"Standard","Scarab",30,77.49,30,48.87,48.68,19.42,32.4,9.08,17.86,5,120,8,17.53,30,19.08,22.52,20,8,25,5,4,3,99.2,3,7,17.38,4,10,8.72,3,7.3,2,2,2,75,1.88,0,0,0
2019-05-03,"Standard","Scarab",30,79,30,46.06,44.22,20,30.27,10,13.47,5,120,7,15,29.35,14.29,22.29,22.03308,8,25,6.01,4,3,99.46,3,7,17.45,4,10,8,3,7,3,2,2,75,1.94,0,0,0
2019-05-04,"Standard","Scarab",30,75.57449,30,45.17,43.06,20,30.57442,10,13.57,5,123.15096,7,13.61,29.35854,15.04,20,22.11,8,25,6.17,4,3,100,3,7,18,4,10,9.22885,3,7,3,2,2,75,1.42,0,0,0
2019-05-05,"Standard","Scarab",30,70,29.52,40.18099,43.85,20,30,10,13.97,5,130,7,10.77689,30,17.93,20,25,9.15,25,6.29,4,3,103.26,4.94,7,18,4,10,10,3.73,7.27,3,2,2,72.46,1.79,0,0,0
2019-05-06,"Standard","Scarab",30,70.93,26.98,40.26,44.09,20,30,10,12.38,5,130,7,12,34.07,18.65,20,22.99,9.26,25,7.34,4.32,3,100,4.92,7,16.01,4,10,8.78,3,7,3,2,2,70,1.84,0,0,0
2019-05-07,"Standard","Scarab",29.29,75,25.42,40.26,48,20,30,10.18,12.19,5,130,7,12.03,34.28,15.93,20,20,9.61,25,6.92,4,3,100,4.97,7,16.25,4,10,8,3,6,3,2.27,2,68.93,1.02,0,0,0
2019-05-08,"Standard","Scarab",30,75,25,40.94,49.37,20,29.18,11.14,12,5,128.99,7,15.16,35,12.06,20,20,10,21.8,6.92,4,3,95,4.67,7,15,4,10,8.21,3,6,3.43,2.34,2,68,1,0,0,0
2019-05-09,"Standard","Scarab",30,75,27.92,46.66,48,20,30,11.14,12,5.39,128.06045,7,17.62,34.92,13.84,20,25,10,21.16767,6.67,4,3,97.65,3.84,7,14.65807,4,10,8.43,3,5.62,4,2.11,2,65,1,0,0,0
2019-05-10,"Standard","Scarab",30,75,25,50.12,45.85,20,28.82,11.77,12,5.16,128,7,16.51,35,14.37,20,25,10,20.65,6.48,4,3,89.38369,1.93,7,14.22,4,10,8.3,3,5,4,2,1.06,64.73066,1,0,0,0
2019-05-11,"Standard","Scarab",30,75,25.57,52.13,45,23.16292,29.2318,12.46,12,5.08,127.79525,7,17.64726,34.44717,14.57,20,25,10,20.81,6.71,4,2,90,2.71,7.05844,14.43,4.26,8.9769,8.78,3,6,4,2,1.25,65.19,1,0,0,0
2019-05-12,"Standard","Scarab",30,75,28.65,50,47.8,22.84167,29.36,14,11.96,6,131.54,7,15.92,35,14.56,19.91,25,10,20,6.88,4,3,90,2.53,7.18,15,5,9,8,3,6,4,1,2,69,1,0,0,0
2019-05-13,"Standard","Scarab",29.95,75,28.88,50,48.19,22.38,25.82,13.09,11.66,6,130,7,16.49,34.28,13.84,19.84,25,10,20,6.88,4,2.5802,90,4.27,7,13.96,5,9.33,8,3,6,4,1,2,68.60766,1,0,0,0
2019-05-14,"Standard","Scarab",30,75,25.82,50,48.17,25.31,26.2,13.09,11.7,6,130,7,18.32,35,14.23,19.76,23.68,10,20,6.34,4,3,90,4.58,7,12.44,5,8.59,7,3,6,4,1,2,68.82942,1,0,0,0
2019-05-15,"Standard","Scarab",30.49,75,25.97,50,48.41,20,26.11,14.32,11.63,9.46,130.96126,7,18.28,32.15,14.88,20,25,10,19.92,7.2,4,2,90,4.57,7,10,5,9.7,7,3,6,4,1,2,69.14,1.17,0,0,0
2019-05-16,"Standard","Scarab",33.09,75,26.61,50,46.24,20,25,14.45,11.52944,9.46,141.71788,7,18.38,31.93,13.8,20,22.88,10,15.91,7.2,4,2,90,1.57,7.05,10,5,10,8,3,6,4,1,2,69.16654,1.18,0,0,0
2019-05-17,"Standard","Scarab",34,75,27.92,50,45,20,25,15,12,10,151.15505,7,18.51,40.41,13.61,20,24.04,10,18.78,7.16,4,2,90,4.21,7.82,9.69,5,10,8.21,3,6,4,2.05,2,69.1,1.13,0,0,0
2019-05-18,"Standard","Scarab",34,75,28.14,50,45.21,20,25,14.32,12,10,188.16606,6.165,19.64,45,15,20,20,10,15,5,4,2,97.37,4.32,8.16,9.7,5.16,10.12,9.4,3,6,4,1.85,2,70,2,0,0,0
2019-05-19,"Standard","Scarab",34,75,27.93,50,48.6,21.19,28.23,15,11.89,10,180,7.01,20,45,15,19.8,23.4739,10,15,5,4,2,98.16,1.58,8,9.63,5.37,9.65,8.69,3,6,3.39,1.89,2,70,2,0,0,0
2019-05-20,"Standard","Scarab",34,75,27.01,50,48,24,25,14.17,12.57,10,180,7,19.62,45,15,19.14,21.53,10,15,5,4,2,99,1.8,9,9.76,5,7.15,9.85,3,6,3.27,1.12,2,70,2,0,0,0
2019-05-21,"Standard","Scarab",33.15,75,25.44,49.8,44.6,20.02,29.27,15,13.64,10,166.6,6.96,20,45,14.35,19.19,22.43,10,17.27,5.31,6.3,2,99.32,1.8,8.72,9.91,4.83,10,10,3,7.13,3.37,1.38,2,70,2,0,0,0
2019-05-22,"Standard","Scarab",33.01,75,25,49.58,40,20,30,15,15,10,181.55515,5.14,20,45,15,19.52,23.04,10,16.66,5.12,6.69,2,99.18,3.06,9,12.8,4.88,10,10,3.29,5.34,3.24,1.78,2,70,2,0,0,0
2019-05-23,"Standard","Scarab",32.18,75,25,46.84,39.55,22.79,25.67,15,15,10,180.35,7,20,43.13,15,19.04,23.04,10,21.71,6.23,6.85,2,100,3,10,15,4.88,10,10,4,5.39,3,1.98,2,70.73,1.95,0,0,0
2019-05-24,"Standard","Scarab",30,75,25,45,38.874,29,30,13.12,15,10,175.71879,7,20,40,15,19.71,22.19,10,24.0642,5,8,2.34,100,3,10,15.88,4.08,10,10,4,7.17,2.96,2.7,2,72.77254,2,0,0,0
2019-05-25,"Standard","Scarab",30,75,28,45,35,29,30,12.51,15,10,168.6,7,20,45,15,19.6963,21.99,10.62,17.57,5,6.8,2.94,100.06568,3,10,21.66458,4.03,10,10,4.29,8.3,3,2,2,71.78,2,0,0,0
2019-05-26,"Standard","Scarab",30.51,70,25,45,39.13,24.16,30,12.12,15,10,170,7,20,45,15,20,20,10,17.98,5,7.42,2.90051,100,3,10,17.48353,4.12,10,9.43,3.65,8,3.52,3,2,70.08,1.71,0,0,0
2019-05-27,"Standard","Scarab",34.56857,70,26.43,44.97,38.87045,20,30,9,15,10,170,7,20,40,15,19,20,12.98,17.05,5,6.75,3,100,3,10,22.68,4.27,10,9,3.11,8,3,3,1.39,70,1.56,0,0,0
2019-05-28,"Standard","Scarab",33.44,70,28.89,41.56,39.68,20,26.38741,9,15,9.9587,168.09051,7.28,20,40,15,19,20,14.21,18.18,5,3.95,2.84081,103.05682,3,10,21.99,4.43,10,9,4.88,8,3,1.89,1.56,73.98,1.68,0,0,0
2019-05-29,"Standard","Scarab",33.55,70,28.91,40,38.8,20,30,8.89,14.5,10,168.08717,7.4,20,40,15,19,20,14.21,18.22,5,4,2,103.44,3,10,21.09902,4.09,10,9,5,7.34,3,2,1.6,74.35,1,0,0,0
2019-05-30,"Standard","Scarab",30,70,29.16,40,39.12,20,30.83,8.1,14,10,170,7.32,20,40,15,20,20,15,18.95,5,3.98,2,104.12,3,9.95,22,4.09,10,9,5,7.78,3,1.97,2,70,1,0,0,0
2019-05-31,"Standard","Scarab",30,70,30,40,45,16.08,21.84483,7.80304,13.42,10,170,7.65,20,40.66,15,20,20,10,19,5,3.85,2,100,3,10,22,5,8.87,8.14,5,6.61,3,2.07,2,70.92,1.83,0,0,0
2019-06-01,"Standard","Scarab",26.29,67.59,27.97,40,43.07,15.22,22.38,6.29,12.49,9,168.40586,7.88333,19.13,40,15,20,20,10,18.41,5,3.86,2,100,3,10,15.4,5,9.07,8,5,7,3.32,2.61,2,75,2.34939,0,0,0
2019-06-02,"Standard","Scarab",27.42444,65,27.69,40,44.05,15,20,6.6,12,8,176.9404,7.31,18.11,40,15,18.95655,20,10,18.28,5.95,3.92,2,99.89,3.82,9.68,16.72,5,8.93,8,4.73,7,4,2.47,1,75.14,2.72632,0,0,0
2019-06-03,"Standard","Scarab",28.48,65,26.02,44.51,40.3185,15,20,8.02,12,8.14,180,7.98,16.92,40,15,15,20,7.48,16.49,6.19,3.92,2,95.28,3.38,8.31,17.53,6.77,10,8.56,4.73,7,4,2.56,1,75,2.78,0,0,0
2019-06-04,"Standard","Scarab",25,60,20,40,40,15,20,8.86,12,8,124.94131,8,16.66,35,10,15,20,9.01,12.91,4,4,2,95,2,7.235,15,5,5,6.72,2,7,1,2,1,70,1,0,0,0
2019-06-07,"Standard","Scarab",30,60,22.16,40,44.81,15.79,25,9,10.46,8,117.75,5,15.46,30,10,15,20,10,10,4,6,2,80,2,6.83,15,5,4,7.57,2,5,1.41,2,1,70,1,0,0,0
2019-06-08,"Standard","Scarab",30,60,20.18,40,44.68,15.56,25,9,11.94,8,117.75,5.62,15.46,30,10,15,20,10,10,4.02,6,2,80,2,6.67355,15,5,6,7.57,2,5,1.76,2,1,70,1,0,0,0
2019-06-09,"Standard","Scarab",30,60,20,40,44.43,15.06,25,9,11.78,8,117.57,5.28,15.95,30,10,15,20,10,10,4,6,2,80,2,6.55,15,5,6,7.16,2,5,1.61,2,1,70,1,0,0,0
2019-06-10,"Standard","Scarab",30,56.53,20,40,45,15.06,25,9,11.78,8,117,5.07,15.89,30,9.99688,15,20,9.97,10.26,4,6,2,80,2,6.61,15,5,6,7.16,2,5,1.54,2,1,70,1,0,0,0
2019-06-11,"Standard","Scarab",30,54.97,20,40,45,16.08,25,9,10,8,117,5.18,15,28.03,10,15,20,9,11.25,4,6.19,2,79.79,2,5,14.76,5,5.96,7,2,5,1.34,2,1,60,1,0,0,0
2019-06-12,"Standard","Scarab",30,50,20,40,45,16.56,25,8.33,10,8,120,5.26,15,28.12,10,15,20,9,11.1,4,8.03,2,78.94,2,5,14,5,6,7,2,5,1.81,2,1,57.57,1,0,0,0
2019-06-13,"Standard","Scarab",27.73,50,20,40,45,15.39,25,8.63,10,7,120,5.26,15.51,25.9,10,15,20,10,10.95,4,6,2,75,2,5.67,13.75,4,6,7,2,5,1.83,2,1,55,1,0,0,0
2019-06-14,"Standard","Scarab",27.93744,50,19.62,40,45,15.26,25,8.16,10,7,120,5,15.46,25,10,15,20,9.99,10.19,4,8.24,2,75,2,5,11.64561,4.63,6,7,2,5,1.95025,2,1,54.29,1,0,0,0
2019-06-15,"Standard","Scarab",28.03,50,19.59247,40,45,15,25,8.38,10,7,120,5,16,24.72,10,15,20,9.93889,10.19,4,8.85,2,75,2,5,10,5,6,7.13,2,5,2,2,1,50,1,0,0,0
2019-06-16,"Standard","Scarab",25,50,18.08595,40,39.64,15.36,25,8.38,10,6.29,120,5,16,21.27,10,15,20,9.75,10.76,4,8.66256,2,78.01505,2,5,10.4,5,6,7,2,5,2,2,1,45,1,0,0,0
2019-06-17,"Standard","Scarab",25,40,17,40,34,15.56,25,8.65,10,6.26,111.41,5,16,22.01,10,15,19,10,10.76,4,8.67,2,78.18,2,5,9.76,5,6,7,2,5,2,2,1,50,1,0,0,0
2019-06-18,"Standard","Scarab",25,40,17,40.38,34,15,25,8.73,10,5.34,115,5,16.43,20,10,15,19,10,13.75,4,9,2,78.75005,2.19,5,6.9,5,6,7,2,5,2,2,1,50.63337,1,0,0,0
2019-06-19,"Standard","Scarab",24.97895,40,14.45129,41.36,34.75,15,25,9,10,5,120,5,16.63,20.12,10,15,19,10,14.58,4,9,1.92,77.63,3.79,5,7.32,5,5.58,7,2,5,3,2.31,1,52.57,1,0,0,0
2019-06-20,"Standard","Scarab",25,40,15.58,41.31,35,15,25,8.9,10,5,120,6.46,16.57,20.71,10,15,17.34,9.96038,15.03,3.24,9.39,1,75,11.66,4.99234,6.52,4.44,5.83,7,2,5,3,2.13714,1,60,2,0,0,0
2019-06-21,"Standard","Scarab",25,40,14.04,42.32563,34.79,15,25,9.63,10,5,115.14,8.67,13.92,20,9.59,17.49,15.99,9,18.57,4,9.48,2,77.67,20.26,5,6.01,5,5.96,7.44,1.30765,5.11,3.08,2.14,1,59.03,2,0,0,0
2019-06-22,"Standard","Scarab",25.4,40,13.29,45.11,34.65,15,33.4,10.62473,10,5,113.65,13.25,14.61,19.81,9.65,15,16.65,9,18.68,4,10,2,80,19.28,5,5,5,5.83,8,1.2,5.46,3,2.14,1,60,4.72,0,0,0
2019-06-23,"Standard","Scarab",30,40,19.73,47.95828,39.56,15,35,10.81,10,5,114.2503,12.31,17.51,19.97,9.74,15,16.65,9,25,4,10,2,80,19.17,5,5,5,5.84,8,1.06,6.98,2.99,3,1,60,1.94,0,0,0
2019-06-24,"Standard","Scarab",29.99451,40,20,50,40,15,35,15,10,4.59,110,15.9275,19.36,19.85,10.27,14.91,17.94,9,25,4,10,2,80,19.16,5.68436,5,5,6,7.68,1.17,8.31,3,2.9,1,60,2.21,0,0,0
2019-06-25,"Standard","Scarab",35,38.76,20,50,40,15,35.6,13.71,11.49,5,110,15.96,19.38,20,12,14.96,17.11,9,25,4,9.65,2,75,30.88,6,5,5,7.3,7.32,1.18,8.44,3.35,2.98,1,54.24507,1.63,0,0,0
2019-06-26,"Standard","Scarab",34.92,34.27,20,46.24,39.68,15,26.67,11.71,10,5,110,27.06,18.94,20,12,15,15.577,9.14,25,4,9.64,2,80,33.36,6,4,5,7.47,7.99,1.24,8.93,4,2.98667,1,50.65,1.96,0,0,0
2019-06-27,"Standard","Scarab",35,34.27,20,45,40,15,24.79,10.52,15,5,104.72283,27.95,18.62,20,12,15,14.78,9.58,25,4,9.64,2,79.64,26.71,6,4,4.04,6.68,9.02,1.43,9,4,2,1,50,1.3,0,0,0
2019-06-28,"Standard","Scarab",35,31.7,20.36,42.59429,39.69,15,24,11.83,15,5,100.26404,32.63,13.25,20,12.78,15,15,9.53,25,4.04,10,1.64005,72.88867,13.44,5.99,4,3.91,5.69,8.16,1.59,9,3.79,2,1,50,1.93,0,0,0
2019-06-29,"Standard","Scarab",35,30,23.7,42,40,15,36.95,13.17,15,5,105,50.88,10,20,14.7,15,15,9.62,25,4.04,9.7,1,75.22,8.52,5,4,5,5,7.04,1.65,9,2.79,2,1,50,1.96,0,0,0
2019-06-30,"Standard","Scarab",34.99,29.35,25,42,40,15,38.71,9.31,14.11,5,100,40,10,20,14.8,15,15,9,24.62,4,9.78,1,79.04,10.81,5,4,5,5,7,2,8,3,2.98,1,52.3518,1.33,0,0,0
2019-07-01,"Standard","Scarab",32.74,28.78,25.37,40,40,15,35.1,9,13.8,5,100,40,10,19.5,10,15,12.06,9,25,4,8,1,77.78,10.81,5,4,5,5.88,7,2,8,3,2.98,1,50,1,0,0,0
2019-07-02,"Standard","Scarab",32.39,29,27.59,42.17966,40,15.86,35.84,9.9,12,5.94,95,40,10,19.88,10,15,12,8.1,25,4,8,1,80,10.65,5,4,5,5,6.66,2,8,3,3,1,50,1,0,0,0
2019-07-03,"Standard","Scarab",34.58,29,29.58,40,40,17,37.02925,12.1,12,5.31,95,37.27,10,20,10,16.57,11.45,6.56,25.22,4,8,1,78,11.23,5,4,5,5.11,6.8,2,8,2.85439,3,1,49.4,1,0,0,0
2019-07-04,"Standard","Scarab",32.72,30,30,40,42,17,40,13,14,5,94.86,40,10,19.72,10,15,12,5.38,25.22,4,8,1.06,77.46,10.82,5,4,5,6.36,5.09,2.21,8,2.78,2.47,1,50,1,0,0,0
2019-07-05,"Standard","Scarab",35,30,29.36,40,42,15.16,40,13.77,14.09891,5,99,33.72,10,19,12.32,15.97,12.03049,5,25,4,8,2,72.17,6.43,4,4.08239,5,6.6,5.63,3,8,2.05596,2,1,50,1,0,0,0
2019-07-06,"Standard","Scarab",35,30,29.25,40,42.36,17,43.06,14.07,12.24,5,99,40,9.34,18.4,15,15,12,5,25,4,8,1.16,75,5.99,4,4.03,4.9,7,5.74,3,7.79,2.57,2,1,54,1,0,0,0
2019-07-07,"Standard","Scarab",34.63,30,29.3,39.42,42,10.45,43.38,12.58,12.07,5,95,40.14,9.4,18.45,15,15.16,12.01,5,25,3.95,7.58,1.39,75.5468,4.54,4,4.6,4.74,7,5.42364,3,7.79,2.62,2,1,53.24,1,0,0,0
2019-07-08,"Standard","Scarab",31.80194,30,25,39.56,40,11.28,41.73,9.51,10,5,90,41.71,9.65,17.13,15,15.66,12.87,5,25,4.22,7.73,2,73.92,5.7,4,5.18,4.02,9.53,6.15,3.49,8,2.68,2,1,50,4.18,0,0,0
2019-07-09,"Standard","Scarab",31.65,30,25,40,40,11.94,40,9.72,9.3,5,90,30,9.77,15,15,16.11,15,5,25,4.42,7.412,2,70,9.77,4.1,5,4,9.75,7.59,4.09,8,2.66,2,1,54.37476,4.18,0,0,0
2019-07-10,"Standard","Scarab",30,30,25,40,44.25,10,40,9.59,5,5,93.91,32.67,9.87,15,14.8,16.92,15,5,25,4.78,7.1,2,70,8.84,5.07,4.4802,4,9,8,4.00588,8.33,2.4,2,1,55.82,4,0,0,0
2019-07-11,"Standard","Scarab",30,30,25,39.82,40,10,40,9.84,8.01,4,90,30,10.44444,15,13.58,15,16.94,5,22.23,4.74,7.1,2,70.69,7.83,6.07,7.56,4,9.81,8,4,8.66,2.86,2,1,57.93394,4,0,0,0
2019-07-12,"Standard","Scarab",30,25,25,40,40,10,40,10.34,5,4,90,30,11.29,14.16,12.27,16.32,20,5,20,4.59,6.82,2,74.72,13.3,6.41,7,4,9.81,8.57,3.62,8.92,2.92,2,1,54.06,4,0,0,0
2019-07-13,"Standard","Scarab",30,26.41,25,40,39,10,39.57,13.08,5,4,99.27005,25.96,13,15,9.76,16.1,20,5,22.60053,4.72,7.18,2,77.69,13.84,5.52,6.58,4,9.98727,8.06,3,9.01,1.93,2,1,55,4,0,0,0
2019-07-14,"Standard","Scarab",29.88,25,25,40,39,10,36.11,16.94405,5,4,97.81,30,10.77,15,9.81,18.86,24,5.13,20,7.53941,7.07,2,78,13.49,8,7.98,4.87,10,9,3,9.43,2,2,1,56.24061,4,0,0,0
2019-07-15,"Standard","Scarab",29.26,25,25,40,39,14.24,38.66,18.39,5,4,100,30,11.44,15,9.81,14.46,20.23,5.68,22.28,6.48,5.45,2,70,12.55,7.16,9.97,4.29643,9.45,9,3,10,3,2,1,58,4.26,0,0,0
2019-07-16,"Standard","Scarab",29.52,25,25,40,38,14.81,38.32,17.76,5,4,100,30,13,15,11.05,13.39,20,6.09,20,7,6.27,2,70,12.03,7.01,9.7,3.24,9.8,9,3,10,2.72,2,1,52.89276,4,0,0,0
2019-07-17,"Standard","Scarab",30,25,25,40,38,14.14,38.35,20,5,4,99.78717,30,15,15,12.03,17.28,20,7,21.9,9.05,6.66,2,70,14.83,6.71,8,3.1,9.198,7.76,3,10,3,2,1,50,4,0,0,0
2019-07-18,"Standard","Scarab",30,25.71,25,40,35,15,36.94,20,5,4,96.18,30,15,15,11.774,20,20,6.86,20,9.05,5,2,70,18.9,7,9.78,3.07,9.86,7,3,10,6.14,2,1,58.26,3.01,0,0,0
2019-07-19,"Standard","Scarab",30,26.91,25,42.55,35.28,15,36.67,20,5.25,4,99,30,15,15,12.11,18.63,20,7.02,20,9.4,5.55,2,69.97,19.38423,6.93,9.27,2.66,10,7,3,9.74,6.67,2.37851,1,58.81,3.52,0,0,0
2019-07-20,"Standard","Scarab",30,29.12,25.5,42.99,35,15,33.46818,20,6.03,4,100,30,15,15,14.54,20,20,6.93,20,9.63,6.34,2,73.03,27.78,7.05,10,3.97,9.28,8.54,3,9.59,6.74,3,1,58,4.32042,0,0,0
2019-07-21,"Standard","Scarab",27.83,29.6,28.75,40.56016,35,15,34.08,20,5.6,4,100,40.00779,15,15.08,15.37,20,20,7.42,20,9.64,6.18,2,80,22.48,8,10,5,8.46,9,3,9.83,5,3,1,60,4.46026,0,0,0
2019-07-22,"Standard","Scarab",27.37961,30,27.27,40,35.73,14.1,33.77,20,7.56,4,100,54.48,15,18.07,10.75,19.9,20,7.24,20.08,10.65,7.99,2,79.85,35,6.42,10,5,8,9,3,7.86027,5,3,1,60,4,0,0,0
2019-07-23,"Standard","Scarab",27,30,27.44,40,36.17201,14.87,34.38,20,7.94,4.13,100,60,15,19.11,11.77,20,20,7.08,20,10.57,7.99,2,80,32.81,8,9.6,5.59,7,9,3,7,5,2.62,1,60,3,0,0,0
2019-07-24,"Standard","Scarab",26.96,30,30,40,39.66,15,37.96,20,14.22,4.63,100.66,60,15,19.23,13.99,20,20,7.19,20,10,8.65,2,80,27.53,7.86,9.27,5.49,7.84,9,3,8,5,2,1,60,3,0,0,0
2019-07-25,"Standard","Scarab",26.75,30,30,40,39.73,19.88,35.26,20,15,5,110,60,15,20,14.74,20,20,7.79,20,10,9.94,2,80,27.03,8,9.94,5.86,9,9.13,3,7.95,5,2,1,60,3,0,0,0
2019-07-26,"Standard","Scarab",27.81,31.19,30,40,39.92205,19.95,30.88,20.3,15,5,110,60,12,20,16.64,18,20,7.481,19.26,9.41,9.68,2,80,20,7.86,10,5.86,9,9.85,2.91,7.31,5,2.35,1,60,3,0,0,0
2019-07-27,"Standard","Scarab",28.01,36.475,30,39,40,20,31.53,20.59,15,5,105,60,14.15,21.68,17.55,16.96,20,7.1,20,10,10,2,75,20,7.88,10,6.61,8,9.83,3,7.6,5,3,1,59.31491,3,0,0,0
2019-07-28,"Standard","Scarab",28,38.68,30,37.18438,40,19.6,30,20,15,5,105,60,14.51,23.53,18.95,17.63,20,5.39,20,10.5627,9.41,2,75,21.22,8,10,5,8.02,9.99322,3,7,5,2.93,1,58,1.76,0,0,0
2019-07-29,"Standard","Scarab",28,40.74,30,35,40,19.6,30,18.09,15,5,110.98,55,15.09,24,19.6,17.13,20,5,20,10,9.06,2,75,21.74,8,10,4.71,8,9,3,7,5,2.92,1,58,1.86,0,0,0
2019-07-30,"Standard","Scarab",28.77,43.73868,30.51,35,40,19.58,30,18.25,15,5,114.94,50,15,24,17.85,15,20,5,20,10.03,9.09,2,71.23,20,8,12.23,4.97682,8,8.28,3,7,5,2.7,1,57.03,2,0,0,0
2019-07-31,"Standard","Scarab",28.94,45,30,34.62,39.62,20,31.33,18,15,5,115.01,40,15.21,24,17.71,19.12,20,5,20.35,11.31,9,2,77.86942,19.73,8,11.92,4,8,8.42,3,7,5,3,1,64.27,2,0,0,0
2019-08-01,"Standard","Scarab",28.93684,50,30,32.86,39.5,19.44,31.48,18,15,5,115.01,40,16.42,24,15.56,19.16,20,6.32,20.82,11.85,9,1,76.69,19.1,7.22667,10.15,4,8.94,9,3,7,4.15,2.76,1,64.99,2,0,0,0
2019-08-02,"Standard","Scarab",26.99,50,30.28,35,39.5,19,32.05,20,15,5,115,39.8,17.94,31.01,15.26,18.47,20,6.48,25,11.37,8.73,1,78.71707,18,8,16.2,4.67,9.21,8.27,3,7.13,4,2.73,1,65,2,0,0,0
2019-08-03,"Standard","Scarab",28.63,50,31.35,30.8688,39,18.38,30,19.08,16.06,5,117.19138,39.9,17.66,38.06,15.44,16.97,20,8,25,11.73,9,1,80,18.17,8,25,4.84,9.64,8.44,3.03,7.13,4,2.78,1,66,2,0,0,0
2019-08-04,"Standard","Scarab",25,58,30,33.27,38.77,16.33,30,18,15,5,119,38.87,18,38.33,17.46,16.19,20,8.67,25,12,8,1.19,80,20,8,27.71,4.19,10.09,8,3,8,4,2,1,65.93239,2.42,0,0,0
2019-08-05,"Standard","Scarab",25,58,30,33.5,35,18,30,18,15,5,119.14,38.74,17.91,39.31,18,15,20,8,25,12,8,1.87167,81.69,20,8,27.91,4.3,10,8.2129,3.13,7.89844,4,2,1,70,2.71,0,0,0
2019-08-06,"Standard","Scarab",25,57.68,30,33.62,35,18,30,18,15,6.31,120,39.48048,18,38,18,15,20,8,21.47,10,8,1.93,83.32,20,8.79,27.22,5,10,8,3.74,8,4,2,1,70,3,0,0,0
2019-08-07,"Standard","Scarab",26.44,58,30,33.94,35,15.76,30,15.9,15,5.29,118.53,39.53,18,38,18,15,19.4,8,20,10,8,1,82.14,18.26125,8.81,25,5,10,8,3.8,9.19,4,2,1,70,3,0,0,0
2019-08-08,"Standard","Scarab",28,60,30,33.43,35,15.75077,31,14.82,15,5,120,39.62,18,38,18,15,20,7,20,10,8,1.06,84.96,18.79,9.22,21.86,5,9,6.59,3.8,9.47,3.03,2,1,70,3,0,0,0
2019-08-09,"Standard","Scarab",29.30283,69.90051,30,40.63,33.86,16.03,31,14.93,12.99,5,119,39.09,15.82,40,18,15,20,7,20,10,8,1.4,85,20,8,23.3,5,9,6.4,3,8,3,2,1,68.02203,3,0,0,0
2019-08-10,"Standard","Scarab",30,70,34.91,40.63,32.43,16.77313,31,15.65,14.37833,5,119.00192,39.18,15.94,40,18,15,19,7.13,17.22,10,8,1.82613,85,20,8,18.96,5,9.7,5,3,8,3,2,1,69.69,3,0,0,0
2019-08-11,"Standard","Scarab",30,69.85,35,36,34.88308,17.38078,34.74,15,15,5,116.14005,39.26,16.05,40,17.63,15,19,7,14.75,10,8,2,85,21.4,8.39,18,5,9.96,5,3,8.36713,3,2,1.34,64.91,3,0,0,0
2019-08-12,"Standard","Scarab",29.34,69.74,35.36,26.92,38.97,14.9,35,15,14.02,5,115,36.92,17.41,40,18,17.77,19,8,20,10,7.99,2,87.03,20,9,18,5,10,5.6,3,8.6,2.77,2,2,67.62523,3,0,0,0
2019-08-13,"Standard","Scarab",28.5,69.95,33.38,26.68,39.25,11.90723,35,15.15,14.18,5,110,37.37,18,40,18,18,18.91,8.39,19.22,10,8,2,88.35,20,9,18,5,10,8,3,8.55,3,2,2,68.38,3,0,0,0
2019-08-14,"Standard","Scarab",28.05,69.5,33.02,25.54121,39.51,9.69,35,15,14.36,4.62,110,35.46,18,40,17.24,18,19.19,8.56,18.22,9.66,8,2,83.88511,20,8,18,5.5,10,7.91,3,8,3,2,2,65,3,0,0,0
2019-08-15,"Standard","Scarab",28,71.05,30.42758,22.44,39.79,9.72553,35,15,14.34,4.44,110,30,17.7,40,17.58,18,18.95,8,15,9.62,8,1.53,88.02,20,8,18.63,7,10,5.89,3,8,3,2,2,69,3,0,0,0
2019-08-16,"Standard","Scarab",28,80,31.64,22.82,39.88,9.79,31.27337,14.91,14,5,110,34.74,17.66,40,16.94,18,18.87,8,14.9,9.56,8,2,88.75,20,8,20,7,10,7.04323,3,8,3,2,2,69.09,3.12,0,0,0
2019-08-17,"Standard","Scarab",22.04,73.86311,33.86,30,40,17.01,29.47,14.79,14,5,105,31.21,16.42,40,17.85,18,19.57,8,13.38,9.46,7,1,88,20,7.44,20,7,10,6.36,3,8,3,2,2,69,3,0,0,0
2019-08-18,"Standard","Scarab",24.81,74.198,34.48,30,40,17.24,30,15,14,5,109.02,30,12.09,40,17.01,18,19.51,8,15,9.39,7,1.57,88.32138,20,8,20,7,10,6.42,3,8,3,2,2,70,4.2,0,0,0
2019-08-19,"Standard","Scarab",26.34,72.5,30,30,39.76,16.31,30,15,14,5,110,32.45,15.35543,40,17.01,20,19.37,8,12.93,9.65,7,2,89.60277,20.2,8,19.69,7,10,6.38,3,8,3,2,2,73.2,4.43,0,0,0
2019-08-20,"Standard","Scarab",27.15,72.25,31.8,30,39.10101,15,30,14.85,14,5,110,35,15.5,40,15,20,20,8,14.22,9.77,7.47,2,89.35,20.2,7,18.84,5,8.95,10,3,6.02,3,2,2,72.56,3,0,0,0
2019-08-21,"Standard","Scarab",25,73.31,32.32,30,39.46,15,27.26,14.78,12.68,5,117.4,35,15.73,40,14.85,19.49,20,8,15,9,7.58,2,90,20.32,6.72,19.87,5,8.82,10,3,6.02,3,2,2,73.24,3,0,0,0
2019-08-22,"Standard","Scarab",25,73.26,30.54,30,40,15,26.64,14.78,14,5,115,35,13.48,40,14.96,20,20,8,16.82,9,5.98,2,90,20,7,20,5,9.13,10,3,7.23,3,2,2,73.55,3,0,0,0
2019-08-23,"Standard","Scarab",25,70,30.37,30,39.67,15,29.68,15,14,5,110.00394,35,13.15,38.69,15,20,20,8,15.92111,9,4.97,1.13,88.70472,20,7.53,19.7,5,10,10,3,6,3,2,1.4,72.95,3.13,0,0,0
2019-08-24,"Standard","Scarab",24.18,70,30.72,30,40,15,30,14,14,5,110,35,13.65,38.82,15,20,20.19,8,18.01,9,5.09,1,88.3876,20,7,20.55777,5,10,10,3,6,3,2,1.95,70.78836,3,0,0,0
2019-08-25,"Standard","Scarab",24.29,70,30,30,40,14,30,14.62875,13.49,5,114,35,10,39.3,15,20,22.425,8,20,9,5.17,1,90,19.72,7,20,5,9.6912,10,2.86,6,3,2,1.95,70,3.99,0,0,0
2019-08-26,"Standard","Scarab",20.04,70,30,30,40,14,30,12.95,14.28,5,107.76,35,10,39.41,15,20,22.56,8,20,9,5.2,1,88.42878,17.64,7,20,5,9.09,10,2.26,5.97,3,2,1.09,70.17,4.59,0,0,0
2019-08-27,"Standard","Scarab",20.60983,69.98,32.69,30,41.86,14,30,12.98,14.13,5,113.5601,35,10,38.48,14.94,20,20,8,20,9,5.6575,1,88.88549,15.19,7,20,5,9.47,10,2,6,3,2,1.14,70,4.82,0,0,0
2019-08-28,"Standard","Scarab",20,69.79,34.88,30,40,14,30,13.4,14.19,6,110,35,10.63,38.86,15,20,20,8,20,10,5.61,1.05,90,15.51,7,20,5,9.59,10,2,6,3,2,1.02923,70,4.75,0,0,0
2019-08-29,"Standard","Scarab",20,64.56889,35,30,40,13.24,30,13.29,14.25635,6,104.9801,35,10.63,37.3,14.27,20,20,8,22.495,10,5.83,1.16,89.86,16.28,7,20.91,5,9.72,10,2,6,3,2.6,1,70.04911,3.26,0,0,0
2019-08-30,"Standard","Scarab",20,60,35,30,41.2926,12.82,30,13.78,14.89,6,100,35,11.18026,35,14.29,20,20.12182,8,20,10,5.51,1,89,15.68,7,20,5,9.54,10,2,6,3,1.82,1.42,69.15,3.43,0,0,0
2019-08-31,"Standard","Scarab",19.88,60,34,30,42,12,25.75,13.91,14,6.94,100,35,12.65,35,14.37,19.63,23.55,8,20,10,6.42912,1.18,84.64,13.35111,7,21.54,5,9.68,10,2,6,3,1.99,2,68.83,3.6,0,0,0
2019-09-01,"Standard","Scarab",19.82,55.72,34.06,30,42,11.73946,30,12.66,14,8,102.57222,32.74,14.69,35,14.7,19.94,23,8.9625,19.45,10,5.84,1,84,16.41,7.06,22.6,5,10,13,2,6.19,3,2,2,70,4.11,0,0,0
2019-09-02,"Standard","Scarab",19.96,50.66,34.57,30,42,11.46,30,14.44,15.42,8,100,30.37155,15,35,14.7,19,22.93,7.16,19.38,10,5.02,1,80,15.13,7,23.43,3.42,10,12.96029,2,6.29,3,2,2,68.95,4.10723,0,0,0
2019-09-06,"Standard","Scarab",15,37.88056,17,18,29.14,9.31,20,13,3.95,3.1,88.31182,13.7,6.07,30,7,10,10,2,10,5,1,1,50.99,4.97,2.48,20,1,5,3,0.86,5,2,1,0.29,45.61,1,890.45,0,0
2019-09-07,"Standard","Scarab",15,35,17,18.37,29.94,9.54,20,13,3.84,3.49,85.22515,14.76,8,30,5.46,10,10,2,10,5,1,1,50.73,5,2.67,20,1,5,3,0.73515,5,2.8602,1,0.3,45,1,278.23667,116.06,0
2019-09-08,"Standard","Scarab",15,35,17,19,30,9.47,20,13,4,4,85,14.85,8,30,5.7,10,10,2,10,5,1,1,50.41,5,3,20,1,5,3,0.84,5,3,1,0.31,45,1,135.75,106.28,87.2
2019-09-09,"Standard","Scarab",15,34.51,17,19,30,9.67,20,13,4,4,85,14.75,8,30,4.57263,10,10,2,10,5,1,1,50.40505,5,3,18,1,5,3,0.6,5,3,1,0.31,40,1,173.37563,104.14,84.29
2019-09-10,"Standard","Scarab",15.57,33.22,17.41,19,30,10,20,10,4,4,85,14.65,8,30,4.1,10,10,2,10,5,1,1,55,5,2.43,18,1,5,3,0.63,5,3,1,0.31,45,1,173.20615,85.54,60.68
2019-09-11,"Standard","Scarab",15.8,30,17.64,20,30,10,20,10,4.07842,4,85.08,14.54,8,25.06535,4.48,10,10,2.13,10,5,1,1,59.13,5,3,18,1,5,3.07,1,5,3,1,0.32,45,1,172.7164,91.1,61.36
2019-09-12,"Standard","Scarab",15,30,17.92,20,30,10,20,10,4.38,3.89,85,14.54,8,25.33,5,10,10,3,10,5,1,1,55,4.21,2.9301,18,1,5,3.62,1,5,3,1,0.32,45,1,171.2634,94.32,60
2019-09-13,"Standard","Scarab",15,29.09,18,19.48,30,10,20,10,5.52,4,90.08,14.85,8,25,5,10,10,3,10,5,1,1,52.72,5,2.88,15,1,5,3.3,0.97,5,3,1,0.33,45,1,152.77318,94.32,60
2019-09-14,"Standard","Scarab",15,27.16,18.47,20,30,10,20,10,6.23,4,81.89,14.85,8,22.50066,4.87,10,10,2.98,10,5,1,1,50,5,3,10.4,1,4.7702,3.26025,1,5,2.78,1,0.33,40,1,140,92.3975,51.07
2019-09-15,"Standard","Scarab",15.68,24.2602,18,20,30,10,20,11.21,6.77766,3.8,80,14.94,8,20,5,10,10,2.23,10,5,1,1,48.72,5,2,9.8702,1,4,3,1,5,2,1,0.34,40,1,105.97552,70,50
2019-09-16,"Standard","Scarab",16.42,20,19.15,20,30,10,20,10.39,7.56,3.97,75,16.82,7.59,19.39,4,10,10,3,10,5,1,1,48,4.86,2,10.61,1,3.9,3,1,5,3,1,0.34,40,1,100,68.7,50
2019-09-17,"Standard","Scarab",16.33,20,18.05,19.84,30,10,20,10.21,8,3.74263,75.42,19.35935,7.43,15.3,4,10,15,3,10,5,1,1,48.37,5,2,10,1,4,3.07,1,5,2.78,1,0.34,40,1,100,70,49.11
2019-09-18,"Standard","Scarab",16.33,20,19.85,20,30,10,20,10.69,8.46068,3,75.2,20,7.32,15,4.19,10,17,4.19,10,5,1,1,48.77,5,2,10.24,1,4,3,1,5,2.97,1,0.37,39.64505,1,93.96,61.31,48.15
2019-09-19,"Standard","Scarab",17.71322,20.07005,20,20,31.18,10,20.12,11.92,8.34,3,77.50111,20,7.62942,18.22,4.4,9.76,15,3.52,11.03,5,2,1,48.13,5,2,10,1,4,3,1,5,3,1,0.43,38.72005,1,78.7,58.42,42.84
2019-09-20,"Standard","Scarab",19.7,20.84,22.84,20,31.49,9.16,22,10,9,3,77.48,26.93911,8,14.61,4,8.92,15,3,15.57,5,2,1,49.42,5.72955,2,10,1,3.49,3,1,5,3,1,1,39.39,1,74.88121,55.58575,47.77451
2019-09-21,"Standard","Scarab",19.81,20,23.09,19.46,30,9,20.06,10,10,3,79.0003,29.33,8,14.82,5.55,10,15,4.95,16,5.17,2,1,50,9.44,2,10,1,3.59,3.77,1,5,3,1,1,40.28,1,69.18,51.35,45
2019-09-22,"Standard","Scarab",19.87,24.25,20.6,19,25,9,19.81,11.55,9.97,3,80,30,8,15,5,10,15,5,18.22,5.47,2,1,49.7201,5.37,2.44,10,1.46,3.7,4.13,1,5,3,1,1,44.0901,1,62.23,40,45
2019-09-23,"Standard","Scarab",19.49,24.78,17.98,19,25,9,18.81,11.75,8.86,3,80,29.02,8,15,5.96,10,13.32,5,18,5.13,2,1,50,5,2.81,10,2,3.26,4,1,5,3,1,1,47.17126,1.33,50,40,41.32
2019-09-24,"Standard","Scarab",20,25,9.73,20,29.24,9,18.53,12.15,7.81,3,80,29,8,14.76,5,10,12,5,17.12,5.73,3.56,1,50,5.02,3,9.08131,2,4.84375,4,1,6.97,3,1,1,45,2,50,40,38.03906
2019-09-25,"Standard","Scarab",20,25,9.81,20,27.66,9,19.69,12.44,8,3,75,25,8,14,5,10,11.27,5,16.4,5.78,3.94,1,50.18,5.98,3,9.96535,2,5,4,1,5.84,3,1,1,45,2.17,50,38.84,35
2019-09-26,"Standard","Scarab",20,30,15.45,20,29.29,9,19.73,10.76,9.97,3,80,24.49,8,14,5,10,10,5,16.28,5.86,4.31,1.3,50.98,5,3,9.30535,2,5,3.43,1,9,3,1,1,44.98515,2.76,46.43,40,32
2019-09-27,"Standard","Scarab",20,30,17.02,19.63,30,8,19.72,10.58,10.16,3,78.81192,22.57,8,15,5,10,10.17696,5,15.26,5.88,5.78,1.34,50,7.52322,3,9.58505,2,6.01,3.65331,1,9,3,1,1,45,2,47.37545,40,30
2019-09-28,"Standard","Scarab",19.6,25,13.22,20,30,8.13,19.72,10.7,10,3,76.73015,22.95,8,15,5.62,10,10.08,5,15,6,6.00286,1.51,50,6.23,3,9.85,2,6.67,4.05,1,9,2.84,1,1,45,2,49,40,30
2019-09-29,"Standard","Scarab",19,30,11.9,20,30,10,21.07857,10,10,3.36077,75,24.41489,8,15,6,10,10.62,5,15.57,6,6,1.79,55,5,3,9.85362,2,5,4.57,1,9,3,1,1,45,3,49,40,29.79
2019-09-30,"Standard","Scarab",19,28.15,12.45,19.28,30,9.65,28.18,10,13.52,3.28,75,21.01049,8,15,5.38,10.12,11.79,5,12.85346,6,6.2,1,53.61,5.96,3,10,2,7.1,5,1,9,3,1,1,45,3.7,49.67,40,28
2019-10-01,"Standard","Scarab",19.29732,27,14.23,19,30,9.81,29.45736,10,13.8,3.22765,75,23.27,8,17.85,6.64,10.23,12.27,5,14.09,6,6.13,1.05,55.20694,6.32,3,10,2,7,5,1,9,3,1,1,45,3.83,49,39,25
2019-10-02,"Standard","Scarab",20,27.63,12.41192,19.28,25,9.91,25.09,10,12.82,4,75.12,23.17196,8,17,6.07,10,12.38,5,13.16,5.22857,5.36,1.78,50,5,3,10,2,6.12,4.06,1,8.18,3,1,1,45,4,49.76,39,25
2019-10-03,"Standard","Scarab",19.64429,27,14.7,19.45,26.97955,10,25.32,10,13.62,4.17,78.77,23.64,8,18.63,7.15,10,11.21,5,14.21,5,6.26,1.09505,55.88206,5,3,14.52505,2,6.2,4.35,1,9,3,1,1,44.9,4,49.21,34.04,25
2019-10-04,"Standard","Scarab",19.79,26.17,16.07,19,20,8.04,26.04,10,10,4,75,23.91513,8,19.31,7,10,10,4,14.76,6.04,6,1.05,52.06,5,3,14.98,2,5.81,5,1,9,3,1,1,43,4,45.17,30,22
2019-10-05,"Standard","Scarab",20,25,14.94107,19,20,8,30,10,10,4,73.94061,24.56,8,20,7,10,10,4.31,14.8,5.97,6,1.69,54.58,5,3.12,14,2,5,5,1,8.21362,3,1,1,45,4,45,30,20
2019-10-06,"Standard","Scarab",19.56,25,15,19,27.23,9.16,30,10,10,4.54,70,25,8,20,6,10,10,4.54,14.99,5,5.89,1.59,50,7.59,4,13.26,2,5,5,1,8,3,1,1,49,3.55,45,30,18.5
2019-10-07,"Standard","Scarab",18.75,24,15,17.14,30,9.98,30,10,10,4.93,72.93101,25,8.18,19.28,6,10,10,4.82,15,5.45,5.27,1.13,54.97629,10.37,4,13.1,2,5.1,6.44,1,8,3,1,1,49.21,3.8,45,30.68,18.46
2019-10-08,"Standard","Scarab",19,24,15,19,30,9.3,29.87,10,10,4,70,25,8,15,6,10,10,4,14.72,5,5,1.04,51.06,7.61,4,14.28,2,5.04,5.85,1,8,3,1,1,49.02025,3.22,45,35.42,18
2019-10-09,"Standard","Scarab",19,24,15,19,27.87,9,30,10,10,4,70,25,8,14.44,6,10,10.38,4,15,5,3.61,1.17,55.9,5.62,4,14,2,5,6,1,8,3,1,1,49.66005,3.64,45,35.23,18.32
2019-10-10,"Standard","Scarab",19,24,15,19,30,9,30,10,9.97,4,70,25,8,14.5,5.28,10,12.41,4,15,5,4.09,1.76,57.47281,7.62,4.06,13,2,5,6,1,5,3,1,1,49.38,3.4,45,35.43067,19.44
2019-10-11,"Standard","Scarab",19,21.9,15,19.82,30,10,30,10,10,4,70,25,8,13.23,5.11,10,10.03,4,15,5,4.09,1.72,57.60107,7.45,4.07,13,2,5,6,1,5,2.32341,1,1,49.8,3,44.06,35,18.08
2019-10-12,"Standard","Scarab",20,20,15.01917,20,29.97279,10,30,9.09,10,4,75,25,8,14.76758,5.74844,10,11.29,3.07,15,6.14981,4.27,1.02,59,7.04,4,11.81303,2,5,6,1,7.16906,2.64458,1,1,48.65,3,45,31.73,18.33743
2019-10-13,"Standard","Scarab",20.45,20,15,20,30,12.055,29.18,9.24,10,4,74.6502,25,8,14,5.77,11,15,4,15,7,3.98592,2,59,8.29,4,10,2,5,6,1,8,3,1,1,47.33185,3,45,30,19
2019-10-14,"Standard","Scarab",22,20,15.38,22.1381,30,14.88,24.25,10,10,4,70,25,8,14,5,11,15,4,15,7,5,1.48,59.22,9.44,4,10,2,5,6,1,6.93,3,1.37,1,50,3,45,22,18
2019-10-15,"Standard","Scarab",22,20,15.33,23.33,30,15.55173,23.53,10,10,4,70,25,8,14,5,11.53,15,4,14.49,7,5,1.06,60,9.44,4,9.1,2,5,6,1,8,3,1.29,1,50,3,44.99,22.53,18
2019-10-16,"Standard","Scarab",22,20,15,24.03,30,16,22.58,10,9.94,5,73,26.82,9,20.05,5,12,15,4,14.81,7,5,1,60,9.57659,4.43,11.64,2,5,6,1,8.07,3,1.03,1,50,3,43.73,22.68,18
2019-10-17,"Standard","Scarab",22.23,19.48,15,24,30,15.57,24.73,10,9,5,71.29,30,9,15,5,12,15,4,15,5.09,5,1.54,59,9.88,4.63,7.29,2.01,5,6,1,8.14396,3,1.56,1,50,3,41.97,23,17.39
2019-10-18,"Standard","Scarab",22.79,20,15,25,30,16,30,10,9,5,73.08056,30,8.59,13.56,5,11.62,15,4,15,6.49,5,1.86489,57.58,10,5,7.17066,2.67367,5,5,1,8.56,3,1.39,1,50,3,45.45,22.25348,16
2019-10-19,"Standard","Scarab",23.10323,19.1102,18.06298,24.85577,30,16,30,10.31,9.397,5,79.27,30.08,10.08,10,6.16798,11.62,15,4,15,7,5,1.02,59.35594,10,4.64,7.09,2.51,5,5,1,8.63,3,1,1,50,1.02,48,24.03,16
2019-10-20,"Standard","Scarab",22.97,19.4,19.65,24.85,31.98,16,34,10.69,9.46,5,80,29.68532,14.74061,10,6.29,11.37179,14.38049,4,19,7,5,1.38,60,10,5,7,2,5,5.95627,1,10,3,1.78,1,50,1.7,48,22.28,15.62716
2019-10-21,"Standard","Scarab",22,20,20,25,30,15,38,12,9,5,80,27.66523,15,10,5,11.39,14.95054,4,19,7,4.78,2,60,10,5,7,2,5,5.96,1,10,3,1.71,1,50,1,48,22,16.36
2019-10-22,"Standard","Scarab",22,20,19.1,25,30,15,38.97,12,9,5.11,79.62,25,12.51,10,8.66204,12,15,4,19,7,5,2,60,10,5,7,2,5,6.24,1.93,10,3,1.68925,1,50,1,49.45,23.39,18.39
2019-10-23,"Standard","Scarab",22,20,18.19,25,30,15,39.72,12,9,5.36,79.84,36.77,13.39,10,7.54,12,15,4,18.52,7,5,2,65,10,5,7,2,5,6,2,10,3,1.91,1,50,1.13,50.93,23.56,18.3
2019-10-24,"Standard","Scarab",22,20,18.23,25,30,15,39.08,12,8.91,5,75,40.69,14.65,10,7.84,11,14.53,4,16.59,7,5,1.93,65,10,5.07,6.2,2,5,8,1.68,10,3,1.82,1,49.92,3,51,23.66,17.87
2019-10-25,"Standard","Scarab",22,20,18.07,25,30,14.02,39,12,8.96,5,75,33.56,13.82,10,8,12,15,4,17.25,7,5,1.09,60,10,5.77,5.35,2.19,6.73,7.82,2,10,3,1.72,1,50,3,54.85,23.42691,17.84
2019-10-26,"Standard","Scarab",22,19.33,18.66,25,30,14,39,12,9,5.25,73.81005,29.97,10.68,10,9,12,15,4,17.47,7,4.89,1,61.61,10,5,5,2.21,6.07714,8,2,10,3,1,1,50,3.72609,56.613,24.17,17.34
2019-10-27,"Standard","Scarab",22,19.12,18.9,24.43,30,13.3,37.81,11.74,9,6,75,30,13,10,8.25,12,16.99908,4,15,7,4,1,63.45364,12.57,7.25,4.29,2,7,6.65125,1.76,10,3,1,1,50,3.8,56.57157,23.41,15
2019-10-28,"Standard","Scarab",22.96,19.13,17.56,25,30,14,37.7,12,9,5,80,30,13,10.01,8,12,16.35,4.24125,16.77,7,4,1,64.54968,12.5,8.83,4,2,7,7.07,1.76,10,3,1,1,50,3.55,60,23.83,14.8
2019-10-29,"Standard","Scarab",22.34,20.08,18.14,24,30,14,34.87,12,9,5,80,30,13,10,8,11.87,16.66,4,17.99,7,4.24,1.95,64.52,12.36,9,4,2,7,8,2,10,3,1,1,55,2,60,23.09,15
2019-10-30,"Standard","Scarab",24,21.26,18.99,24,30,13.35,30,10.83,9,5,80,29.67,9.9,10,7.98,12,16.9529,4,19,7,4.52,2,64.23505,12.89,10,4,2,6.47,8,2,10,3,1,1,54.66,2,51.87,23.05,15
2019-10-31,"Standard","Scarab",23.9,20,19,24,30.10693,10,34.88,11.07,9.84,5,80,30,9.97,10,8,11.15,16,4,19,7,4,2,60,15,10,4,2,7,7,2,10,3.37,1,1,50,2,60,23.59,15
2019-11-01,"Standard","Scarab",24,19.83,18.96,24,30.7,10,30.89,11.08,8.51,5,85,31.87,13.11,10,8,12,15.51,4,19.1,7,4,2,60,14,10,4,2,7,7.76,2,10,3.89,1,1,50,4,60,26.6,15
2019-11-02,"Standard","Scarab",24,20,19,22.18,30,10,33.31,11,7,5,85,34.75,12.5,10,8.01,12.02,14.41,4,19.41,7,4,2,60,14.27,10,4,2,6.442,8,2,10,3,1,1,50,4.25,60,27.14,14.72
2019-11-03,"Standard","Scarab",23.86,20.73,19,24,30,10,37.89,11.22,7.4,5,85,33.4,13.03729,12.91662,9.93,11.91,14.56015,4,20.2372,7,4,2,60,10,10,5,2,7,8,2,10,3,1.12,1,50,4,59.37,33.02,15
2019-11-04,"Standard","Scarab",22.58,23.12,19,24,34.38,13,36.028,12,8.25,5,85.3201,41.39556,13.55,12.22,9.26,13,12.81,4,20.03792,7,4,2,60,10,10,4.43101,2,6.91,7.71,2,10,3.65,1.66,1,50,4,58.555,33,15
2019-11-05,"Standard","Scarab",20,23.19065,19,24,35,13,35.5,12.46489,8.31,5,86.89005,29.84,12.91,12.16,8.68,12.58,12.64,4,20,7,4,2,60,14.1,8.53,4.12,2,6.85,7.5,2,10,4,1,1,50,3.89,55,33,15
2019-11-06,"Standard","Scarab",20,23.58,19,24,35,13.28217,37.52,12.05,8.37,5,88.2202,29.98,14.62,13.06,8.55,13,12,4,20,7,4,2,60,14.17888,7.78,4.775,2,6.93,6.84,1.71286,10,4,1.15556,1,50,3.32,55,33.6,15
2019-11-07,"Standard","Scarab",20,25,20,24,35,13,38,13,9.69,5,89,28.99,13.88,13.78,8.67,12,12,4,20.56,7,4,2,60,14.71,8.53,5,2,5.82,8.24,2,10,4,1.09,1,54.57,3,52.37,34.11,15
2019-11-08,"Standard","Scarab",20,25,20,23.35,34,13,38,12.08,8.18,5,84.29,50,14.89,14,8,12,13.88,3.86,23.715,7,4,2,60,14.73,8.39,4,2.02,4,8,2,12.7,3.84,1.04896,1,55,2.56,50,32.54,15
2019-11-09,"Standard","Scarab",20,25,19,22.82912,31.53,13,38,12.35,8.51,5,84.91005,53.54,14.74,14.23,8,12,14.01,4,26.33,7,4,2,60,15,8.91,4,2.10938,5,8,2,11.95,3.17,1.61,1,55,2.89,49.83,30,15
2019-11-10,"Standard","Scarab",20,25,18,23.33,32.00188,12.57,35.86,12,7.54,5,85.74,51.34,14,14.56,8,11.26,13.89,4,25,7,4,2,60,14.31195,8.76,4,2,4,8,1.36,10.22234,3,2,1,50,2,45,25,14
2019-11-11,"Standard","Scarab",20,25,19.16,23.3,31.01,12,35.06278,12.92,8.57,5,85,49.49256,12.98,12.26,8,10.06,12.05,4,25,7,4,2,60,13.48898,5.14,4,2,4.46186,6.61,1,10,4,2,1,50,1.6,44.88,24.88,13.13065
2019-11-12,"Standard","Scarab",20,25,19.54005,22.11,32.58,10.87,38,13.85,9,5,85,45,13.15,11,8,10.23,12.09,4,25,7,4,2,60,13.64,5.30058,4.05,2,4,6,1,10,4,2,1,50,2,45,24,13.17
2019-11-13,"Standard","Scarab",20,23.92273,19.8901,23.01,30,10.9,40,13.46625,9,5,85,48.75,13,12.12,8,10,11,4,25,7,3.8,2,60,13.49,5.74,5,2,4,5.54,1,9.21,3.25,2,1,50,1.55,45,24,12.59
2019-11-14,"Standard","Scarab",20,23,18.5,21.08,30,10,40,12.07,9,5,81.2,47.26,12,12.22,8,10,11.51746,4,21,6.96,3.96,2,60,13.59,5.08,5.38,2,4.14,5,1,9,3,2,1,50,2,45,24.47,13.21458
2019-11-15,"Standard","Scarab",20,23,20,20.88,30,10,40,15,9,5,85,47.6,12,12,8,10,11.7,4,18.09,6.93,3.15,2,59.75204,11.72,5,5.67,2,5,5.34,1,9.55,3,2,1,52.24,2,45,23,12
2019-11-16,"Standard","Scarab",20,23.32,20,20.29,33,10.61,40,14.61,9,5,82.27111,46.39866,10.2054,12.48,8,10,12.34,4.04,14.65,7,3.14,2,58.16742,9.64,6,6.71,2,5,5.98,1,9,3,2,1,49.47479,2,47.1,25,14.01
2019-11-17,"Standard","Scarab",20,20,19.79,20,33,10.05,40,12.73,9,5,79.92005,45,10,12,7.49,10,13,4,15.66,6.33,3,2,56.22,9.64,5.24,7,2,5,4,1.05,9,3,2,1,50.07,2,45,25,15
2019-11-18,"Standard","Scarab",20,20,19.11179,20,31,11.09,37.18,12.34,9,5,79.19,49.4,10,12.05,7,10,13,2,18.36587,6.24,3,1.85,55,9.67,5.11,6,2,5,4,1.03,8,3,2,1,50,2,45,25,15
2019-11-19,"Standard","Scarab",20.22,18.29033,19,19.96,30,10,35,14.11,9,5,77.05,49.33,10,12,6.93,10,13,2,19,6.13,3,1.9,50,10,5,6.31,2,5,4,1,8,3,2,1,47,2,45,25,15
2019-11-20,"Standard","Scarab",21.4,18.69,19,18.19,30.08,11.15,35,12.1,9,5,75.97,41.79,10,12,7,10,13,2,12,6.13,3,2,50,10,5,6,2,4,4,1.28,7,3,2,1,49.76,2,45,25,15
2019-11-21,"Standard","Scarab",22.11,20,19,19.9,30,10,35,12.27444,9,5,74.93035,45,10,12,7,10,13,2.39,14.17,6.54,3,1.89918,50.6,10,5,6.35,2.05,4,4,1,6.45,3,1,1,47.41258,2,45,25,14.46
2019-11-22,"Standard","Scarab",22.9,22.08,19,20,31.55,10.37,35,12,9,5,74.00051,45,10,12,7,10,13.01,4,14.33,6.74,3,2,50,9.69,5,7,2.49938,4,4,1.7,6.94,3,2,1,45.4,2,45,25,13.67
2019-11-23,"Standard","Scarab",24,21.15663,19,19.86479,30.455,10,34.89,12.16,9,5,72.56556,46.94,10,12,7,10,12.17,3.9,15,6.54,3,2,50,9,5,6.39081,2,4,4,1.93,7.34,2,2,1,44.32323,2,44.95,25,15
2019-11-24,"Standard","Scarab",24,20,18.48,20,30,10,35.07,12.43,8.73,4.63,70,47.15,10,12,6,10,13,3,15.84,6.34438,3.44,2,55,7.85,5,6.56444,2,4,4,1.3,7,2,2,1,43.87626,2.55,43.53516,25,15
2019-11-25,"Standard","Scarab",24.69,20,15.97059,20,30,10,35,12,8,5,70,47.2233,10,12,5.63,10,13.31,3,15.49,7,3,2,54,5.14,4.7975,7.58,2,4,4,1.53238,6.82,3,2,1,40,2,40,25,15
2019-11-26,"Standard","Scarab",25,20,15.69645,20,30,10,35,12.89,8,5,70,47.73,10,12,6,9.19,13,3,17.68,7,3.21,1.9,52.59,7.23,3,8,2,4,4,1.82,5,2.32,2,1,40,2,39.49,25,13.96
2019-11-27,"Standard","Scarab",25.66,21,16.87764,20.45,27.46712,10,33.21,12.52,8,5,68.32,48.71092,10,12,5,9,13,2.44,15,6.62,2.88,1.44,50,9.09,3,8,2,5,4,2,5,2.19,2,1,39.69,2,38.77,25,12
2019-11-28,"Standard","Scarab",25,20,17.34,20.78,28.59394,10.69115,32.91,13.97,8,5,68.88,49,10,12,5,8.98,13,2.47176,15,6.92,2.9,1,50,10,3,8,2,5,4,2,5,2,2,1,39,2,40,20.58,12
2019-11-29,"Standard","Scarab",25,20,16,21.49,30,10,30.96,13.08,8,5,70,48,10,12,4.75761,9,13,2.88,17.82213,6.12,3.03,1,50,10,3,8,2,4.08598,4,2,5,2.08,2,1,39.68,2,39,18.91196,11.41
2019-11-30,"Standard","Scarab",23.14,20,15.98,20.2,30,10,30,14,8,4.93,70,44.21,10,12,5,9.51,13.03,2,16.57,5,3.17,1,50,8.84,3,8,2,4,4,2,7.18,2,2,1,40,2,38,20.59,11.54
2019-12-01,"Standard","Scarab",20,20,16,20,30,10,30,13.82,7.5,4.87,70,44.84,10,12,5,8.17,13.06,2,16.31,5,3.37,1,50,7.04,3,7.64,2,4,4,2,8,3,2,1,40,2,38,20,10
2019-12-02,"Standard","Scarab",20,20,16,20,30,9.08549,30,13.21,8,4,70,43.14,10,12,5,8.14,13.23,2,15.21,5,2.18663,1,50,7.36,3,8,2,4,4,1,7.26,3,1.85,1,40,2,37.92024,20.89012,10
2019-12-03,"Standard","Scarab",20,20,16,20.93,30,8,30,14,7.93,4,70,44.58,10,13.09,5,7.63405,13.23,2,18,5,2,1,50,8,3,7,1,4,4,1,4.92,2.46,1.51,1,40,1,35,22.81,10
2019-12-04,"Standard","Scarab",20,20,16,28,30,8.77686,30,15,8,5,70,45,10,13.87,5,8.61603,13.5,2.2,18,5,2,1,50,7.17,3,8,2,4,4,1,5.32,2.98,1.68,1,40,1,34.19,20,10
2019-12-05,"Standard","Scarab",20,20,15,26.04,30,9,30,15,8,5,70.56,45.44,10,13,5,8.65,13.87296,2,20,5,2,1,50.99,6.88,3,7.28,2,4,4.63,1,5.33,3,1.58792,1,40,1,33.22,20,10
2019-12-06,"Standard","Scarab",23.73539,20,15,28,30,9,30,15,8,5,72.04,45,10,13,5,7.98,13,3.66,20,5,2,1,50,5.75,3,7.58,2,4,5,1,5,3,1.63,1,40,1,33.24727,20,10
2019-12-07,"Standard","Scarab",25,20,15,28.32,30,8,30.83,13.82,7.34,5,75,45,10,12,5,7,13,2.54,19.43,5,2,1,50,7.01,3,7.88,2,4,5,1,5,3,1,1,40,1,32.88437,20,10
2019-12-08,"Standard","Scarab",25.18,20,15.58,28.93,30,8,30.53,14,7.14,5,75,43.07,10,11.46,5,7,13.28,3.59667,15,5,2.94,1,50,10,3.03,7,2,4,5,1,5,3,1,1,40.22,1,32,20,10
2019-12-09,"Standard","Scarab",24,19.24,15,27.27,30,9.4,26.68,13.58777,7.15,5,73.41,41.94,9.9,12,5,7.4,14,4,15,5,3.13,1.4,50,10,3,7,2,4,5,1,7,3,1,1,38,1.36,29.99841,20,12.03
2019-12-13,"Standard","Scarab",16,19.5601,10,18.01,25,9,25,8,5,3.80505,50,19.06,7.93,10,4,6.98,7.25,1.87,13.23357,3,1.59,1,35,4,3,4.3,1,3,3,0.97,5,1,1,0.72,28.9901,1,34.81,15,8
2019-12-14,"Standard","Scarab",16.74,19.51,10,18.13,25,9,25,8,5,3.33,55.11,20,8,10,3.93,6.91,7,1.42,12,3,1.56,1,37,4,3,4,1,3,2.72,1,5,1,1,0.56,28.00071,1,34.69,15.11,8
2019-12-15,"Standard","Scarab",16.79,19.68,10,18,25,9,25,8,5,3.39,46.38035,18,8,10,3.45,7,7,1.22,12,3,1,1,30.94,4,3,4,1,2.68,2.89,1,5,1,1,0.9,25,1,34.33,15,8
2019-12-16,"Standard","Scarab",16.05,19,10,18,25,8.15,25,8,5,3.56,40,18,6.09,10,3.43,7,6.69,1,12,3,1,1,30,4,3,4,1,2.7,3,1,5,1,1,0.78131,23.30515,1,33.22,15,8
2019-12-17,"Standard","Scarab",15,19,10,19,25,8.14,25,8.54,5,3.65,49.12,18.36,5,10,3,7,6.28,1,11.56,3,1,1,30,4,3,3.29,1,2.89,3,1,4.14,1,1,0.47,24.18,1,30.36,15.39,7
2019-12-18,"Standard","Scarab",15,20,9.35,19,25,9,24.13,8.41,5,2.94,49.29,18.45,5.08,10,3,7,6.94,1,10.04,3,1,1,24.15,4,2.43505,4,1,3,3,1,5,1,1,0.92,24,1,33.4,15,7
2019-12-19,"Standard","Scarab",15,19.48859,10,18.83,24,8.3,24,8.67,5,2.74,45,19.36,5.99,9.72,3.08,7,7,1,10,3,1,1,25,4,2.33,4,1,3,3,1,5,1,1,0.97,22.44525,1,34.07,15,7
2019-12-20,"Standard","Scarab",15.09056,18,10,19,25,8.67,22.31,9.01,5,2,44.4904,18,5.6,9.45,3,7,7,1,10,3,1,1,25,4,2.41,3.00162,1,3,3,1,4,1,1,0.82,19.59,1,35,16.14,7.05429
2019-12-21,"Standard","Scarab",15,18.29,10,18,25,7.83,24.22,9.08,5,3,45,18,6.32,9.42015,3,7.15,6.93,1,10,3,1,1,25,4,2,3,1,3,2,1,4,1,1,1,19.76056,1,35,16.06,7.36
2019-12-22,"Standard","Scarab",15,18.29768,10,18,25,7,20,9.21,5,3,45,18,6.67,9.16,3,7.56,6.39,1,9.93,3,1.56,1,25,4,2,2,1,3,2.42,1,4.45,1,1,0.9,20,1,35.52,15,8
2019-12-23,"Standard","Scarab",14,18,10,18,25,6.91,20,9.46,5,3,44.66,18,7,9.17,3,7.15,7,1.15,9.11,3,1.57,1,25,4,3,2,1,3,2,1,5,1,1,0.99,20,1,35,15,8
2019-12-24,"Standard","Scarab",12.31,18,10,18,25,6.92,20,9.59591,5,3,44.47,16.34,7,9,3,7,7,1,7.89,3,1.49,1,25,4,2,2,1,3,2,1,5,1,1,1,19.14,1,35,15,8.39
2019-12-25,"Standard","Scarab",12.24,18,10,18,25,6.97,20,10,5,3,45,16.23,7,9.06,3,7,7.01,1,6,3,1.91,1,25,4,2,2,1,3,2.43,1,5,1.06,1,1,20,1,35,15,7.36351
2019-12-26,"Standard","Scarab",13.55,18,10,18,25,6,23.59,10,5,3,45,16.23315,7,9.13247,2.59,7,7.14,1.39,6,5,2,1,24.33,4,2,2,1,3,2,1,5,1.39,1,1,19.9801,1,34,15,8.66
2019-12-27,"Standard","Scarab",13,18,10,17,25,6,24.43577,11,5,3,45,17.01,7,9,2.68,7,7.57866,1.38,6,5,2,1,23.66015,4,2,2,1,3,2,1,4.13,2,1,1,18.0304,1,30.29,17.55633,8.32
2019-12-28,"Standard","Scarab",11.61,16.55,10,17,24,5.05,24.44,11.12,6.91,3,43.94556,17,7,8.96,3,6.50654,8,2,7,5,2,1,22.22,4.66,2,2.08,1,3,2.35616,1,5,2,1,1,16,1,30,18.7,8.64
2019-12-29,"Standard","Scarab",13,18,10,16.33,22.52,5,22.27579,10.78,6.3,3,41.06056,17.14,7,8.93,3,5,8.41,2,7,5,2,1,22.89056,4,2,2,1,3,2.05,1,4,2,1,1,15.14,1,27.73,19.13,9
2019-12-30,"Standard","Scarab",13,17.4,10,16,20,6,20,10.83,8,3,40.29,17,7,8.95646,3,5,9.1,2,7.91,3.99,2,1,23,4,2,2.47051,1,3,2.35,1,4,2,1,1,14,1,25,18,10
2019-12-31,"Standard","Scarab",13,18,10,16,22,6,20.86,11,8,3,40,17,7,9.68,3,5.1,8.67,2,8.71,4.13,2,1,20,4.99,2,2,1,2.05,2.60928,1,5,2.28,1,1,15,1,25,17.84,10
2020-01-01,"Standard","Scarab",12.7,18,10,16,22.11,6.5,21.81,11,8.49,3,40,15.73,7,10,3,5,8,2,7.09,4.54,2.69,1,23,4.91,2,2,1,2.39,3,1,4,2,1,1,16.74056,1,24.67,18,10
2020-01-02,"Standard","Scarab",12,18,10,15.70068,22,6.32357,20,11,8.44,3,44.91,12.97,6.59,10,3,5,8,2,7.17,4,2.57,1,24,4.7,2,2,1,2,3,1,4,2,1,1,17,1,24,18,10
2020-01-03,"Standard","Scarab",12,17,10,15,20.58,6,20,11,8,3,45,12.53,5.38,8,3,5,8.37,2,8.03,4,2,1.34,24,4.879,2,2,1,3,2.67,1,4,2,1,1,17,1,24,17.8,9
2020-01-04,"Standard","Scarab",12.07,16.95,10,15,20.36,6,19.7261,11,7.95,3,48.41005,12,5,8,4,5,8,2,7.91,4,2,1.73,23.93345,4.36,2,2,1,3,2.52,1,4,2,1,1,17.55,1,24,17,9
2020-01-05,"Standard","Scarab",11.9,16.64669,10,15,20,6.0357,22.63,11,8,3,50,12,5,7.85,4,4.94,8,2,8.96,4,2,1.57,23.56,4.51,2,2,1,3.0065,3,1,3,2,1,1,19,1,24.59,16.12,9.06983
2020-01-06,"Standard","Scarab",12,16,10,15.07904,20,6.99,22.73,10.57,8,3,45.21,15,5,7,4,4.76,8,2,9,4,2,2,23.61,4.93,2,2,1.71449,3.93,3,1,3.03,2,1,1,19,1,23.85,17.49,10
2020-01-07,"Standard","Scarab",12.47,15.68,10,15.17,20,6.67,22.96,11,8,3.23,45,15,5,7,4,5,8,2,8.11,4,2,2,24,4.95,2,2.72,1,4,3,1,4,1.12,1,1,19.22,1,24,17.1,9.28
2020-01-08,"Standard","Scarab",12.97,15.24,10,16.75,20,6.76,25,10,8,4.6,45,14.96529,5,7,4,5,8,2,8.93842,4,2,2,25,5,2,3,1,4,3,1,4,1,1,1,18.15,1,24.69,16.08798,10
2020-01-09,"Standard","Scarab",12.82,16,10,17,20,5.87,25,10,8,5.66,44.03,13.8,5,7,4,5,8,2,10,3,2,2,25,4.93,2,3,1,2.68,3,1,4,1,1,1,19.99005,1,24.67,16,10
2020-01-10,"Standard","Scarab",11.8883,16,14.2,16.16,20,7.71,25,10,8,5.8,44,12,5,7,4,4.52,8,2,10,3,2,2,25,4.84,2,3,1,2.57,3,1,4,1,1,1,19.8902,1,24.67,15.14,10
2020-01-11,"Standard","Scarab",13.726,16,16.05921,17.22,20,8,25,10,8,8,45.1501,11.43,5,7,4.01,5,8.14,2,10,3,2,2,33.07,4.97,2,3,2.85,4,3,1,4,1,1,1,20,1,24.98,17,10
2020-01-12,"Standard","Scarab",13.97,16,17,18.23,20,8,25,9.21,8.92,7.32296,45,9,5,7,5,4.66,8,2,10,3.1,2,2,30,4.81,2,3,1.14051,4,3,1,3.98136,1,1,1,18.00237,1,25,18,10
2020-01-13,"Standard","Scarab",15,16,17,18.85,20,8,25,9.33,9,7,45,9.93,5,7,5,4.69,7,2,10.86,3.95,2,2,30,4.75,2,3,3,2.8,3,1,3,1,1,1,20.55025,1,25,19.12,10
2020-01-14,"Standard","Scarab",15,16,17.77,18,20,8,25.68,10,9.08,4.51,45,10,5,7,5,4,8,2,11.78,3,2,2,30,3.96,2,3,1.13056,3,2.27,1,3.57,1,1,1,20,1,25,18.38,9.94
2020-01-15,"Standard","Scarab",15,15,17.91,18,20,8.15,27.91,10,9.05,7,45,10,5,7,5,4,7,2,13.21,2.8,2,2,30,4,2,3,1.27,3,2.81,1,4,1,1,1,19.68005,1,25,19.02,9.47
2020-01-16,"Standard","Scarab",15,15,18,18,20,7.88,28,10,9.41,5.54,45,9.248,5,7,4.75,4,7,2,14,3,2,2,30,4,2,2.18,1,3,3,1,4,1,1,1,20,1,28.64,20,9.86
2020-01-17,"Standard","Scarab",15,15,18.05,17.64,20,8,28.01,9.31,9.61,5.54,45,8,5.32,7,5,4,7,2,14.39,3,2,2,29,4,2,2,1,3,3,1,4,1,1,1,18.5,1,35.95,20,9
2020-01-18,"Standard","Scarab",15,15,18,17,20,8,27.89,9.45755,9,5,45,8,7.7,7,4.66,4,6.86,2,15,2.77,2,2,30,3.49,2,2,1,3,3,1,4.07,1,1,1,20,1,38.76,20,9
2020-01-19,"Standard","Scarab",15,14,15,17,20,8.21,27.34,10,9,5,45,8,8.48,6,5,4,6,2,15,3,2,2,25.47,3.26,2,2,1,3,3,1,4.27289,1,1,1,19,1,40,20,9
2020-01-20,"Standard","Scarab",15.45457,13,15,15,20,8,28.07667,10,9,5,45,8,10,6,5,4,7,2,15,2.93,2,2,26.44,4,2,1,1,3,3,1,4.215,1,1,1,19,1,40,20,9.61
2020-01-21,"Standard","Scarab",15,13,15,15,20,8,30,10,8.94,5,44,8,10,6,4.3,4,7,2,15,2.5,2,2,28.26,4,2,1,1,3,3,1,4,1,1,1,19,1,41.23,20,9
2020-01-22,"Standard","Scarab",15,14,14.63,15,20,8,30,10,8,4.39,44.08157,8,10,5.49,4.51,4,7,2,15,1.45,2,2,25,4,2,1,1.83,3,3,1,4,1,1,1,19,1,40.34,20,9
2020-01-23,"Standard","Scarab",15,14,13.65,15,20,12.99,30,10,8,5,44,7.88214,10,5.73,4,4,5.86283,2,15,1.94,2,2,25,4,2,1,1.59,3,3,1,4,1,1,1,18.17,1,44.12,20,9
2020-01-24,"Standard","Scarab",15,13,15,15,20,11.47,28.39018,10,8,5,43.4,7,10,5,4.74,4,7,2,14.16,3,2,2,27.61005,4,2,1,1,3,2.98,1,4,1,1,1,19.14035,1,44.06,20,9
2020-01-25,"Standard","Scarab",15,14.41,15,15,20,11.52385,30,10,8,5.44,44.92525,7,10,4.72,4.66,4,7,2.48,13.02,3.3,2,2,29.87626,2.14,2,1.51,2,3,2,1,4.01161,1,1,1,20,1,42.38,20,10
2020-01-26,"Standard","Scarab",15,15,15,15,19,10,29.43,10,8,8.43,41.21717,7,10,4.14,4,4,7,2.63479,10.4,3.6,2,2,29,2.12,2,1.63505,1.62,3,2,1,4,1,1,1,20,1,40,20,10
2020-01-27,"Standard","Scarab",15,15,15.59631,14.85,15.94118,10.6,30,10,8,8,41.51636,7,8.47,4.51,4,4,6,3,10,3,2,1.78,27.36051,1.46,2,1.16,1,3,2,1,4.73,1.91,1,1,20,1,41.08714,18.05,10
2020-01-28,"Standard","Scarab",15,15,15,14.06,19.21,10,30,9.03,7.94,8,43.92,7,7,4.37,4,4,6,4.01,10,3.73,2,2,27,2.32,2,2,1,3,2,1,4,3,1,1,22,1,46.86,20,10
2020-01-29,"Standard","Scarab",15,15,15,15,18,10,30,9,8,8,44.33,7,7.24383,4.38,4,5,6,5,10,4,2,2,29.46273,2.59,2,2,1,3,2,1,5,3,1,1,23,1,46.88,20,10
2020-01-30,"Standard","Scarab",15,15,15,15,18,10,30,9,8,8,45,7,7.4,4.94,4,5,6.64,5,10,4,2,2,30,2,2,2,1,3,2,1,5,3,1,1,23.02,1,46.62,20,11.23
2020-01-31,"Standard","Scarab",15,15,15,14,17.05,10,30,9,8,8,45,6.65,8,5,4,5,6.2,5,10,4,2,2,30,2,2,2,1,3,2,1,5,3,1,1,23.9401,1,50,20,10
2020-02-01,"Standard","Scarab",15,15,15,14,17,10,30,8.13007,7.14,6,45,6,7.33,4.98829,4,5,6,5,10,4,2,2,30,2,2,2,1.1204,3,2,1,5,3,1,1,23.03167,1,45,20,10
2020-02-02,"Standard","Scarab",15,16.59,15,14,16,10,28.79,8,7,5.93,47,6,7,5,4,4.7633,6.48,5,9.22,4,2,2,30,2,2,2,1.14,3,2,1,5,3,1,1,24.64,1,40,20,10
2020-02-03,"Standard","Scarab",15,19,14.76,14,16.09083,10,29,8,7,5,47.90505,6.25,5.38,5,4.95,5,6,5,9.95,4,2,2,30,2,2,2.01655,1.13,3,2,1,5,3,1,1,25,1,49.06,19,9.59
2020-02-04,"Standard","Scarab",15,19,15,13.45,15.89,10,29,8,7,5,48,6.97,5.71,5,4.94098,5,7,5,9.05227,4,2,2,30,2,2,3,1,3,2,1,5,3,1,1,24.75,1,49.58069,19.36,10
2020-02-05,"Standard","Scarab",16.39973,18.01944,15,13,17,10,28,7.01,7,5.70588,47,7,7,5,5,5.31,7.51,5,9.35,4,2,2,30,2,2,3,1.73,3,2,1,5,3,1,1,23,1,50,20,10
2020-02-06,"Standard","Scarab",18,17.50102,15,13,17,10,28,6.94,6.80588,4.76891,47.32101,7,7.51264,5.53833,5,5,8,5,10,4,2,2,30,2,2,3,2,3,2,1,5,3,1,1,25,1,50,20,10.04
2020-02-07,"Standard","Scarab",18,17.46,14.91,13,16,10,28,6,6.32,5.13,48,7,8,9.69,4.94016,5,7,4.05,10,4,2,2,30,2,2,3.47816,1.75,3,2,1,5,3,1,1,25,1,50,20,10
2020-02-08,"Standard","Scarab",18,16.27,13.41,11.30462,16,10,27.59,5.87108,6.84,5,48.32323,5,8,10,5,5,6.95417,3.97,9,4,2,2,30,2,2,4,2,3,2,1,5,2,1,1,25,1,50,20,10
2020-02-09,"Standard","Scarab",11.06909,16.15266,15,10,16.17,11,27,5.89,6.95,5,49.00091,5,8,9,5.19,5.02,6,3.27,9,4,1.75,2,31.82626,2,2,3.01677,2,3,2,1,5,2,1,1,25,1,50,20,9.6
2020-02-10,"Standard","Scarab",10.65,18.35,15,10,15,11,27,7,6,5,48,5.76147,7.65,9,6.73,6.65,6,3,9.00925,4,1.75,2,32.28005,2,2,3.11505,1,3,2.26,1,5,2,1,1,24.63005,1,50,20,10
2020-02-11,"Standard","Scarab",10,19,18.15,10,15,12,28,7,5.91761,4,49,5,6,8,6.43,6,6,3.77,9.20314,4,1.86,2,32,2,2,4,1,3.04,2.58522,1,5.86,2,1,1,23,1,50,20,10
2020-02-12,"Standard","Scarab",10,18,19,10,14,11.84,27.42,6.96981,5.54327,4,48.10495,5,5.29,8,6.35,6,6,3.89,9.09,4,2,2,30.70798,2,2,4,1,3,3,1,5,2,1,1,25,1,50,20,9
2020-02-13,"Standard","Scarab",10,19.75289,19,10,14.51,10.75,28,6.71,4.95,4,49,5,6,7.41,7,6,6,4,9,4,2,2,30.53051,2,2,4,1,3.19,3,1,5,2,1,1,25,1,50,20,9.59
2020-02-14,"Standard","Scarab",10.06,20,19,10,15,10.97,29,6,5.08,5,49,5,6,8.71,7.2,6.03,5,4,9,4,2,2,34.41,2,2,4,1,3,2.64,1,5,2,1,1,29,1,50,20.27,10
2020-02-15,"Standard","Scarab",10.90543,20,19,9.57,15,12,29.54,7,5,5,49.56136,7,6,9.66571,7.92,6,5,3.74,10,4,2,2,34.14162,2,2,3.9,1,3,2.66,1,5,2,1,1,27.29247,1,50,20,10.91732
2020-02-16,"Standard","Scarab",10.49,19.75458,16.89,10,14.9922,11.69,29.81905,7,5,5,50,7,5.88,6.98013,7,6,5,3.29,9.91,3.98,2,2,34.88,2,2,2.87005,1,3,2.14,1,5,1.23,1.01,1,26.4404,1,50,18.26,10
2020-02-17,"Standard","Scarab",11.91,19.89275,15.27489,10,15,11.48,30,7.13,5,4.86,52.95,6.54,7,5,7,5.08,5,3,10,4,2,2,33.75005,2,2,3,1,3,3,1,5.67,1,1,1,25,1,49,19.84,10
2020-02-18,"Standard","Scarab",11,20,14.87,10,15,10,32.18,9.12,5,5,53.05,6.32,7,5,6.95,7,6,3,10.58,3.65,2,2,34.7701,2,2,3,1,3,3,1,5.31182,1,1,1,27.76566,1,48,20,9.81
2020-02-19,"Standard","Scarab",13.57,20,16,10,15,10,34.39,9.79319,5,5,54.58,6.36,7,6.03,7,5.62,6,4,12.09,3.34747,2.21,2,37.30025,2,2,3.2404,2,3,3,1,5,1,1,1,28.13,1,48,20,10
2020-02-20,"Standard","Scarab",14.024,20,16,10,15,10,34.84,9.46,5,4.98,55,7,7,6.41922,7,5.55,6,3.94,12,4,3,2,36.75,2,2,3.2301,1.98,3,3,1,5,1,1,1,28.63081,1,46.43,20,10
2020-02-21,"Standard","Scarab",11,20,14.75,10,15,10,35,9,5,5,55,7,7,7,7,5.7,7.54,3,12,4,3,2,38,2,2,3,2,3,3,1,5,1.45035,1,1,29,1,47.82,20,10
2020-02-22,"Standard","Scarab",10,19.14,15.92,10,14.81,10,35,9.13,5,5,53.21,6.07,6,7,7.9,5.40216,6,3,15,3.67,3,2,39.41015,2,2,2.95,2,3,3,1,5,1,1,1,26.3204,1,40,18.49,10
2020-02-23,"Standard","Scarab",10.2,19,16.89,9.69,15,10,35,9,5,5,50,5.92,5.39,6,8,5.3263,6,3,15,3,3,2,38,2.14,2,2,2,3,3,1,5,1,1,1,27,1,43.2528,16.695,9.8
2020-02-24,"Standard","Scarab",11.44,20,15.77,9.69,15,10,35,8.65,5,5,50,5,6.72,6.98,8,5,8,3,15,3,2.46,2,38.89,2.75,2,3,1.51,3,3.97,1,5,1,1,1,27.25,1,49,16.08,10
2020-02-25,"Standard","Scarab",10.33,20,19.18,9,15,10,34.31,7.83,5,5.75,55,5,6.13,7,8,5,8,2.65139,15,3,1.52,2,39.57515,2.5,2,3,1,3,3,1,5,1,1,1,27.6802,1,47.59,17.38,14
2020-02-26,"Standard","Scarab",10.66,19.65,19,8.52,15,9.95,34.46,6,5,6.19,55,5,6.03,7,8,5,7,2,15,3,3,2,39,2.82,2,3,1,3,3,1,5,1,1,1,27,1,48,15.94,14
2020-02-27,"Standard","Scarab",14.6,20.16,19.2,9,15,10,34.47,6,6.18,6.34328,54.66,5,6,6.54,8,5,7.65808,2.75,15,3,2.32143,2,39,2.88,2,3,1,2.14,3,1,5,1,1,1,26.75505,1,48,16,13
2020-02-28,"Standard","Scarab",14.22341,20,19.33,9.95,15,9.15,34.44651,6,7,5.18,55,5,6,7,7,5,7,3,15,4,2.04,2,39,3,1.02,3,1,2,3,1,5.78,1,1,1,25.82273,1,49,16,12
2020-02-29,"Standard","Scarab",14.47344,20,19,10,15,8.34,35,6,6.37,7,53.89247,5,5.9168,6.55,7,5,7,2.81107,14.95133,3.67,2.16,2,38,3,2.66,3,1,2,3,1,5,1,1,1,25,1,48.8,16,11.43
2020-03-01,"Standard","Scarab",15,18,20,10,15,8.18,30.74,7.58,6.48545,7.35127,54,5,5,6.7201,7,5,6.79,3,13,3.72,2,2,38,3,2.94,3,1,2,3,1,5,1,1,1,25,1,48.91,16,12
2020-03-02,"Standard","Scarab",15,17.22051,20,10,15,8,30,8,7.67273,8,54.05,5,5.10711,10,7,5.80688,6.49,3,13,3,2,2,38.39899,3,3,3,1,2,3,1,5,1,1,1,27.47212,1,49,19.45,12
2020-03-03,"Standard","Scarab",17.02,18.01,20,10,15,8,30,7.77,7.91,5.82,54,5,5.01,9.2901,7,5,6,3,12.86,3,2,2,38,3,3,3,1,2,3,1,5,1,1,1,28,1,48,20,12
2020-03-04,"Standard","Scarab",18,18.25424,20,10,15,8,30,7.88,7.92,6,50,5,5,10,7.89,5,6,3,11.18,3,2,2,38,3,3,3,1,3,2.63289,1,5,1,1,1,28,1,47.6,19,11.34
2020-03-05,"Standard","Scarab",18.08,18.56,19.47,10,15,8,30,8,7.89545,5,55,5,5,10,7.68786,5,6,2.7,10,3,2,2,38.65,3,3,3,1,3,2,1,5,1,1,1,28,1,45,19,12
2020-03-06,"Standard","Scarab",16.34,18.00121,20,10,15,8,30.82639,7,8,5,55,5,5,9.84,7.53154,5,6.06,3,10,3,2,2,38.78015,3,3,3,1,3,2,1,5,1,1,1,28.62919,1,48.2203,20,12
2020-03-07,"Standard","Scarab",18.11,18,20,10,15,8,33.25,7,8,6,54.7701,4.95,6.83,9,7.86237,5,6,3,9.78,3,1,1,38,3,3,3,1,3,2,1,5,1,1,1,28.98,1,50,20,13
2020-03-08,"Standard","Scarab",18,15,19.22234,10,15,8.44,35,7,7,5.45759,55.13525,5,6.75536,9,8,5,5.4,3,9.17,3,1.11,1,35,3,3,3,1.99505,2,2,1.06,5,1,1,1,29,1,45,15,13
2020-03-09,"Standard","Scarab",19.87037,16.21364,19,10,13.7,8,34.19,7,7,5,55,5,6.58,8.34,6.99305,5,5,3,9.8,3,1.28621,1,39.42566,3,3,3,2,2,2,1,4.82,1,1,1,26.78,1,45.3825,15.32,12
