"Date","League","Type","Aberrant.Fossil","Aetheric.Fossil","Bound.Fossil","Corroded.Fossil","Dense.Fossil","Enchanted.Fossil","Encrusted.Fossil","Fractured.Fossil.","Frigid.Fossil","Gilded.Fossil","Hollow.Fossil","Jagged.Fossil","Lucent.Fossil","Metallic.Fossil","Perfect.Fossil","Prismatic.Fossil","Pristine.Fossil","Sanctified.Fossil","Scorched.Fossil","Serrated.Fossil","Shuddering.Fossil","Bloodstained.Fossil","Faceted.Fossil","Glyphic.Fossil","Tangled.Fossil","Fractured.Fossil"
2018-09-06,"Standard","Fossil",0,0,0,0,0,0,0,0,0,0,0,0,0,40,0,0,55,0,0,0,0,0,0,0,0,0
2018-09-07,"Standard","Fossil",0,0,0,0,1080.2,0,0,0,0,0,0,0,0,40,0,0,55,0,0,0,0,0,0,0,0,0
2018-09-08,"Standard","Fossil",0,0,0,0,1082.15,0,0,0,0,0,0,0,0,40,0,0,55,0,0,0,0,0,0,0,0,0
2018-09-09,"Standard","Fossil",0,0,0,0,1084.8,0,0,0,0,0,0,0,0,44.72,0,0,55,0,0,0,0,0,0,0,0,0
2018-09-10,"Standard","Fossil",0,0,0,0,1082,0,0,0,0,0,0,0,0,44.72,0,0,55,0,0,0,0,0,0,0,0,0
2018-09-11,"Standard","Fossil",0,0,0,0,1082.7,0,0,0,0,0,0,0,0,44.72,0,0,55,0,0,0,0,0,0,0,0,0
2018-09-12,"Standard","Fossil",0,0,0,0,1083.8,0,0,0,0,0,0,40,0,44.72,0,0,55,0,0,0,0,0,0,0,0,0
2018-09-13,"Standard","Fossil",0,0,0,0,1082.6,0,0,0,0,0,0,40,0,44.72,0,0,32.5,0,0,0,0,0,0,0,0,0
2018-09-14,"Standard","Fossil",0,0,109.81,0,1102.8,0,0,0,0,0,0,40,0,35,0,0,30,0,0,219.38,0,0,0,0,0,0
2018-09-15,"Standard","Fossil",5,0,109.055,0,0,0,0,0,0,0,0,12.8,0,35,0,0,30,0,0,218.095,0,0,0,0,0,0
2018-09-16,"Standard","Fossil",5,0,108.98,0,0,0,0,0,109.5,0,0,12.8,0,31.18,0,0,30,0,109.4425,217.96,0,0,0,0,0,0
2018-09-17,"Standard","Fossil",5,0,109,0,0,0,0,0,40,0,0,12.8,0,31.18,0,0,30,0,40,218,0,0,0,0,0,0
2018-09-18,"Standard","Fossil",5,0,109.935,0,0,0,0,0,40,0,0,12.8,0,31.18,0,0,30,0,40,219.815,0,0,0,0,0,0
2018-09-19,"Standard","Fossil",5,0,110.25,0,0,0,0,0,0,0,0,17.33,0,30,0,25,30,0,0,220.47,0,0,0,0,0,0
2018-09-20,"Standard","Fossil",5,0,111.01,0,0,0,0,0,0,0,0,17.51,0,30,111.05214,0,30,0,0,222.02,0,0,0,0,0,0
2018-09-21,"Standard","Fossil",5,0,0,110,0,0,0,0,0,0,0,13.88,0,30,111.05214,0,30,0,0,222.02,0,0,0,0,0,0
2018-09-22,"Standard","Fossil",5,0,0,109.34,0,0,0,0,0,0,0,47.7375,0,30,0,0,0,0,0,0,0,0,0,0,0,0
2018-09-23,"Standard","Fossil",0,0,216.96,108.48,0,0,0,0,0,0,0,90.46,0,30,216.96,0,0,0,216.96,0,0,0,0,0,0,0
2018-09-24,"Standard","Fossil",0,0,216.665,108.48,0,0,0,0,0,0,0,90.46,0,30,216.67,0,0,0,216.67,0,0,0,0,0,0,0
2018-09-25,"Standard","Fossil",0,0,162.725,108.5,0,50,0,0,0,0,0,90.48,0,30,162.73,50,50,0,162.62,0,0,0,0,0,0,0
2018-09-26,"Standard","Fossil",0,0,136.04,108.8325,0,50,0,0,0,0,0,90.67333,0,30,136.05,50,50,0,33.69,0,0,0,0,0,0,0
2018-09-27,"Standard","Fossil",0,0,134.98,107.98,0,50,0,0,0,0,0,90.17,0,30,134.98,50,50,0,33.57,0,0,0,0,0,0,0
2018-09-28,"Standard","Fossil",0,0,107.98,107.98,0,50,0,0,0,0,0,538.15,0,30,107.98,50,50,0,30.38,0,0,0,0,0,0,0
2018-09-29,"Standard","Fossil",0,0,107.98,0,0,50,0,0,0,0,0,0,0,3.3,107.98,50,50,0,30.38,0,0,0,0,0,0,0
2018-09-30,"Standard","Fossil",5,0,28.7,0,0,50,0,0,0,0,0,0,0,3.3,107.02,50,50,0,30.26,0,0,0,0,0,0,0
2018-10-01,"Standard","Fossil",5,0,28.65,0,0,50,0,0,0,0,0,0,0,4.09,106.52,50,50,0,25.85,0,0,0,0,0,0,0
2018-10-02,"Standard","Fossil",5,0,28.65,0,0,50,0,0,0,0,0,0,0,4.09,106.52,50,50,0,25.85,0,0,0,0,0,0,0
2018-10-03,"Standard","Fossil",5,0,24.72,0,0,0,0,0,0,0,0,0,0,4.09,60,50,0,106.02,46.77,0,0,0,0,0,0,0
2018-10-04,"Standard","Fossil",5,0,24.72,0,0,0,0,0,0,0,0,0,0,4.09,60,50,0,106.02,46.77,0,0,0,0,0,0,0
2018-10-05,"Standard","Fossil",5,0,24.72,0,0,0,0,0,0,0,0,0,0,4.09,60,50,0,106.02,46.77,0,0,0,0,0,0,0
2018-10-06,"Standard","Fossil",5.59,0,24.72,0,0,0,0,0,0,0,0,0,0,4.09,60,50,0,106.02,46.77,0,0,0,0,0,0,0
2018-10-07,"Standard","Fossil",5.59,0,40,0,0,0,0,0,0,0,0,20,0,10,40,50,0,106.02,40.5,0,0,0,0,0,0,0
2018-10-08,"Standard","Fossil",10,0,40,0,0,0,0,0,0,0,0,20,0,20,40,50,0,106.43,40,0,0,0,0,0,0,0
2018-10-09,"Standard","Fossil",10,0,40,0,16,0,0,0,0,0,0,20,0,20,15.7,50,0,106.07,40,0,0,0,0,0,0,0
2018-10-10,"Standard","Fossil",10,0,40,0,15,0,0,0,0,0,0,20,0,20,13.43,50,0,106.02,40,0,0,0,0,0,0,0
2018-10-11,"Standard","Fossil",10,0,30,0,18.49,0,0,0,0,0,0,25.075,0,30.15,13,0,0,0,30,106.02,0,0,0,0,0,0
2018-10-12,"Standard","Fossil",10,0,30,0,24.0175,0,0,0,0,0,0,30.19,0,30.19,13,0,0,0,30,106.345,0,0,0,0,0,0
2018-10-13,"Standard","Fossil",50,107.52,25.5,107.52,24.1,0,0,0,107.52,0,0,30.27,0,30.27,13,107.52,107.52,0,30,107.05,0,0,0,0,0,0
2018-10-14,"Standard","Fossil",50,107.52,12,107.52,17.37,0,107.38,2149.2,107.52,0,0,30.33,0,23.54,13,107.52,107.52,0,39.15,107.52,0,0,0,0,0,0
2018-10-15,"Standard","Fossil",50,107.02,10.59,107.02,17.37,0,107.02,2140.4,50,0,0,107.02,0,15.8,13.71,107.02,19.71533,0,24.22,107.02,0,0,0,0,0,0
2018-10-16,"Standard","Fossil",107.12,107.02,10.71,23.26,15.81,0,107.04,1712.32,50,0,0,25.91,0,50,13.76,107.02,19.7,0,19.13,68.51,0,0,0,0,0,0
2018-10-17,"Standard","Fossil",107.31033,107.49048,10.71,12,15.81,0,107.52,1612.5,40,0,0,15,0,60.65,13.98,82.7,13.58,110,17.95,31.65,0,0,0,0,0,0
2018-10-18,"Standard","Fossil",27.08,80,10.92,12,21.11,0,0,1599.75,30,0,0,15,0,30,15.7,82.68,10,110,16.77,31.4,0,0,0,0,0,0
2018-10-19,"Standard","Fossil",22.34,80,10.92,12,20.5,0,0,1605.3,30,0,0,15,0,30,15.7,107.02,13.58,110,16.77,44,0,0,0,0,0,0
2018-10-20,"Standard","Fossil",22.39,70,10.94,12,20.5,0,0,0,24,0,0,15,0,24,16.07,107.02,13.58,110,16.06,44,0,0,0,0,0,0
2018-10-21,"Standard","Fossil",23.48,43,12,12,21.74,0,0,1605.3,24,0,0,15,0,24,16.47,80,15.44,110,16.06,40.4,0,0,0,0,0,0
2018-10-22,"Standard","Fossil",12.94,43,12,12,21.74,0,0,1605.3,20,0,0,15,0,20,19.78,80,27.34,110,10,40.4,0,0,0,0,0,0
2018-10-23,"Standard","Fossil",12.94,34,12,12.10294,21.74,0,0,1499.12,10,0,0,15,0,20,19.78,80,26.17,110,10,39.1,0,0,0,0,0,0
2018-10-24,"Standard","Fossil",13.21,34.72,10.4,12.7,22.39,0,214.96,0,10,0,0,6.93,0,39.46226,13.98,80,25.5,110,10,40,0,0,0,0,0,0
2018-10-25,"Standard","Fossil",12.23,34.72,16,16.5,34.72,0,0,0,10,0,0,9.02,0,43.02,13.98,80,25.5,0,10,40,0,0,0,0,0,0
2018-10-26,"Standard","Fossil",12.23,34.72,16,30,34.72,0,0,1302,10,0,0,6.98,0,43.25,13.98,80,25.5,325.5,10,40,0,0,0,0,0,0
2018-10-27,"Standard","Fossil",12.23,34.72,16,30,34,0,0,0,10,0,0,6.98,0,39.91,12.63,30,21.11,326.67,10,40,0,0,0,0,0,0
2018-10-28,"Standard","Fossil",12.23,34.72,16,15.5,65.5,0,0,0,10,0,0,9.04,0,23.53,11.5,30,20.63,328.59,10,41.74,0,0,0,0,0,0
2018-10-29,"Standard","Fossil",10.06,19.5,18.56,15.59,25.29,0,0,0,10,0,0,8.52,0,17.14,17.02,20.94,17.07,330.33,11.19,45.995,0,0,0,0,0,0
2018-10-30,"Standard","Fossil",10.06,17.16,12.57,15,17,0,0,0,15,0,0,8.52,0,12.7075,16.67,17.8,14.24,334.47,11.74,24.57,0,0,0,0,0,0
2018-10-31,"Standard","Fossil",9.56,15.83,22,15,17.29,0,0,0,15,0,0,16.01,0,12.5,16.67,17.16,15.09,338.43,15,24.81,0,0,0,0,0,0
2018-11-01,"Standard","Fossil",9.56,15.83,22,15,17.29,0,0,0,15,0,0,15.5,0,12.94,16.67,16.5,15.16,343.53,15,25.0925,0,0,0,0,0,0
2018-11-02,"Standard","Fossil",9.4,14.8,22,14.2,16.43,0,0,0,14,0,0,14,0,15,16.62,15.76,13.47,344.91,6.39,31.5,0,0,0,0,0,0
2018-11-03,"Standard","Fossil",9.4,14.8,14.8,14.2,16.43,0,0,0,14,0,0,14,0,15,16.45,15.19,12.84,0,4.64,31.5,0,0,0,0,0,0
2018-11-04,"Standard","Fossil",9.4,14.8,14.8,15.6,16.61,0,0,0,14,0,0,14,0,15,16.62,15.92,13.08,0,4.64,33.34,0,0,0,0,0,0
2018-11-05,"Standard","Fossil",3.06,14.8,5.49,14.71,16.61,0,0,0,14,0,0,3.9,0,10.99,16.62,15.92,10.85,0,4.64,6.86,0,0,0,0,0,0
2018-11-06,"Standard","Fossil",3.63,14.8,4.12,14.71,15.97,117.98,471.92,0,14,0,2949.5,3.9,5,10.86,16.62,14.42,10,0,3.35,6.86,0,0,0,0,0,0
2018-11-07,"Standard","Fossil",1.42,14,4.12,14.23,14.7,117.52,258.5,0,12.2,0,2938,14.24,5,10.86,21.17,14.33,10,0,3.35,32.36,1175.2,0,0,0,0,0
2018-11-08,"Standard","Fossil",1.42,26.21,4.12,14.23,8.72,117.5,258.5,0,12.2,0,2937.5,7.76,5,5.1,21.17,14.33,10,0,3.35,32.36,1175,0,0,0,0,0
2018-11-09,"Standard","Fossil",1.33,30.9,3.81,15.5,8.23,116.76,140.16,0,12,0,2919,7.46,5,10.47,19.6,16.5,10,0,4.6,50,1167.6,0,0,0,0,0
2018-11-10,"Standard","Fossil",1.33,30.9,3.11,15.5,8.23,115.93,231.86,0,12,0,2898.25,6.07,5,10,19.6,16.5,10,0,4.6,50,1159.3,0,0,0,0,0
2018-11-11,"Standard","Fossil",5.39,30.9,3.11,15,7.63125,115.59,231.11143,0,12,0,2889.75,7.28538,5,10,19.6,18.51,10,0,4,0,1155.1,0,0,0,0,0
2018-11-12,"Standard","Fossil",13.2,30.9,3.11,12.3,14.4,114.82,229.63143,0,12,0,1320.32,10.7,17.95,10,19.6,18.51,10,229.6,4,0,159.8175,0,0,0,0,0
2018-11-13,"Standard","Fossil",8.19,30.9,10,10.4,14.2,114.5,229,0,12,0,1316.75,10.7,17.92,10.4,19.6,34.63,10,229,4,0,159.5,0,0,0,0,0
2018-11-14,"Standard","Fossil",8.19,39,10,10.4,14.12,0,229.39,0,12,0,1150.1,10,30,10,39,34.67,13,230.02,0,0,159.625,0,0,0,0,0
2018-11-15,"Standard","Fossil",7.6,0,10,5.5,14.12,0,230.02,0,0,0,1150.1,10,30,10,0,34.67,13,230.02,0,0,50,0,0,0,0,0
2018-11-16,"Standard","Fossil",1.62,0,10,5.5,14.12,0,230.02,0,5,0,1150.1,10,30,11.18,5,34.67,10,230.02,5,0,50,0,0,0,0,0
2018-11-17,"Standard","Fossil",0.66,0,1,5.5,4.42,0,0,0,5,0,1035.09,2,30,6.5,5,34.66,11.18,230.02,5,0,57.67,0,0,0,0,0
2018-11-18,"Standard","Fossil",0.66,0,1,10,4.42,0,0,0,5,0,1032.39,2,30,2.2,5,30,11.18,229.42,5,0,57.6425,0,0,0,0,0
2018-11-19,"Standard","Fossil",0.66,0,1,11.18,2.64,0,0,0,5,0,1022.04,4.12,30,2.2,5,0,11.18,227.12,6.18,0,113.56,0,0,0,0,0
2018-11-20,"Standard","Fossil",0.67,0,3.57,11,2.72,0,0,0,5,0,1021.95,6.21,30,2.2,5,0,6.77,0,6.18,40,47.4,0,0,0,0,0
2018-11-21,"Standard","Fossil",0.62,0,3.57,11,3.09,15,0,0,0,0,1026,6.21,30,4.84,0,0,6.77,0,15,40,47.4,0,0,0,0,0
2018-11-22,"Standard","Fossil",0.54,0,3.57,11.07,3.47,15,0,0,0,0,1023.66,6.21,0,4.84,0,30,10,0,15,39.1,40,0,0,0,0,0
2018-11-23,"Standard","Fossil",0.54,0,2.3,11,3.47,15,226,0,0,0,614.8425,4.12,0,12.2,0,30,10,0,0,39.1,40,0,0,0,0,0
2018-11-24,"Standard","Fossil",2.61,0,12,11,8.55,15,225.98,0,0,0,564.95,11,0,12.2,0,30,22.15,0,0,39.1,40,0,0,0,0,0
2018-11-25,"Standard","Fossil",2.61,0,12,11,8.55,15,225.98,0,0,0,564.95,9.2,0,1,0,30,22.15,0,0,30.9,31,0,0,0,0,0
2018-11-26,"Standard","Fossil",2.63,0,12,10,15,10,227,0,0,0,567.5,8,0,0,0,30,22.21,0,0,30.9,31,0,0,0,0,0
2018-11-27,"Standard","Fossil",2.63,0,12,0,15.59,10,228,0,0,0,570,5,0,0,0,30,22.27,0,0,30.9,31,0,0,0,0,0
2018-11-28,"Standard","Fossil",2.63,0,0,0,20,10,228,0,0,0,570,5,0,0,0,35.43,22.27,0,12.36,30.9,31,0,0,0,0,0
2018-11-29,"Standard","Fossil",0.7,0,0,19,20,10,228,0,0,0,570,5,0,19,0,76,22.27,0,12.36,30.9,30,0,0,0,0,0
2018-11-30,"Standard","Fossil",0,0,0,19,0,10,228,0,0,0,570,5,0,19,0,76,114,0,12,30,30,0,0,0,0,0
2018-12-01,"Standard","Fossil",0,0,5,19.12,15,10,25,0,5,20,0,3.24,15,19.12,0,76.23,9.1,0,12,30,30,0,0,0,0,0
2018-12-02,"Standard","Fossil",0,0,5,19.12,15,10,25,0,5,20,0,3.24,15,7.83,50,76.32,9.1,0,5.99,20,30,0,0,0,0,0
2018-12-03,"Standard","Fossil",0,0,12,15.81,15,0,0,0,0,0,0,4.42,0,19.12,50,76,9.1,0,5.5,0,0,0,0,0,0,0
2018-12-07,"Standard","Fossil",0.35,8.46122,1,2,3.01449,10,40,349.34061,0.73,20,771.37,8.91031,2,1,10.03,12,3,75.77,1,8.41133,9.14,505.87,925.57327,273.82122,332.60388,0
2018-12-08,"Standard","Fossil",0.33,7.69,1,1.92,4.78,10.47,40,401.11224,0.6,22.69,645.1,6.72,4,1,7.16,10,1.94041,82.34,0.87,7,9.23,505.21,516.08,232.48,696.71,0
2018-12-09,"Standard","Fossil",0.92,7,1,2,4.4,7.9201,40,403.38031,0.6,24,628.2148,5.06,2.42,1,9.70163,9.32,3.78,45.61,1,7,9.4,503.5101,383.91,236.2301,460.69,0
2018-12-10,"Standard","Fossil",0.68571,6.56,1.62,2,3.1051,9.9,40,381.20714,0.63,24,566.02694,7.33,2,1,8,9.11,3.7,47.64,1,6.82,9.93,500.52,376.03592,234.16061,253.31,0
2018-12-11,"Standard","Fossil",0.50031,5.1,2.34,2,3.27,9,31.92,418,0.81,24,624.90816,7.63,2,1,8.66,14,3.26,45,1,7,9.78,835.74,677.9,236.48,1367.85561,0
2018-12-12,"Standard","Fossil",0.6801,6.37,1.9,1.6701,2.36,8,31.92,430.85031,0.72,23.66,490.43367,6.41051,1.92,1,7.42,6.08,3.43122,47.9702,1,6.01,10,955.08,516.55,240.82031,256.21102,0
2018-12-13,"Standard","Fossil",0.99,5,1,1,1.71,9.28,34.28,432.18,0.76,23.91159,378.3351,4.67,1.29,1,5,6.1,1.89,47.99735,1,6.2,9.22,726.14184,335.81082,212.17898,248.6,0
2018-12-14,"Standard","Fossil",0.7,4.5,1.08,1,2.94,5.97459,30,431.35556,0.74,21.36,386.6701,4.67061,1.61,0.35,5,5.73,2,48.03,1,5.84,10,591.09068,342.09,213.89056,248.51031,0
2018-12-15,"Standard","Fossil",1,3.49,1,2.26,3,5.81102,30,432.18,1.3202,22.56591,373.86735,1.7,1,0.36,5,6.58,2.45,40,1,6.7,9.7,590.73,342.66,202.96,246.96,0
2018-12-16,"Standard","Fossil",1,3,1,2.01,2,5.64,30,462.72917,1,20,373.91031,4.42,1,1,6.0052,6.67,3.06163,40,1,8.30357,9,384.53,355.34,222.16,229.54,0
2018-12-17,"Standard","Fossil",0.49,4.11,1,2,2,6.2,30,434.5,0.99,20,378.55796,4.35449,1,0.93531,8.40286,7,2,39.36,1,4.48082,9,382.865,371.63,334.08,225.55,0
2018-12-18,"Standard","Fossil",0.37,4.28,1,3.59959,3,3,30,426.8,0.41571,20,422.3,4.9,0.94122,0.99,10.03327,7,1.7,40,0.72,4,7.2,376.59,299.96,318.9,201.79,0
2018-12-19,"Standard","Fossil",0.37,3.16,0.93,2.81531,3,3.87571,21.01,455.0425,0.53,19.82889,439.85,3.21061,0.7902,0.8251,10.7751,7,1.91,40,0.8051,4.29041,7,462.40242,313.404,178.53,201.04,0
2018-12-20,"Standard","Fossil",0.37,3,1,2,3,4.47,20,444.29,0.5,19.54,1136.86653,3,0.89,1,10,7,1.94,38.23,1,4.01,7,465.25,572.57,194.64,198.83,0
2018-12-21,"Standard","Fossil",0.5,2,1,2,3,5,20,460.49429,0.54041,19.66,774.23449,3,0.9102,1,5.9302,7,2,41.45815,1,4,8,465.27,574.36,284.93083,198.83,0
2018-12-22,"Standard","Fossil",0.38,2,1,2,4.79061,7,20,481.68667,0.78,16.76,407.55633,3,1,2,9.9251,6.33735,2,42.52182,0.37,4,8,480.23765,498,288.52,174.86,0
2018-12-23,"Standard","Fossil",0.38,2,1,2,3,5.58061,15.32143,481.145,0.9651,19.17,448.82,2,0.9951,1,10,4.9602,2,50,0.4602,3,7,495.92,474.41,300.9,157.58,0
2018-12-24,"Standard","Fossil",0.54,4,1,1,3,7.49918,14.92,494.134,0.96,20,420.50918,2,0.98,1,8.96082,4.75122,2.31,57.55755,1,3,4.5,327.40344,371.5222,266.72,140.91,0
2018-12-25,"Standard","Fossil",0.39051,3.5,1,1,2.70082,5.69,14.56,497.8465,0.55112,19.74,489.76602,2,1,1,10,4.24,1.91,55.01571,0.69122,3,4.89,616.7,419.72462,216,138.99,0
2018-12-26,"Standard","Fossil",0.9002,4,1,1.2002,2,5.0702,13,500.12,0.57,19.0125,485.38571,1.30531,0.99,1,9.69,2.48082,2,44.79,0.85,2.08082,4,780.03,375.09,290.17,112,0
2018-12-27,"Standard","Fossil",0.4401,3,1,1,1,7.2802,13,480.76,0.42,15,492.67,1,1,0.9602,9,3,2,46.19633,0.78,1,4,780.03,375.09,290.17,116.81,0
2018-12-28,"Standard","Fossil",0.4351,3,1,1,1.64061,6.03,14.18,414.86,0.38,15,592.78,2,0.74,1,6,5,3,45.1102,1,1,2.76163,786.09,410.628,325.47333,96.02,0
2018-12-29,"Standard","Fossil",0.48,3.97692,1,1,2,7,12.98,409.71,0.57,14,628.525,2.96041,0.7701,1,5.16,5,3,46.26,1,4,3,874.81,413.86,380.77615,97.28,0
2018-12-30,"Standard","Fossil",0.39,4,1,1,2,6.4,14.11,418.07095,0.83,11.5,608.04,3,1,1,7.25816,5,3,40,1,4,2,563.89,401.71466,390.62,94,0
2018-12-31,"Standard","Fossil",0.43,3.96,1,1,3,6.24041,19.18364,386.73,0.76,9.64082,742.91,2.97031,1,1.9,8.23112,4,3,39.00959,1,4,3,549.47,405.98,191.64,100.26,0
2019-01-01,"Standard","Fossil",0.39,4.33673,1,1,3.66612,6,20.056,374.64,0.94,10,624.4,2.14796,0.91,2,8.49551,3.41224,3,33.58455,1,3.11041,2.9302,707.54,397.58,402.88281,100.26,0
2019-01-02,"Standard","Fossil",0.38,4,1,1,1.09051,6,23.69,373.5,0.71,9.3102,622.5,2.8501,0.45,2,7.43112,5,2.92082,30,1,4,3,609.56,372.32,249,101.25,0
2019-01-03,"Standard","Fossil",0.39,4,1,1,1,5,22,345.31786,0.4,8,622.50556,3.9951,0.54,1,6.23061,4.07061,3,30,0.39,3.31,4,535.92125,419.4,318.92,63.52,0
2019-01-04,"Standard","Fossil",0.39,4,0.63,1,2.10714,6.04082,21.77959,404.45,0.8451,8,625.15,3.8,0.7351,1.15,8,4,2.53102,40,1,4,3.88735,616.37,400,305.07,87.03,0
2019-01-05,"Standard","Fossil",0.4,4,1,1,2,5.3651,22.4651,437.88625,0.52061,7.78939,627.5,2.77265,0.72,1,7,4,2.84143,42,1,3.89,3,640.6575,400,251,104.57,0
2019-01-06,"Standard","Fossil",0.4,3.90031,1,1,2,6,20,408.68,0.4,8,600.81679,2.40092,0.4,2,7.96041,3,3.00224,40,1,4.37194,3,630,400,236.67,53.88,0
2019-01-07,"Standard","Fossil",0.39,4.08,1,0.8651,3,6.84,19.97,429.52134,0.51,8,605.25981,2.16694,0.39,2,8,5,4.67,42.49,0.92,5,3,631.1,422.84406,253,129.6,0
2019-01-08,"Standard","Fossil",0.39,5,1,0.4851,3,7,18.95102,443.72571,0.38,9,575.07227,2.76571,0.39,1,10,4.45531,4,43.62,1,5,3,399.32,400,253.94,127.44,0
2019-01-09,"Standard","Fossil",0.39,5,1,0.73,2.89531,5.36,20,397.21,0.39,8.5102,448.73837,3,0.39,1.97551,9,3.39592,3,41.09375,0.9951,5,3,401.03318,431.18553,258.04,128.22857,0
2019-01-10,"Standard","Fossil",0.39,5,1,1,3,6.88,18.47,391.59,0.64102,8,289.86469,3,0.39,2,9,4,4,43.62,1,4,3,398.93,448.99763,250,130.15,0
2019-01-11,"Standard","Fossil",0.39,2.82,0.9951,0.84,3,8,18.88061,387.86556,0.47,9,463.70551,1,0.39,2,8.25,1.01,4,42.89,1,3,3,482.006,452.46978,165.98,129.345,0
2019-01-12,"Standard","Fossil",0.4,4.2751,1,0.7602,2,6,19.58,384.48923,0.4,8,458.36204,2,0.4,2,7,4.06633,4,42.98,0.86061,4,3,507.9,447.9,157.64,127.97,0
2019-01-13,"Standard","Fossil",0.4,4,1,0.92041,2,6,16.83,385.065,0.4,8,423.72,2,0.4,2,5.82857,3,3,40,1,2.5702,3,523.61,449.86,171.17,91.49583,0
2019-01-14,"Standard","Fossil",0.39,5,1,1,2,5,15,375.13613,0.51,8,452.13,1,0.39,2,7,4,4,40.13265,0.83,2.08673,3.90143,530.86,449.86,209.45,88.63,0
2019-01-15,"Standard","Fossil",0.39,5,1,0.7502,2.73061,5.07,14,274.04344,0.4202,7,452.44286,2,0.39,2,8,4,4,40,0.98,4,4.33122,645.01571,440.65853,208.9025,85.16,0
2019-01-16,"Standard","Fossil",0.3851,4.35673,0.4551,0.8502,3,6,13.51,260.03607,0.4551,7.88,456.82,1.74571,0.4,1.66531,8.5402,5,4.6851,40,0.48,3.81633,4,680.49794,450.14882,259.00455,69.24,0
2019-01-17,"Standard","Fossil",0.36,5,0.76,0.38,3,6,12,260.98677,0.36,7.17061,459.53,1,0.38,1,5.51449,3.87,4,38,0.5902,2.95592,3.10714,738.65033,451.04316,237.87,69.67,0
2019-01-18,"Standard","Fossil",0.36,4,0.7702,0.44,3,6,13,261.15929,0.3901,7,468.34833,1.17184,0.37,1,7,3.90031,4,36.81,0.37,2,4,725.92933,201.2001,228.00594,81.09,0
2019-01-19,"Standard","Fossil",0.37,4.26531,1,0.74,3,5,10,261.7,0.49,6.78592,461.66057,2,0.37,1,7,3.82061,4.90061,34.12592,0.41551,2,4,644.34618,257.1951,261.7,80.94,0
2019-01-20,"Standard","Fossil",0.37,3,1,0.64051,2.43092,4.88,10,262.04,0.37,7,415.668,1.56112,0.37,1,6.30235,3,4.15,30,0.37,4,4,528.12053,262.04,262.04,71.96,0
2019-01-21,"Standard","Fossil",0.38,3,0.48,0.37,3,4,10,261.72,0.37,7,393.06,2,0.37,2,7.00429,3,3.88,30,0.89,3.55071,3.07633,524.08,382.58,262.04,71.24,0
2019-01-22,"Standard","Fossil",0.3551,3.66,0.58,1,3,4.5702,10.42327,385.78,0.36,7,410.12,2,0.36,1.67,7.03,3.21633,4.66041,35.34,1,3,2,524.08,269.77,262.04,69.52,0
2019-01-23,"Standard","Fossil",0.37,2.32653,0.9351,1,3,5,10,427.094,0.78592,7,454.945,1.8802,0.33,1.0751,7,4,3.40551,37.1437,1,3,3.05,563.767,263.53061,346.77,70,0
2019-01-24,"Standard","Fossil",0.37,3,1,1,2.77,5,10,451.15,0.95,7,443.28727,2.6,0.39,1.80061,5,3,4.21347,35.00092,0.74031,3.3801,3,586.76547,264.4602,427.14,61,0
2019-01-25,"Standard","Fossil",0.36,2.09133,1,0.99,2.81071,5,10,459.25019,0.64224,7.36,432.40904,1.43061,0.38,1,4,3,4,35.01133,0.9602,3,3.00082,531.86,258.83143,413.93827,59.39,0
2019-01-26,"Standard","Fossil",0.35,3.6551,1,0.81551,2,5,10,406.11516,0.5202,5.19388,403.56,2.34592,0.41,1.92041,5.2851,3.92653,4,31.57837,0.4751,3,3,539.46625,244.89551,269.04,59.39,0
2019-01-27,"Standard","Fossil",0.36,4,0.6002,0.98531,2,4,10,356.82,0.3851,5,399.9625,1,0.36,2,5.73224,3,4,35,0.5,1,3,681.5,249.7951,245.05,59.544,0
2019-01-28,"Standard","Fossil",0.39,3,1,1,2.0051,5,10,409.8,1,5.02,447.25,2,0.36,2,4.8502,3.24571,4,32,1,3,3,682.87571,245.86898,272.96,59.96,0
2019-01-29,"Standard","Fossil",0.4001,3,0.97031,1,2.8502,4.48133,9.00112,412.78059,1,5,481.5,1,0.69,2,5.53133,3.0802,3.92092,30,1,1.87061,3,661.95148,247.6576,212.18143,59.99,0
2019-01-30,"Standard","Fossil",0.36,1.96571,0.79061,0.91571,2.96082,4.22061,9,416.91,0.53061,6.69,416.71541,1,0.8602,1.98,5.89,3.69571,5,30,1,2.87204,3,488.15714,249.4219,271.76,54.29327,0
2019-01-31,"Standard","Fossil",0.36,3,0.89061,0.9351,2.71102,4,8,420.09,0.36,8.68,420.09,1,0.36,1.6602,4.37,3,4.06122,28.23469,0.82551,2.67061,2,505.99,252.05,276.52833,49.53,0
2019-02-01,"Standard","Fossil",0.36,2.85,0.9502,0.48,2.80531,4.79143,8.07041,420.11571,0.46,9,479.82814,1,0.36,2,4.3951,2.70082,4,27.63,1,2,2,515.92,252.08704,160.07848,49.53,0
2019-02-02,"Standard","Fossil",0.2901,4,0.3802,0.5,3,5,8,423.13756,0.36,8.85926,497.25297,1,0.36,1,4.00071,2.9401,4,25,0.4801,2,2,654.67092,243.76839,158.9201,45,0
2019-02-03,"Standard","Fossil",0.36,1.5151,0.4151,0.58531,3,4.76082,8.49,426.14,0.4251,9,506.61833,1,0.36,1,4.74,2.89714,4.55633,22.63837,0.6,2,2,602.92,212.16563,331.11,45,0
2019-02-04,"Standard","Fossil",0.37,2.2102,0.44,0.6751,2.87041,5,8,424.36531,0.5502,9.59,557.56609,1,0.37,1,5,3,4.53571,22,0.48,2,3,550.75122,211.54,282.9102,45,0
2019-02-05,"Standard","Fossil",0.36,2.84551,0.52551,0.56,3,5,8,424.87122,0.5,6.61964,562.2187,0.85143,0.36,2,5.05041,3,4,24,0.41041,3.68265,3.6402,486.89,242.06821,282.06,45,0
2019-02-06,"Standard","Fossil",0.36,2,0.4402,0.54,3.04,5.19,8,502.53469,0.49,10,634.50041,0.72031,0.37,2,5.20224,3,3.94041,22,0.37,4,3,493.90071,243.53088,282.03813,45,0
2019-02-07,"Standard","Fossil",0.37,2.4002,0.63041,1,3,5,8,481,0.4402,14.23857,639.09051,1,0.36,2.06,5,3,4.4801,22,0.37,3.62,2.78,426.63306,244.54,284.415,40,0
2019-02-08,"Standard","Fossil",0.33,2,0.37,0.44041,3,5.94061,7,478.39,0.37,9.27,573.80408,1,0.48,2,5,2.78031,4,24,0.37,2.72,3,336.21061,213.79147,286.06,40,0
2019-02-09,"Standard","Fossil",0.3102,3,0.5,0.47,3,5,5.08,470.29319,0.43,10,643.64,1,0.37,2.82653,5,3,4.28041,24,0.5,2,3,426.23538,225.99185,286.06,40,0
2019-02-10,"Standard","Fossil",0.37,3,0.5,0.5,3,5,5,399.43,0.5,15,638.31,0.71,0.4,2.77,5,3.70551,4,24,0.5,2,2.14,429.27484,243.73,286.04,40,0
2019-02-11,"Standard","Fossil",0.36,2,0.38,0.49,3,5.79133,5,360.09538,0.5,15,576.17943,1,0.5,2.32,5,4,4.9802,25,0.5,2.7201,3,437.62,283.49,273.97342,40,0
2019-02-12,"Standard","Fossil",0.37,2,0.5,0.37,3,6,6.60939,394.36,0.49,10,572.32438,1,0.37,2,5,4,4,25,0.9,2,3,505.87758,372.08446,277.08746,40,0
2019-02-13,"Standard","Fossil",0.37,3,0.5602,0.37,4,6,7.53181,399.34,0.48,13,574.08,1,0.37,3,5,4,4.0404,24,1,2.62,3.17,532.21,260.69,262.6,40,0
2019-02-14,"Standard","Fossil",0.38,3,0.5,0.5,4,7,8,359.29437,0.53,13.66,573.33,1,0.39,3,3.01515,4,4.06556,22.85515,0.5,3,3,574.08,215.28,215.37,40,0
2019-02-15,"Standard","Fossil",0.39,3,0.5,0.5,3,7,5.38006,358.8,0.47515,13.68618,561.97993,0.96,0.39,3.88,3,4,4,20.37535,0.5,2.13515,3,574.08,286.9575,215.28,40,0
2019-02-16,"Standard","Fossil",0.39,3,0.4,0.4,3.06005,7,7,377.25,0.39,14.18152,563.35984,1,0.39,3,4.44,5,5,20.00283,0.48005,2,3,574.12,287.06,215.3,40,0
2019-02-17,"Standard","Fossil",0.4,3,0.4,0.4,3.90505,7,7,418.07,0.4,15,522.76,0.5,0.4,3,4.48505,5,4,21.89566,0.49,2,3,562.22,347.33469,215.92,38.28,0
2019-02-18,"Standard","Fossil",0.4,3,0.41,0.4,3,8,8,421.76,0.41,15,434.88,0.97,0.4,3,5,4.76015,4,21.4701,0.47015,2,3,501.59,232.43,217.3,33.46667,0
2019-02-19,"Standard","Fossil",0.4,3,0.5,0.44,4,7.5,8,436.38,0.43505,14,436.38,0.97505,0.4,3,4.86525,5.97525,4.26,22,0.46,2,3,435.80108,254.41,202.35,30,0
2019-02-20,"Standard","Fossil",0.4,3,0.49,0.42005,4.45061,8,8,437.97,0.47,13,436.38,1,0.4,3.68005,5,6,5,22,0.5,2,3.16,386.28,276.95,189.74,30.36,0
2019-02-21,"Standard","Fossil",0.4,3,0.49,0.48,4,8,8,439.47,0.44,13.84,432.82,1,0.4,4,4.9703,6,4.03,20.41,0.41505,2,3.66,409.57,218.52,146.57634,30.36,0
2019-02-22,"Standard","Fossil",0.4,3,0.61,0.5402,4,7,8,402.14257,0.4,15,419.27613,1,0.4,4,6,5,4,20,0.4,2,4,361.54688,280.08,146.99,30,0
2019-02-23,"Standard","Fossil",0.39,3,0.49,0.41,5,8,8,443.79,0.43505,15,424.30759,1,0.39,4,5,5,4,20,0.5,2,3,321.13648,276.79653,147.95022,30,0
2019-02-24,"Standard","Fossil",0.43505,3,0.69,0.39,4,7.78,8.02,444.72458,0.5,15,439.69571,1,0.39,4,5,5,4,20,0.4702,2,3,296.06,291.13423,148.03,30,0
2019-02-25,"Standard","Fossil",0.39,2,0.46,0.39,4.81,8,9,495.75,0.39,15,425.9497,1,0.39,3,4.72,4,4,20,0.5,2,3,296.06,294.0921,148.03,30,0
2019-02-26,"Standard","Fossil",0.4,2,0.5,0.46,4.44535,7.6703,9,495.61781,0.5,15,432.47317,1,0.4,3.69051,4.4,5,4,21.12,0.5,2,3,295.15404,294.21939,147.56394,36.07,0
2019-02-27,"Standard","Fossil",0.4,2,0.47505,0.5,5,8,9,587.96,0.4,15,441.24092,1,0.4,4,5,4.11,4,20,0.5,2,3,294.24,293.79253,147.13408,36.13,0
2019-02-28,"Standard","Fossil",0.4,2,0.4401,0.5,5,7,8.5,585.84,0.4,15,435.14113,1,0.4,4,4.48111,4,4,20,0.48,2,3,292.92,230.72389,146.46,30,0
2019-03-01,"Standard","Fossil",0.4,2,0.4,0.47,5,7.19,9,585.84,0.4,15,440.13446,1,0.4,4,5,4.33,4,20.9,0.4,1.74515,3,238.69,213.44,146.86452,38.145,0
2019-03-02,"Standard","Fossil",0.4,2,0.4,0.51,5,7,9,508.1,0.4,15,442.47,2,0.4,3.06,5,5,4,20.75,0.4,2.09192,3,221.24,206.49,147.49,38,0
2019-03-03,"Standard","Fossil",0.4,2.72,0.41,0.53,3.9802,7,8,554.14,0.4,15,441.198,2,0.4,3,4.8101,4,4,21.74515,0.4,2,3,220.56798,205.8602,147.10812,30.2,0
2019-03-04,"Standard","Fossil",0.4,3,0.49,1,4,7,7,500.26,0.4,13.57586,441.84969,1,0.4,3,4,4,3.03535,20,0.46,1.28,2.1,221.24,205.9201,147.49,30,0
2019-03-05,"Standard","Fossil",0.17,2,0.5,1,4,6.3,7,522.15,0.4,14,422.76,1,0.4,3,4,4,3,20,0.5,1.28,2,221.24,206.49,147.49,30,0
2019-03-08,"Standard","Fossil",0.36,2,0.63,0.5,5,7,5,502.53,0.37,14,507.99212,1,0.37,2.29,4.2,5,4.22,20,0.46,2,3,254.51015,335.02,171.03131,30.65,551.07
2019-03-09,"Standard","Fossil",0.36,2,0.36,0.46,5,6,2,487.56,0.36,14,487.56,1,0.36,3,5.46,4.58025,4,20,0.36,2,3,249.95015,325.04,322.59,30,480.75857
2019-03-10,"Standard","Fossil",0.36,2,0.72,0.42525,5,6,2,468.51091,0.36,14,497.47162,1,0.36,4.03,5.29535,5,4,20,0.36,2,3,251.83,296.89162,304.2902,33.81,467.95485
2019-03-11,"Standard","Fossil",0.47,2.01,0.55,0.47,5,6,2.46035,468.45318,0.37,14,472.71015,1,0.37,3,5,5,4.69015,20,0.37,1,3,249.78,298.17202,299.66,33.69,466.48753
2019-03-12,"Standard","Fossil",0.39,2.18,0.54,0.8,5,6.22,2,465.27,0.38,14,528.86,1,0.38,3,5,5,5,20,0.38,1,3,255.25505,297.52535,279.55,33.03,460.29646
2019-03-13,"Standard","Fossil",0.47,2.37,0.57,1,5,5,2,460.68015,0.37,14,545.65657,1,0.37,3,5,5,4.24,20,0.37,1.42,3,238.93005,296.8701,268.5416,33.07,448.64
2019-03-14,"Standard","Fossil",0.37,2,0.37,0.44005,5.0201,7,2,465.06061,0.37,14,506.43066,1,0.37,3,5.03,5,5,20,0.49,1.54,3,242.54,257.71076,275.84462,30,465.06061
2019-03-15,"Standard","Fossil",0.37,2,0.42,0.48,6,7,2,465.09,0.37,14,465.09,1,0.37,3,5.57,5,4.4201,20,0.42,1.71,3,257.92,257.79,259.29,30,465.09
2019-03-16,"Standard","Fossil",0.37,3,0.53,0.5,7,6.41,2.23,467.85,0.5,14,466.47,1,0.37,3,7.42,5,5,20,0.5,1.97,3.18,230.66,221.29379,233.92,30,406.07091
2019-03-17,"Standard","Fossil",0.37,3.04045,1,0.39035,8,7,2.2,469.74,0.39,14,375.07247,1,0.37,3,5.88,5,5,20,0.4601,1.67,3.43,202.04813,183.57,234.87,30,421.34
2019-03-18,"Standard","Fossil",0.38,3.44,1,0.37,7.54,7,2.57,472.23,0.39,13.62192,628.40081,1,0.37,4,6,5,5,20,1,1,3.4,207.06,246.91,236.12,30,393.52
2019-03-19,"Standard","Fossil",0.39,4,1,0.54,8.46,6.9701,5,472.5,0.45,14,372.48,1,0.38,4,6,5,5,20,0.47,1.6102,4,250.34,251.1,236.2,30,360.6701
2019-03-20,"Standard","Fossil",0.41005,4,1,0.6001,9.05005,6.28,5,472.56,1,14,487.62,1,0.38,4,7.05,6,5,21.76,1,2,4,259.64,263.11,157.1803,30,362.61
2019-03-21,"Standard","Fossil",0.38,4,1,0.38,8.04056,7,8,470.3985,0.54,10.53,431.66,1,0.38,4,6.36005,5,5,23.38,0.74,2.25,4,265.81,281.43,156.8701,30,313.7402
2019-03-22,"Standard","Fossil",0.38,4.12,0.85,0.38,9,6,7.41061,472.56,0.42,10,393.7801,1,0.38,3.96,6,5,6,25,0.56,1.23,4,315.02,236.28,157.52,34.29,315.04
2019-03-23,"Standard","Fossil",0.5,4,1,1,10,6.92535,7.28687,0,0.51081,10.48211,375.04182,1,0.44556,3.20202,6,5.12626,5,25,0.64,3.24051,4,295.62,237.57,157.57515,34.35,315.1503
2019-03-24,"Standard","Fossil",0.5,4,1,0.39,9.56525,5.12616,7,0,0.39,10,393.8,1,0.45,3,6,5,5,25.16,0.39,4,4,274.99417,236.74111,157.52,34.03,315.2002
2019-03-25,"Standard","Fossil",0.49,4,0.49,0.39,8,7,8,0,0.39,10,393.8,1,0.39,3,7.74,3.8702,4,25,0.39,4,4,276.73,236.28,155.78,35.48,315.04
2019-03-26,"Standard","Fossil",0.4,5,1,0.4,12,7.26,8,0,0.4,10,392.7,1,0.4,3,7.63,4,4,25,0.4,3,3.71,269.07,199.78,156.78,37.99,313.56
2019-03-27,"Standard","Fossil",0.46,5.44172,1,0.39,10.42505,7.88,8,0,0.43,11.44,469.56,1,0.39,3,7.44556,4,4,25,0.48,3.46545,4,243.25563,190.95,100,36.82,313.04
2019-03-28,"Standard","Fossil",0.46505,5,1,0.39,11,8,8,0,0.39,10.79684,470.71515,1,0.39,3,10,4,5,26,0.39,4,4,277.08,203.49,96.79,40,313.82
2019-03-29,"Standard","Fossil",0.5,5,1,0.5,11.7503,9,8.34,0,0.39,10,393.29,1,0.39,3,10,4,6.27,26.82,0.39,3.99,4,281.36,206.84,96.43,40.71,313.04
2019-03-30,"Standard","Fossil",0.39,6,0.69,0.5,15,8.62,8.09,0,0.5,10,392.95,1,0.39,3.05,9,7.2002,4,27.54,0.39,3.9,4,236.25,207.08,106.5901,40,314.36
2019-03-31,"Standard","Fossil",0.41,5,0.74,0.9301,15,8.07,10,0,0.39,10.14,333.69,0.75,0.39,2,9,6.0101,5,28,0.5,3.0404,4.33051,234.82,208.76215,147.19,38.36,313.04
2019-04-01,"Standard","Fossil",0.39,5,1,1,15,8.45505,10,0,0.39,10,391.3,1,0.39,2,10,7,5,29.68,0.39,4,5,234.44713,163.18625,156.10505,33.04,312.83071
2019-04-02,"Standard","Fossil",0.49505,5,1,0.39,15.4901,9,10,0,0.39,10,593.35111,0.92,0.39,3,10,6.5304,5,32.64879,0.39,3.67,5,217.12,196.23667,154.79025,30,309.27071
2019-04-03,"Standard","Fossil",0.39,5,1,0.45,16,9,10,0,0.39,10,442.81333,0.76005,0.39,3,10,6,5,40,0.39,3.69015,5,230.58,183.42526,155.54,30,308.9
2019-04-04,"Standard","Fossil",0.39,4.29,1,0.64,17,9,10,0,0.39,10,407.5804,1,0.39,3,10,5,6,40,0.39,4,5,229.12039,160.91151,189.02778,30.21,305.53051
2019-04-05,"Standard","Fossil",0.39,5,1,0.39,15,9,9,0,0.39,10,431.92515,0.8101,0.39,3,9.84,5,5.6,41.18012,0.39,4,5,229.46016,200.17,177.93396,31.56,304.9802
2019-04-06,"Standard","Fossil",0.39,5,1,0.39,15,10,9,0,0.51,10.55,400.03,1,0.39,3,10,5.24,7,49.92,0.39,5,5,236.15,210.71,200.19214,31.56,379.9
2019-04-07,"Standard","Fossil",0.38,4.67061,1,0.38,14.79035,8,8,0,0.38,11,454.35015,1,0.38,2,9,6,5,45.13,0.41,5,4,237.23,211.88,156.87,30,379.90495
2019-04-08,"Standard","Fossil",0.39,4.39,1,0.55,15,8,8,0,0.39,11,605.84,1,0.39,2.2801,9,5,6.3001,41.76,0.4401,5,3.37,266.93,220,179.64,30,323.97
2019-04-09,"Standard","Fossil",0.39,4.67,1,0.52,14.90596,7,8,0,0.39,9.7,602.96,1,0.47,2.8203,9,5,7,45,0.39,5.94515,3,265.52,214.82,160.58,29.3,301.5901
2019-04-10,"Standard","Fossil",0.39,5,1,1.31045,14.24126,8.71,8,0,0.39,10,449.66152,1,0.39,3,8.74,6.61,9,48.26,1,5.52,3,286.84304,215.06,173.86,29.60947,299.04
2019-04-11,"Standard","Fossil",0.44,5,1,1,14,7.95,8,0,0.5,10,471.84,1,0.38,3,8.68,5,7,49,0.65,5,3.31505,891.18,205.98,173.86,29.69,299.31515
2019-04-12,"Standard","Fossil",0.43,5,1,1,15.00045,7,8,0,0.57,9.51,676.49071,1,0.38,3,8,6.4702,7.38,49.3701,0.48,5,3,400.83015,202.64,148.95938,25,298.57034
2019-04-13,"Standard","Fossil",0.45,5,1,1,14,7,8,0,0.50505,10,445.69545,1,0.38,2.20051,7.28515,6.68,7.8301,48.65,0.38,5,3.55,297.44,209.06,148.57468,25,445.6203
2019-04-14,"Standard","Fossil",0.38,4,1,0.86015,14,7.05,8,0,0.63,9.80348,445.59,1,0.38,1.8,9,4,6,47.85005,0.49,7.45045,3.19,360,200,148.53,25.69,416.97025
2019-04-15,"Standard","Fossil",0.49505,4,1,0.38,13.07545,9,7.39,0,0.38,9.9,445.59,1,0.38,1,9,5,7.3501,45.27,0.64,4.35556,3,283.24,200,148.53,29.09,371.32
2019-04-16,"Standard","Fossil",0.38,3,1,0.38,11.76,9,6.28,0,0.49005,10,443.97,1,0.38,2,9,6,7.7201,50,0.56005,4.69,3,296.2403,200,148.12,23.36,370.3004
2019-04-17,"Standard","Fossil",0.5,3,1,0.52,15.48056,9.42,7,0,0.38,10,378.5,1,0.38,1.99,9,5.47025,8.92,50,1,4.12242,3,295.98,200,147.99,30,369.98
2019-04-18,"Standard","Fossil",0.39005,3,1,0.5,14.94015,9.05035,7,0,0.82,10,401.03,1,0.38,2,9.76,5.7401,9,50,0.65,5,3,372.68051,200,190.92234,30.07,371.7001
2019-04-19,"Standard","Fossil",0.51,3,0.94,0.55,17.7103,8.6002,6.58,0,0.48,10,400.68242,1,0.38,2,8.08586,6.22505,8,51.46879,0.47,9.38,3,335.59,203.97206,193.47,29.55,376.74
2019-04-20,"Standard","Fossil",0.4602,4.0702,1,0.63,15,10,5.96,0,0.62,10,446.88,1,0.38,2,10,6,9.0104,50,0.63,9.24,3,321.68,277.62,177.00298,27.64,418.56
2019-04-21,"Standard","Fossil",0.38,5,1,0.9,12.6003,10,6,0,0.46,10,447.79667,1,0.38,1,8,5,6.32,50,0.54515,8,3,323.47091,217.85083,167.7733,30,432.19
2019-04-22,"Standard","Fossil",0.38,4,0.83,1,14.72,12.41,6,0,0.38,9,422.32253,1,0.38,1,7.3902,5,8,50,0.38,7.6901,2.55056,341.17005,252.17632,172.95,28.8,438.9504
2019-04-23,"Standard","Fossil",0.41505,3.3502,1,0.57,10,12,6,0,0.63,9,418.62,1,0.38,1,7,4,8,50,0.6701,5.9301,2.21,396.22,301.28,196.14,25,437.52
2019-04-24,"Standard","Fossil",0.5,3.40005,1,0.52,17,11.0747,6,0,1,9.67,440.79,1,0.45,1,8.23005,4.9602,9,50,0.6301,4.99,2.94015,301.92,301.92,160.35126,25,417.38
2019-04-25,"Standard","Fossil",0.5,3,1,0.48,14.89005,11.38,6,0,0.87,9,420.72197,1,0.52005,1,8,5,9,50,0.45,5,2.39,302.92,302.92,151.46,25,428.36
2019-04-26,"Standard","Fossil",0.44505,3,0.69,0.59,17.5203,14,6,0,1,9,425.97939,1,0.5,1,8,5,9,50,0.59,8.57505,2,304.6101,304.56787,152.30505,25,605.28404
2019-04-27,"Standard","Fossil",0.38,4,0.81,0.43,17.03091,15,6,0,0.6701,9,446.4004,1,0.38,2,8,5,8.02,50,0.38,6.7402,3,304.5204,272.25005,152.2602,25,609.04081
2019-04-28,"Standard","Fossil",0.39,4,1,0.40505,15,20,6,0,0.39,9.26,462.42667,1,0.39,2,9,6,9.31515,50.10061,0.39,6.55,3,305.64,230.24,152.82,25,580.44576
2019-04-29,"Standard","Fossil",0.39,3.06,1,0.42,15,20,6,0,1,9,459.54015,1,0.39,1,7.9403,5,8.68005,50,0.65005,8,3,306.3601,253.6002,153.18005,25,608.8502
2019-04-30,"Standard","Fossil",0.39,3,1,0.39,17.8201,17.4501,6.7,0,1,9,478.94515,1,0.5,1,9,5,9,50.41,1,9,3,308.9101,232.36515,154.45371,25,617.8202
2019-05-01,"Standard","Fossil",0.40005,3,1,0.39,14.01146,17,6,0,0.98005,10,489.54,1,0.39,1.72,9,5,10,60,0.5,8.87015,2,307.98,253.51,153.99,25,615.96
2019-05-02,"Standard","Fossil",0.43,3,0.82505,0.39,15,16,6,0,0.76515,10,483.18,1,0.57,1,8,5,8.4,55,0.39,9.12,1.91,307.84138,230.92,153.74,25,614.96
2019-05-03,"Standard","Fossil",0.64015,3,1,0.53,10.5304,14.56,6,0,0.49,10,426.37157,1,0.57,1,9,5,9,50,0.4,9.48,1,304.9001,290.02015,152.44628,25,583.31909
2019-05-04,"Standard","Fossil",0.39,2.69,1,0.9,15,15,5,0,1,10,434.94157,1,0.39,1,8.65025,4.95015,8.4202,50,0.4,10,2,296.49,302.54051,151.46,25,518.99
2019-05-05,"Standard","Fossil",0.39,2,1,0.4,14.10535,15,5,0,1,10,446.88,1,0.4,1,8,4,8,50,0.4,10,2,278.46,222.72,149.74,24.95,502.94758
2019-05-06,"Standard","Fossil",0.4,3,1,0.4,11.42051,12.89,5,0,1,10,442.47,1,0.4,1,9,5,7,50,0.4,6.09,2,265,219.06121,148.50995,39.44,408.84152
2019-05-07,"Standard","Fossil",0.4,3,1,0.5,10,13.29,5,0,1,10,445.59,1,0.4,1,8,4.46066,8,50,1,6,2,270.61,206.65313,148.53,23,424.42
2019-05-08,"Standard","Fossil",0.45505,2.7,1,0.61,10.91,12,5,0,0.81,9.55,445.59,1,0.4,1,8,5,7.91525,50,1,5,2,254.46,204.37,147.04,25.84,445.59
2019-05-09,"Standard","Fossil",0.64,3,1,0.4,12,10,5,0,0.85,9.43,446.88,1,0.43,1.01,7,5,7,50,1,6,1.93005,248.9,223.44,147.57,25.84,408.59
2019-05-10,"Standard","Fossil",0.48005,2,0.99005,0.5801,11,10,5,0,0.74,10,446.88,1,0.56,1,7,6,8,50,0.55005,7.1,2.5,284.76066,218.23,148.86823,136.79015,442.69
2019-05-11,"Standard","Fossil",0.41,2,0.67,0.53,12,10,5,0,0.62,10,423.93,1,0.83,1,5,5.54,8,50.35,0.63,6.32,1.75,289.83606,198.23,149.13,17.6,444.65545
2019-05-12,"Standard","Fossil",0.4,2,1,0.41,10.8301,10,5,0,0.88505,10,439.52,1,0.64,1,5,5,8,51.17,0.42,6.15,2,291.2601,270.42,150.26,17.6,437.68515
2019-05-13,"Standard","Fossil",0.4,2,1,0.4,10,10,5,0,0.67,10,451.35015,1,0.63,0.72,6.62,5,8,53.82,0.4,6,2,266.57015,225.68005,149.6202,18.75,436.30015
2019-05-14,"Standard","Fossil",0.4,2,1,0.4,9,10,5,0,0.99,11.41,452.2803,1,0.53,0.9801,5,4,7,57.64015,0.4,5.45,2,255.7701,226.14015,150.69045,14.81,436.33
2019-05-15,"Standard","Fossil",0.4,2,1,0.4,9.3301,9,5,0,0.8,13.22,451.98,1,0.4,1,5.59177,5,7,60,1,5,2,227.19,226.44,150.79,14.93,433.66
2019-05-16,"Standard","Fossil",0.4,2,1,0.4,10,8.7601,5,0,0.4,15,344.08,1,0.4,1,6,5,7.94,60,0.84,5,2,254.85,226.53,151.02,29.92,424.2
2019-05-17,"Standard","Fossil",0.4,2,1,0.4,10,8,5,0,0.42,14,446.00202,1,0.4,1,7,4.95,7.29505,60.42,0.45,7.76,1.03525,245.49566,226.50505,151.15505,23.19,413.27111
2019-05-18,"Standard","Fossil",0.41,2,1,0.41,10,8,5,0,1,11.54,452.26,1,0.41,1,7,5,9,62.86,0.82,9,2,233.87,219.08,151.46,23.19,422.97
2019-05-19,"Standard","Fossil",0.41,2,1,0.41,10,10,5,0,0.80005,11.46005,451.87318,1,0.41,1,5,5,10,64.14,0.84,9.30126,2.84005,227.19025,219.95,185.9701,22.26,424.0904
2019-05-20,"Standard","Fossil",0.42,1.46,1,0.42,10,10,5,0,0.42,11,434.01,0.99,0.41,1,5,5,10,65.46,0.49071,9.12,2.9,228.5101,220.37,188.14,28.02,428.61101
2019-05-21,"Standard","Fossil",0.55,3,1,0.5,9.97525,10,4.36505,0,1,13.48,454.38,1,0.42,1,5.40061,5,9,64.59,0.78,8.77,3,229.77,220,191.35,28.62,500.31535
2019-05-22,"Standard","Fossil",0.57,2.0101,1,0.54,10.8,10,4,0,0.92,10.57,454.38,1,0.42,1,8.01515,5,9.07505,60,0.91505,6.82,2.53,227.19,220.28,197.59,26.96,418.41
2019-05-23,"Standard","Fossil",0.5,2,1,0.42,11,9.33,4,0,0.55505,10,454.29,1,0.42,1,8.3,6,8.24,60,0.5,7,3,227.19,227.19,151.2,24.87,426.2701
2019-05-24,"Standard","Fossil",0.43,2.18005,1,0.44,12,10,4,0,0.96,10,395.26015,1,0.42,1.51,8.86005,5,9,69.47,0.5,10,2,228.03369,227.16,150.81808,25.3,440.85222
2019-05-25,"Standard","Fossil",0.42,2,1,0.44,12.76121,11,4,0,1,9.66,382.48,1,0.47,1,9,5,8.00096,68.74,0.44,10,2,221.52,210.12308,138.88343,28.17,451.74
2019-05-26,"Standard","Fossil",0.43,2,1,0.4603,10.88,11,3.69,0,1,9.94,383.8002,1,0.43,2,8.06,5,7,67.44,0.5,8.47616,2,231.86,256.96545,221.68,24.34303,456.6803
2019-05-27,"Standard","Fossil",0.43,2,1,0.56,10,11,3.98,0,0.67,10,438.97101,1,0.43,1.0701,8.91045,5,7,66.56556,0.73005,9,2,229.8403,275.73,293.2,24.28,461.39
2019-05-28,"Standard","Fossil",0.42,2,1,0.65,10,10,5,0,0.88,10,389.22,1,0.41,1.6,9,5,6,70,1,10,3,233.54,279.1,311.08,24.53,466.75576
2019-05-29,"Standard","Fossil",0.46505,2,1,0.65,10.14,9.92061,5,0,1,10.77,403.19515,1,0.41,2,6.02525,7,6.69545,70,1,10,3.3703,233.29515,251.46515,304.42515,24.62,466.62
2019-05-30,"Standard","Fossil",0.41,2,1,0.87,10.16,10,4.92,0,1,13.93,412.93,1.92,0.41,2,8,7,7,70,1,7,3,219.53,234.75,234.75,25.7,469.5
2019-05-31,"Standard","Fossil",0.44,2,1,1,14.1,8.65,4,0,0.57,13,375.48556,3,0.42,1,7.89606,5.49,5,72,0.48505,9,4,215.15616,237.74,254.27727,25.84,391.8197
2019-06-01,"Standard","Fossil",0.46,2,1,1,13.06,8.53,4.73,0,1,13,400.55,5,0.41,1,9,6,6.19,75.68,0.52,9,4,205.85,398.72,232.04035,30,205.32035
2019-06-02,"Standard","Fossil",0.48,2,1,0.8501,12,8.36505,4,0,1,12.94,377.80071,4.73152,0.38,2,6.49556,5,5,78.99,0.42,9,3.57,230.61263,249.52273,238.84141,28.74,423.79
2019-06-03,"Standard","Fossil",0.74,3,1,0.54,12,9,4,0,1,13,399.25071,3.85207,0.37,1.37162,8,5.06576,8.66,77.53,0.5,10,4.6,182,337.27222,253.30515,30,413.11
2019-06-04,"Standard","Fossil",0.5,2,1,0.5,23.76293,9,1.36,0,1,13,492.03,1,0.4501,1,9.49035,5.3804,7,75,0.5,5,8.82,192.33,372.57152,140.39,29.21,580.19268
2019-06-07,"Standard","Fossil",0.53005,1,1.68086,0.5,25,9.45,3.8,0,1,13,513.07247,1,0.5,1,12.32,5,10,100,0.49,10,14.70066,226.17,463.14222,251.04045,24.0003,503.8102
2019-06-08,"Standard","Fossil",1,1,1,0.5,15.91,10,4,0,1,13,471.57051,1,0.5,1,12,5.31,8,120,0.5,10,14.52,204.03697,460.88323,248.69172,20,497.38848
2019-06-09,"Standard","Fossil",0.5,1.9201,1,0.5,10,8.1,4,0,1,13,462.71,1,0.5,1,10,5,7,144.9602,0.49,6.95,14,206.6,441.86,239.25,20,478.5
2019-06-10,"Standard","Fossil",0.32,2.58,1,0.48,10,9.28,4,0,1,12.93,460.46,1.39061,0.5,1,10,5,8.36934,149.72,0.68,7.40015,14.00212,203.18152,442.4004,236.86025,20,473.73045
2019-06-11,"Standard","Fossil",0.32,2.70515,1,0.59,10,9,3.65,0,0.62,12,451.75141,1,0.33,1,10,6,6,150,0.56505,8.04,15,179.98525,437.6403,234.3603,20,468.72061
2019-06-12,"Standard","Fossil",0.36,2.89515,1,0.87,10,9.17091,2.67525,0,0.65,12,436.66,1,0.5,1,10,6,12.41,150,0.61,7,14.43,159.7202,435.64071,233.3804,20,466.75576
2019-06-13,"Standard","Fossil",0.34,1,1,0.62,10,10,3.17,0,0.49,12,465.30545,1.04,0.34,1,10,6,10,139.6604,0.34,7,14,164.40505,436.23071,220.97,19.72,465.8703
2019-06-14,"Standard","Fossil",0.37,1,1,0.53,9.54,10,4,0,0.64,10,164.7403,2.03,0.37,1,14.12,4,9.42,100,0.37,7,14,162.70025,334.9103,224.13015,19.84,402.85025
2019-06-15,"Standard","Fossil",0.37,1,1,0.52,9,10,4,0,0.4501,10,455.95,1.99,0.37,1,12.13,5,10,90,0.37,8.65,12.43,153.62,403.48066,210.99005,19.88,412.5201
2019-06-16,"Standard","Fossil",0.48,1,1,0.46,7,10,4.33,0,0.62,8.45,419.1601,1,0.34,1,11.30505,5,8.86535,81.35404,0.5,10,10,153.86505,403.30818,154.1702,19.94,427.2803
2019-06-17,"Standard","Fossil",0.49,1,1,0.38,5.51424,8,4.59005,0,1,8.45,402.74025,1,0.36,1,11,5,8,81.6,0.52005,10,10,154.48005,403.59,154.49,19.95,416.96
2019-06-18,"Standard","Fossil",0.38,1,1,0.39,6.18,7,4.14,0,1,9,382.58101,2.1,0.38,1,10.9403,5,8.5303,78.22,0.39,10,9,153.30025,403.09,153.0304,19.78,383.82
2019-06-19,"Standard","Fossil",0.38,1,1,0.39,5,5.84,4,0,0.44,8,383.15025,2.71,0.38,1,12,4,9.1301,70,0.38,15,9.6,153.6002,401.8604,175.22005,19.68,383.72
2019-06-20,"Standard","Fossil",0.38,1,1,0.99,5,5.44,4,0,0.48005,8,360.18131,1.95005,0.38,1,12,4.1602,8.09,70,0.38,15,9,175.63,410.26,201.38,19.6,382.58
2019-06-21,"Standard","Fossil",0.38,1,1,0.38,5,6,4.5,0,0.38,8,347.76035,1,0.38,1,12.63,5,8.60192,70,0.51,13.47,7,180.31005,439.36409,204.2301,18.77,342.43
2019-06-22,"Standard","Fossil",0.39,1,1,0.4,3,7,6.11,0,1,7,372.3,1,0.40505,1,14.65,5,7,70,0.48,15.62,6.80697,183.06323,410.71374,208.59,13.29,350.41677
2019-06-23,"Standard","Fossil",0.39,1,1,0.5,3,6,5.63045,0,0.4,6.38,381.32,1,0.70025,1,11.86081,5,5,70,0.42005,14.70005,7,205.01,441.90429,196.53,12.96,353.22
2019-06-24,"Standard","Fossil",0.39,1,1,0.41515,3,7,6.39,0,0.39,7.29,380.17,4.0504,0.39,1,19.27,4.96,8,64.24182,0.48,17.69616,8,206.59,437.82891,202.60141,12.96,359.12
2019-06-25,"Standard","Fossil",0.39,1,1,0.39,2.67,7.2804,6.31015,0,0.4,7.04,396.45025,2.14,0.39,1,17.15,6,5.26,68.65263,0.5,20,9,181.07223,414.65725,120.05,13.57,358.78096
2019-06-26,"Standard","Fossil",0.72,1,1,0.47505,4,6,6.12,0,0.5,8,388.0101,1,0.4,1,14.06505,5,6.28263,68.23818,0.4,14.68141,7.78556,190.6231,315.22493,294.37061,15.37,361.99071
2019-06-27,"Standard","Fossil",1,1,1,1,4,6,6.69,0,0.4,8,389.70303,1,0.4,1.85,14.90505,5.76505,4.12515,68.18,0.5,15.29,8.20525,215.10091,336.1469,234.78,15.47,358.87
2019-06-28,"Standard","Fossil",1,1,1,0.73,4,6,6.99,0,0.82,8,469.56,1,0.41,1.92,14.99005,6.96,9.06,60,0.5,20,9,219.13,313.72404,234.78,16.02,358.87
2019-06-29,"Standard","Fossil",0.48,1.16535,1,0.52525,2.48,6,6.15,0,1,8,469.56,1,0.41,1,18.42,5,10,60,0.49,21,8,219.13,313.04,198.28,14.92,347.67525
2019-06-30,"Standard","Fossil",0.5,1,2,0.45061,3.18,6,7,0,0.41,8,471.06,1.18,0.41,1,15.67091,5,10,60,0.41,19.91,6,219.83,314.04,156.54,14.05,354.78
2019-07-01,"Standard","Fossil",0.41,1,1,0.72,3,6,7.3903,0,0.41,8,484.15015,1.75,0.41,0.85,19.32035,4.00308,10,60,0.41,20,7,190.73,312.32061,200.63015,13.84,377.09106
2019-07-02,"Standard","Fossil",0.41,1,1,0.55071,3,6,8,0,0.41,7.66,408.33,1,0.41,0.67,14.95025,3,10.7204,60,0.45,20,6,174.6,313.8,328.65,16.91,379.2404
2019-07-03,"Standard","Fossil",0.41,1,1,0.5302,3,7.49,5.89063,0,0.4,6,443.22,5,0.4,0.72,20,3.90005,10,60,0.72,22.93,6.1602,188.42,314.04,104.6702,16.91,376.85
2019-07-04,"Standard","Fossil",0.4501,1,1,0.47,3,7,5.82901,0,0.91,6,466.22525,4.90515,0.41,0.73,21,3.85051,10,60,0.72,25,7,188.12,279.37,127.99,15.86,376.85
2019-07-05,"Standard","Fossil",0.81,1,1,0.41,3,7,5.12,0,0.56005,8,452.1004,4,0.41,1,20,4,10,60,0.68005,20,9.02035,173.62,363.94,164.39,16.04,377.53
2019-07-06,"Standard","Fossil",0.49,1,1.64045,0.69,3,6.53086,5,0,0.42,8.54,406.11015,5,0.46,1,20,4,10,60.24,0.49,22.43076,9.33,176.04005,316,207.61,19.58,336.2
2019-07-07,"Standard","Fossil",0.41,1,1,0.9001,3,4.54505,5.46,0,0.41,8,407.41566,2.98,0.5,1,19.0904,4,10,64.91586,0.41,25,9,179.0701,315.22586,206.67515,19.5,316.78
2019-07-08,"Standard","Fossil",0.72005,1,1.7,0.57,3,5,7.83,0,0.88,8.79,558.1404,4.32126,0.41,1,19,5,10,70,0.41,24,9,170.67,252.04,202.6,19.52,318.95505
2019-07-09,"Standard","Fossil",0.77,1,1,0.7,3,5,6.16,0,0.41,8.64,479.77515,6,0.41,1,19.19505,5,10,70,0.43505,24,8,159.9002,184.46939,204.21,19.78,319.4286
2019-07-10,"Standard","Fossil",0.62,0.85,1,0.89,3,5.0401,6.84313,0,0.41,9.3,440.49056,6,0.42,0.91,16.48,5,10,70,0.49,24.12,8.11,160.00071,319.54232,157.8403,19.92,320
2019-07-11,"Standard","Fossil",0.95,0.86,1,1,3,4,7,0,0.66005,10,472.6301,3.04,0.42,0.69,17,4.43,10,70,0.72,21.40106,9,161.2901,322.4002,152.85,19.91,322.39859
2019-07-12,"Standard","Fossil",0.5,1,1,1,2.09,5.88,7,0,0.87,9.19867,469.90101,3.27,0.42,0.5002,22.43025,6.33338,10,72,0.73,23.81005,9,161.5,323,133.26,19.82,322.98808
2019-07-13,"Standard","Fossil",0.42,1,1,1,2,6,7,0,0.86,10,449.31146,5,0.41,0.89,22.8101,8,10,70,0.56,23.73045,8.7,226.37,322.4201,147.46025,19.75,322.41811
2019-07-14,"Standard","Fossil",0.41,0.41,1,0.99,2.4701,6,8,0,0.41,10,481.47,5,0.41,0.68535,22,5.21,10,70,0.41,25,6,231.3001,322.8602,181.86525,20,321.076
2019-07-15,"Standard","Fossil",0.72,0.51,1,0.89,2,8,9,0,0.41,10.39,482.40061,4.04162,0.5,0.7001,20,6,10,70,0.46,23.92081,6.03,233.64364,328.97,204.28,20.93,320.04
2019-07-16,"Standard","Fossil",0.42505,0.57,2,0.86,2,7.25141,9.48,0,0.74,14.22,484.80303,5,0.5,0.86,24,6,11.68071,60,0.41,20.99,6,173.98,334.71798,167.11,20,321.88731
2019-07-17,"Standard","Fossil",1,1,2,1,2,7,9.62,0,0.9,15,460.70242,5,0.5,0.89,24,6,12.38,60,0.43505,20,7,172.5702,421.43051,181.57,20,303.87181
2019-07-18,"Standard","Fossil",1,1,2,0.84,2,7,10,0,0.75,15,462.90561,7,0.49,1,20.95005,5,14.69005,60,0.45,23.9501,8.66005,218.49,371.77,212.64,20,300.12
2019-07-19,"Standard","Fossil",0.5,1,1,0.56,2,7,10,0,0.5,15,481.60298,5,0.42,1,20,4,12.91045,60.00328,0.49,24,9,223.24,408.85,204.43,19.99,310.95977
2019-07-20,"Standard","Fossil",0.54005,1,1.35005,0.91,2,6,10,0,0.42,15,477.84369,4,0.42,1,22.94,5,14.0603,60,0.5,25,8.8502,185.56,379.40391,208.04,14.97,308.5
2019-07-21,"Standard","Fossil",0.47,0.97,1.43005,1,2,6,10,0,0.42,15,489.95066,6.58005,0.42,1,22,5,14,59.20015,0.42,25,8.73,163.92,391.78406,202.71,14.76,306.99363
2019-07-22,"Standard","Fossil",0.45505,1,3,1,2,8,10,0,0.42,15,493.6102,5.07,0.42,1,20,5,13,60,0.42,23.51,9,150,385.13,206.34,15.06,328.30717
2019-07-23,"Standard","Fossil",0.99,1,1,1,2,6.55,10,0,0.74,15,484.47,6,0.42,1,20,5,12,60,0.43,25,9.56,149.42,413.69,231.1501,14.19,333.22393
2019-07-24,"Standard","Fossil",0.95,1,1.72025,1,3,5.72,10,0,0.60005,15,480.37015,6.51005,0.49005,1,20.7,6,15,65.36,0.48,25,9,167.33,345.5029,234.77035,13.67,334.66
2019-07-25,"Standard","Fossil",1,1,2,1,3,8,10,0,1,15,474.79758,8,0.67,2,20,6,15.84,60.01838,0.95505,24,8,168.6849,366.7736,246.61923,14.8,337.618
2019-07-26,"Standard","Fossil",1,1,2,1,4,9,10,0,1,15,499.51,8,0.65,2,20,6.0001,15.46015,66.62902,0.87,23,10,169.03,420.18,240,18.05,336.94
2019-07-27,"Standard","Fossil",1,1,3,1,4,9,10,0,1,15,494.54015,7.31056,0.65,2,22.9,8,17.94015,67.58,1,24.24,10,220.13,378.59,253.74206,17.57,338.3302
2019-07-28,"Standard","Fossil",1,1,3,1,4,9,10,0,1,15,502.35106,7.69,1,3,22.1802,9,18,70,1,25,13,222.23,400.7,255.001,18.06,340.02
2019-07-29,"Standard","Fossil",0.49,1,3,1,4,8,10,0,1,15,500.53843,6.7501,0.5,3,20.10056,8,17.95,70,0.90005,24.2501,12.54025,223.58,342.08688,256.57911,18.24,342.08262
2019-07-30,"Standard","Fossil",0.92051,1,3,1,4,8,10,0,0.99,15,498.89,8,0.4,3,24,6.82505,16.9703,71.48,0.40505,24.84525,11.9,227.02273,344.06,258.38696,18.4,344.64421
2019-07-31,"Standard","Fossil",1,1,4,1,4.17,7.98,10,0,1,15,482.03,8,0.4,3,23.84,6,18,73.98663,0.48,25,11.52,241.02914,421.37,258.80783,18.16,345.07295
2019-08-01,"Standard","Fossil",1,1,3,1,4.46,8,10,0,1,15,480.61,5,0.41,3.17,24.00081,6,18,77.93,0.58005,28,11,209.89,430.3626,258.8,24.2,345.06
2019-08-02,"Standard","Fossil",1,2.26,4.03,1,5,8,10,0,1,15,482.63,5,0.41,5,25,5.66,18.97005,78.82,0.9,30,12.00146,197.49,414.25,258.8,21.04,345.06
2019-08-03,"Standard","Fossil",1,1.42,4.3004,1,4.99,8,10,0,1,15,483.08,5,0.41,5,24.43061,5,19,80,1,32.93005,13,200.03,347.14,297.27,38.33,345.06
2019-08-04,"Standard","Fossil",1,2,4,0.94005,5,8,9.53,0,0.98005,15,483.03,5,0.41,4,24.74,5,18,75,0.9201,30,13,207.04,345.06,294.61,67.22,344.57889
2019-08-05,"Standard","Fossil",1,2,4,1,6.01005,8.3901,10,0,1,15,468.06905,6,0.49,3.38,24.04,6,16.48045,71.86,1,28.2102,14.51,205.45,345.06,299.22,66.68,258.8
2019-08-06,"Standard","Fossil",1,2,3,1,7.96005,9,10,0,1,15,476.99237,6.20005,0.5,3,24.92005,6,16.11,70.13,1,30,15,232.20944,348.92,299.22,38.8,261.69
2019-08-07,"Standard","Fossil",1,2,2.63015,1,8,9,8.21,0,1,15,437.4,8,0.54,2,25,7.47,20,75,0.44,28.06015,15,212.7,349.92,296.67,39.97,262.44
2019-08-08,"Standard","Fossil",1,2,4,1,7,10,9.54,0,1,15.58,436.4,8,0.59,3,25,5.6801,19.34051,70,0.38,28,15,209.49333,349.22,296.31,40,261.84
2019-08-09,"Standard","Fossil",1,2,3,1,6,9.5504,10,0,1,15,440.01296,6.84035,0.71,3.75005,25,7,19,70,0.6601,28,15,210.13423,399.03,297.71217,39.57517,263.27966
2019-08-10,"Standard","Fossil",1,2,4,1,6.26,10,10,0,1,15,441.55,8,0.9,4.45,25,7.1503,19,75,1,27.36,14,177.11694,418.47,300.14,40,265.04
2019-08-11,"Standard","Fossil",1,1.5404,3,1,6.06,12,9.9403,0,1,15,442.6,7,1,3.54025,25.7101,8,18,70,1,28.16005,15,176.70042,432.71,299.85,43.68,290.01
2019-08-12,"Standard","Fossil",1,1,3,1,6.97,11.5,10,0,1,15,465.07154,7,1,4,24,7,17,70,1,28,13,177.07,392.84848,297.15,57.25,350.01927
2019-08-13,"Standard","Fossil",1,1,3,1,6,10,8,0,1,15,458.05122,5.70045,1,4,20,6.7,16.54035,70,1,28.62,13,177.10713,393.41818,295.28,60,318.3905
2019-08-14,"Standard","Fossil",1,1,2,1,5,10,8,0,1,15,469.12,6.65,1,2,21.6,6,17,70,1,28,13,177.215,369.67364,286.12053,60,295.79
2019-08-15,"Standard","Fossil",1,1,2,1,5,10,8,0,1,15,463.47,6,0.7701,2,25,7,17,70,0.9501,27,13,176.69793,439.55,278.86,54.4,306.26
2019-08-16,"Standard","Fossil",1,1,2,1,5,11,8,0,1,16.44,460.86,6,0.99,2,28,7,17,70,0.55,25.7,13,229.90966,353.705,265.2675,56.48,309.6
2019-08-17,"Standard","Fossil",1,1,2,1,5,10.06061,8,0,1,19.27405,474.71759,5.88121,0.42,2,29,6.53505,17,70,0.52,25.9403,13.53,236.71,353.78912,265.26488,50,325.88718
2019-08-18,"Standard","Fossil",1,1.9,2,1,4,11,7,0,1,18.03,508.97733,5,0.44,2,28,6,15,70,0.5101,27,13.87131,245.35,354.88,266.16,40,338.63525
2019-08-19,"Standard","Fossil",1,1,2,1,4,11,7.95,0,1,17,464.86146,5,0.33,2,25,6,15,70,0.56,27,12,245.71,340.24,265.9278,42.28,348.42
2019-08-20,"Standard","Fossil",1,1,2,1,3,11,8,0,1,17.70392,474.44,5,0.33,1.98515,25,5.84,15,70,1,29.58535,14,245.31,314.45,265.05854,42.73,353.39841
2019-08-21,"Standard","Fossil",1,1,2,1,2.56,11,9.22,0,1,16.98738,482.36015,5,0.32,2,25,8,15.04,70,1,30,13,237.99,300.19,264.87,41.55,354.05667
2019-08-22,"Standard","Fossil",1,2,3,1,3,11.64545,9,0,1,17,468.73354,7,0.31,2,24.50515,7.48545,15,70,1,27.87081,10.92515,243.21,300.12,252.36658,40.71,355.00319
2019-08-23,"Standard","Fossil",1,2,3,1,3,12,9,0,1,18.81457,459.05015,6.2801,0.31,2,23,7,15,70,1,29.0402,11,245.98,300,247.83,41.5,353.64402
2019-08-24,"Standard","Fossil",1,2,3,1,4,10,10,0,1,20,444.75,8,0.31,3,20,7,15,70,1,29.6601,12,248.11,283.75,247.2,40,354.06
2019-08-25,"Standard","Fossil",1,2,4,1,4,10,9.96,0,1,20,353.7301,7.01515,0.32,2.98505,23,6,15,70,1,29.6901,13,240,268.18676,197.84349,40,353.7
2019-08-26,"Standard","Fossil",1,2,4,1,3,10,10,0,1,20,353.58,4,0.37,3,23,6,15,70,1,28.59157,13,230,266.98742,205.16,40,353.57821
2019-08-27,"Standard","Fossil",1,2,5,1,4,11,10,0,1,20,463.16,4,0.31,2.85,24,7,16,70,1,28.99005,13,226.82,265.54,177.89,40,354.66
2019-08-28,"Standard","Fossil",1,1,4.78,1,4,11,10,0,1,20,463.14,4,0.31,2,24,7,15,70,0.99005,29,12,209.78,246.48,177.74194,40,355.38
2019-08-29,"Standard","Fossil",1,2,4.77,1,4,11.96,10,0,1,20,444.52,3.98515,0.31,2.05,22.70515,6,15,70,0.8602,29.15,10,203.69,249.78,177.81,37.05,355.62
2019-08-30,"Standard","Fossil",1,1,3,1,4.08,10.09,10,0,1,16.48,464.55227,5.45278,0.32,1.77,22,5.9801,15,70,0.86,29,10,185.45,245.67,177.48,36.04,355.00059
2019-08-31,"Standard","Fossil",1,1.9301,3.21,1,4,10,10,0,1,17,443.3,4.77025,0.32,1.86,22,5,12,70,0.99,28.33076,10,206.44,245.91,160.18,36.13,353.24759
2019-09-01,"Standard","Fossil",1,2,3.01,1,5,10,10,0,1,15.46079,447.27,4,0.43,2,20.51,6,14.45015,70.215,0.8001,29,11,177.1929,256.2392,150,40,354.14
2019-09-02,"Standard","Fossil",1,2,4,1,4,10,10,0,1,15,448.29525,4.89606,0.42,2,20.2902,6,14.86,73.88,0.87,27.71,11,177.07,262.42,150,40,354.14
2019-09-06,"Standard","Fossil",1,1,7.50005,1,1,20,5,0,1,10,410.80823,3.55076,0.46005,1,20,10,10,68.4,0.45,22.6302,10,180.8145,302.44378,130,30,430.59387
2019-09-07,"Standard","Fossil",1,1,5.76,1,1,18.84,5.29,0,1,10,427.5003,3,0.47,1,20,10,10,70,0.3,22,10,177.45694,328.61522,130,30,442.58575
2019-09-08,"Standard","Fossil",1,1,4,1,1,18.09,5.6,0,1,9.54,438.7004,3,0.31,1,21.46,9.22,9.97,70,0.39,22,10.17,176.22793,335.83795,130,30,440.61364
2019-09-09,"Standard","Fossil",1,1,5,1,2,15.82,5.27,0,1,10,434.9002,3,0.5,1,20.31,8.05556,9.8401,70,0.5,20.3601,10,173.9631,350.3587,120.0925,30,434.9002
2019-09-10,"Standard","Fossil",1,1.19505,8.72505,1,2.27515,15.36556,6,0,1,10,433.83515,3,0.49505,1,20,8,10,70,0.67,19.87,10,173.53535,398.7659,114.28309,30,432.52061
2019-09-11,"Standard","Fossil",1,2,9.13525,1,2,15,6,0,1,10,432.45131,4,0.7,1,20,7.88,9.77,70,1,20,10,173.04756,424.75,100,30,430.02
2019-09-12,"Standard","Fossil",1,2,10,1.05232,2,10,6,0,1,10,423.61025,4,0.97015,2,20,9,9,70,1,20,10,171.96,344.56975,100,30,429.9
2019-09-13,"Standard","Fossil",1,2,10,2,2,10,6.72,0,1,10,428.5802,4,1,2,20,9.54061,10,70,1,19.05141,10,171.41313,344.50744,107.13,30,428.5802
2019-09-14,"Standard","Fossil",1,2,10,2,2,10,7,0,1,12,421.15076,4,1,2,20,8,10,70,1,19.8701,10,168.01,336.02,107.13,30,420.02
2019-09-15,"Standard","Fossil",1.66,2,10,2,3,10,7,0,1,12,417.64,4,1,2,20,8,10,64.53,1,21.54005,10.00101,166.21489,334.02,110.7,30,415.48035
2019-09-16,"Standard","Fossil",1.3402,3,10,3,3,10,7,0,1,12,405.43131,4,0.72,1.81,20,8,10,65.73,1,23.39,10,163.88833,409.50238,109.29,30,409.75
2019-09-17,"Standard","Fossil",1,3,10,3,3,10,7,0,1,13.58,410.18,4.24,0.93,2,24,8,11,65,1,22,11,164.07,410.18,114.7,30,410.18
2019-09-18,"Standard","Fossil",1,3,10,2,3,10,7,0,2,10,408.85,4,0.74,2,24,8,11,69.9802,1,23.70525,11.2,163.54,408.85,107.2,30,408.85
2019-09-19,"Standard","Fossil",1,3,10,2,3,11.42,7.00005,0,1,10,410.18,4,0.7,2,23,8.69,11,68.05,1,24.34,11,164.07,410.18,108.45,32.71,410.18
2019-09-20,"Standard","Fossil",1,3,9.87,2,3,10,8,0,1,10,410.18,4,0.74,2,23,9.77,10.61111,65.88,1,26.84,12,164.07,345.3368,105.64167,30,393.90101
2019-09-21,"Standard","Fossil",1,3,10,2,4,10.36,8,0,1,10,410.06515,4,0.81,2,23,8.94,13,65,1,25,12,164.04423,328.4,90.92,32.3,370.3
2019-09-22,"Standard","Fossil",1,4,10,2,3.76,10,7.38,0,1,9.49,412.68,4,1,3,20,9,10,63.69131,1,24.8,12,165.07,410.42,90,36.66,330.15333
2019-09-23,"Standard","Fossil",1,3.90505,11.16505,2,4,10,7.32,0,1,10,418.2404,5,1,3,20,9.5202,10,60,1,25,11,167.06,417.65,90,30,334.12
2019-09-24,"Standard","Fossil",1,3,12.6,2,3.26,10,7.81,0,1,10,442.73525,4.4802,1,3,20,9,11,60,1,25,11.6104,167.85,359.87833,90,30,335.67857
2019-09-25,"Standard","Fossil",1,3,12.24,2,3.34505,10,8,0,1,10,422.58,3,0.62,2.5302,20,8.99505,10.9901,60,1,30,11.5801,169.03,338.06,91.11,30,338.06
2019-09-26,"Standard","Fossil",1,3,12.64,2,3.87,10,10,0,1,9.99,424.7901,3,0.62,2,20.25111,10,13.56,60,1,30,11,169.9125,423.77771,90,30,339.8301
2019-09-27,"Standard","Fossil",1,3,12,1,3.98,10,10,0,1,9.44,424.71566,4,0.7,2,18.90051,9.37,12.12515,58,1,31.26,10,156.86,424.90593,90,30,339.32131
2019-09-28,"Standard","Fossil",1,3.19,12,1,4,10,10,0,1,10,409.8196,4,0.61005,2,18,9.03106,12,55,1,29.54,10,168.9,349.71,90,30,337.82179
2019-09-29,"Standard","Fossil",1,4,12,1.99,4,10,10,0,1,10,419.52947,4,0.61,2,18.12,10,13.55626,49.7501,1,29.68,10,167.81889,316.80789,91.55,32.95,363.88635
2019-09-30,"Standard","Fossil",1,3,10,1,4,10,10,0,1,10,418.80375,3,0.94,2,19,10,13,49.03535,1,23.7803,10,168.06394,336.12,93.45,33.71,365.44
2019-10-01,"Standard","Fossil",1,3,10,1,4,10,10,0,1,10,139.91,3.47,1,2,18,10,12,49,1,25,10,167.97,335.94,93.45,32.7075,336.7314
2019-10-02,"Standard","Fossil",1,3,9.94,1,4,10,8.77,0,1.25005,10,179.35015,4,1,2,16,9.62025,10,46,1,24.15005,9,168.03729,351.52625,95,33.6,348.75713
2019-10-03,"Standard","Fossil",1,3,10,1,4,10,8,0,1,12,108.72505,4,1,2,16,10,10.0101,46.9,1,24.6302,9.6101,167.72847,377.23986,99.08,33.9,335.73205
2019-10-04,"Standard","Fossil",1,3,10,1,3.66,10,8,0,1,12,217.05,4,1,2,16,10,10,48.07,1,23.68066,10,167.56,377.20378,91.78,34,368.27
2019-10-05,"Standard","Fossil",1,3,10,1,3,10,9.81,0,1,12.2,329.83525,5,1,2,16,10,10,45,1,25.83,9,167.96339,419.91023,89.54,34,386.28878
2019-10-06,"Standard","Fossil",1,3,10,1,3,10,10,0,1,13.8,115.85,4,1,1.97505,15,9,10,45,1,30,8.9,168.0621,420.15,88.82,34,386.54
2019-10-07,"Standard","Fossil",1,3,10,1,3.2203,10,10,0,1,14,199.01,4,1,1.30515,16,8.66505,12,45.48,1,30,9,167.96055,421.0617,95.81,34,387.63
2019-10-08,"Standard","Fossil",1,3,11.03,1,3.36,10,10,0,1.7704,14,269.1802,4,1,1.86,16,9,12,49.18,1,25,9.5902,167.56,419.65,95.9,34,381.23
2019-10-09,"Standard","Fossil",1,3,11.74051,1,3,10,10,0,2,14,318.1202,2.33,1,1,17.24,8,11.40015,50,1,22,10,167.39,418.4087,100,34,383.28
2019-10-10,"Standard","Fossil",1,3,13,1,3.34061,10,10,0,1.56,15,369.9101,3,1,1.07,18.69505,9,10,50,1,25,10,167.45,414.15,96.29806,34,385.76578
2019-10-11,"Standard","Fossil",1,4,13,1.52,4,10,10,0,1.9102,15,394.54,3,1,1,19,9,10,49.86,1,25,10,167.56,402,105.66,34,391.68172
2019-10-12,"Standard","Fossil",1,3,13,1.51505,3,10,10,0,1,14,416.32,3.7602,1,1,19,8,10,50,1,25,10,168.13,398.26273,106.85647,35,394.3
2019-10-13,"Standard","Fossil",1,3,12,2,3,10,10,0,1,14.75,418.54182,4,1,1,19,10,11.0303,50,1,25,10,154.27741,376.15,112.81,34.76,412.45167
2019-10-14,"Standard","Fossil",1,3,11.76005,2,3,11.68025,10,0,2,15,404.34379,4,1,1,20,10,12.27,49,1,28.79,10,152.25,337.29,114.4,34.76,419.35828
2019-10-15,"Standard","Fossil",1,3,10.00015,2,3,12,10,0,2,15,403.05,4,1,1,19.89005,9.56222,12.02051,49.52035,1,28,10.58005,150,336.94,115.56,36.24,421.18
2019-10-16,"Standard","Fossil",1,3,10,2,2,13.72,10,0,2,13.84,388.77,5,1,1,20,10,13.18,50,1,28.05015,11,149.18,338.06,100,36.13985,422.58
2019-10-17,"Standard","Fossil",1,3,10,2,3,13.98515,9.53,0,2,13.27,382.87525,5,1,1,20,10.58273,13.66,50,1,29.69,10.78,147.97,338.23077,100,35.98,421.02171
2019-10-18,"Standard","Fossil",1,3,10,2,4,14,9.83525,0,2,12.96,372.76657,5,1,1.9901,20,10,12,50,1,30,12.93,145.54,338.36,100,35,406.75756
2019-10-19,"Standard","Fossil",1,3,10,2,4,15,9,0,1.3902,13.96,392.27167,5,1,1,19,10,12,50,1,30,14,131.33,337.61027,100,35,407.02238
2019-10-20,"Standard","Fossil",1,3,10,1,4,15,9,0,1,15,407.28684,5,1,1,18,10,13,49.77525,1,30,13.9901,120,300,104.01,35,407.9
2019-10-21,"Standard","Fossil",1,3,10,1,4,15,9,0,1,14.43,410.16585,4,1,1,18,10,13.53,48,1,30,14,120,301.27,100,38.29,410.38533
2019-10-22,"Standard","Fossil",1,3,10,1,4,14,9,0,1.05,14,412.01,3.25,1,1,18,10,13,47.45136,1,30,14,120,336.00792,100,38.29,411.67
2019-10-23,"Standard","Fossil",1,3,10,1,4,14.34005,9,0,1.97,15,412.87,3,1,1,18.28025,10,12.21,51.5051,1,32.55005,13,120,336.51277,100,39.38,398.85
2019-10-24,"Standard","Fossil",1,3,10,1,4,16.32,9,0,1.62657,15,411.62625,2.82515,1,1,16.5801,10,12.35818,52.23717,1,34.28,12.99505,119.74,326.9234,100,36.05,406.66106
2019-10-25,"Standard","Fossil",1,3,8.7802,1,4,17,9,0,1,15,398.67077,3,1,1.66,16,8,13,50,1,34.03,12.81051,119.43,330.81,100,34.93,396.01
2019-10-26,"Standard","Fossil",1,2.98,8,1.8601,3.00505,14.25545,9,0,1.06505,15,384.80821,4.39051,0.98,1.13576,15,7,13,49.87,1,33,13,112.24,344.26261,100,34.53,388.54
2019-10-27,"Standard","Fossil",1,3,9,2,3.68005,15,8,0,1,15,379.13,5,1,1,16,8,13,50,1,33,14,100,344.39958,100.42,31.79,388.01192
2019-10-28,"Standard","Fossil",1,3,8,2,3.55,15,8,0,1.62,15,395.67,5,0.99505,1,16.36,8,13,49,1,34,13,99.63,344.06,101.59,32.27,390.4
2019-10-29,"Standard","Fossil",1,3,6,2,3,15,7,0,2,15,395.67,6,0.8,1,17.09,8,12.5,49.75,1,34.05303,12,90.77,341.42,104.29,33,395.21935
2019-10-30,"Standard","Fossil",1,3,6,3,3.6901,15,8,0,1.89,15,392.687,6,0.77,1,18,8,12,50,1,36,12,99,327.77679,105.89,33,394.35348
2019-10-31,"Standard","Fossil",1,3,6,2,4,14.73,8,0,1.8303,15,392.96596,5.76556,0.71,1.75,18,8,12,50,1,35,12.05,100,340.66182,113.22,33.02,377.15275
2019-11-01,"Standard","Fossil",1,3,6.14081,2.52,4,14.77,8,0,1,14.26,376.97786,5.80051,0.5,1,17,8,12,50,1,32,12,100,326.26962,107.07,30,344.91
2019-11-02,"Standard","Fossil",1,3,7,2,3.10081,17.36091,8,0,1,14,384.02983,6,0.59,1.0202,17,8,12,50,1,34.47101,13.2301,113.16,324.92385,100,30,364.4572
2019-11-03,"Standard","Fossil",1,3,6.43,2,3,17.11545,8,0,1,14.99,377.21,6,0.53,1,18,8,12,46.46,1,35,14,107.63,325.7,100,30,372.08567
2019-11-04,"Standard","Fossil",1,3,6.19035,2,2.77025,15,8,0,1,15,377.21,6,0.7,1,15.51,9,12.04061,47.59056,1,35,13.9,100,308.8,99.82,30,377.21
2019-11-05,"Standard","Fossil",1,2.94,7,2,3,15,8,0,2,15.41,347.33738,6.4,0.68,1,15,9,13,45,1,35.75,13,100,308.01627,98.77651,30.03718,372.08
2019-11-06,"Standard","Fossil",1,3,5.24126,2,3,15,8,0,2,15.76,342.04221,6.68076,0.84,1,15,8.66,14,45,1,34.91045,12.52126,99.71,307.36579,97.18,30,363.27
2019-11-07,"Standard","Fossil",1,2.0904,6,2,3,15,7,0,2,15.33,341.92,5,0.99005,1,15,8.0004,13.14152,42,1,33.56,12,100,300,90,30,341.92
2019-11-08,"Standard","Fossil",1,3,6,1.97015,3,15,8,0,2,15,340.94825,6.88061,1,1,15,8,13.81045,40.81,1,34.0401,12,100,299.51,91.42,30,340.94959
2019-11-09,"Standard","Fossil",1,3,7,1,3,16.12,8,0,2,15,339.43556,8,1,1,15,7,13,42.06,1,33.63,14,97.32636,290,97.56,30,340.44
2019-11-10,"Standard","Fossil",1,3,7,1,3,18,8,0,1,15,322.07284,6.83,1,1,13,7.80015,13.49051,40,1,35,15,90,283.71,99.76,30,339.12
2019-11-11,"Standard","Fossil",1,3,6.34505,1,4,17,8,0,1,15,322.90515,6,1,1,13,8,13,45,1,34,13,90,252.58,100,30,332.67
2019-11-12,"Standard","Fossil",1,3,6,2,4,18,8,0,1,15,321.54056,7,1,1,14,8.02,13,45,1,33.4404,12,89.17,252.0401,100,30,323.49
2019-11-13,"Standard","Fossil",1,3,6,2,4,18.11545,8.87,0,1.05,15,311.72707,7,1,1,14.2001,8.74,12,45.03535,1,34,12,81.27,250,100,30,324.07331
2019-11-14,"Standard","Fossil",1,3,6,2,4,18,10,0,1.11051,15,307.12,6.00207,1,1,14,9.82005,12,45,1,33,12,86.15,250,99.9,30,323.31135
2019-11-15,"Standard","Fossil",1,3,6,2,4,17,9.73,0,1,15,288.3501,5,1,1,13,10,12.88025,45,1,30,12,89.37,250,99.46,30,323.22
2019-11-16,"Standard","Fossil",1,3,6,2,3,16.48035,10,0,2,15,272.79121,5,0.77005,1,13,10,13,43,1,30,12,90,240,96.39,30,331.69839
2019-11-17,"Standard","Fossil",1,3,5.54061,2,4,18,9,0,1.3002,15,251.24035,5,0.81005,1,13.05384,9.00071,13,43.67061,1,30,13,85.3,241.18111,100,30,324.1352
2019-11-18,"Standard","Fossil",1,3,5,1.85015,4,16,10,0,2,15,250,7,1,1,15,9,12,44,1,30,12,86.34,250,100,30,323.6101
2019-11-19,"Standard","Fossil",1,3,5,1,4,16,9.86,0,2,14,250,5,1,1,15,9.8,12,46.37,1,29.05,12,83.89056,250,100,30,323.38
2019-11-20,"Standard","Fossil",1,3,5,2,4,16,9,0,1,14,250,5,1,1,15,10,12,47.4601,1,27.41,12,85.31,250,101.15,30,313.45
2019-11-21,"Standard","Fossil",1,3,5.49025,1.84,3,17.52,9,0,1,14,240,4,1,1,16.25005,10,13,48,1,28.59005,10,81.26,244.26,110,30,319.55253
2019-11-22,"Standard","Fossil",1,3,6,2,4,17,9,0,1.02,14,237.38,4,1,1,18,10,12.61,48,1,33.05,9,80,240,108.23,30,300.00086
2019-11-23,"Standard","Fossil",1,2.10515,5,2,3,16,9,0,1,14.16117,230,4.01,1,1,17,9,13,48.13,1,32,9,75,217.8,110,30,300
2019-11-24,"Standard","Fossil",1,2,5,2,3,15,9,0,1,14,228.62,4,1,1,19,10,13,48,1,33,10,75,214.51,111.62412,30,300
2019-11-25,"Standard","Fossil",1,2,5,2,4,15,9,0,2,14,230,4.77515,1,1,18,10,13,48,1,34.07576,12,76.45,240,115,30,299.18971
2019-11-26,"Standard","Fossil",1,2,5,2,4,15,8,0,2,14,247.32,4,1,1,18.74141,10,13,49,1,32.66,12,75.2,219.41,110,28,300
2019-11-27,"Standard","Fossil",1,2.1401,5.96505,2,4,15,8,0,2,15,244.43515,3.86,1,1,18,9.73,13,48,1,32,11,76.16,215,115,28,299.46
2019-11-28,"Standard","Fossil",1,2.57545,5,2,4,15,8,0,1.5,15,244.74,4.76,1,1,18.4001,10,13,48,1,33,11,78.19,213.9,115,28.98197,298.54
2019-11-29,"Standard","Fossil",1,3,5,2,4,18.5101,7.63,0,2,17,242.16,3,1,1,19,10,14,48,1,32.61071,10.63505,88.91049,210.77,115,30,298.59
2019-11-30,"Standard","Fossil",1,3,5,1,4,18,7,0,1.94,17.49,249.99,4,1,1,19,8.52,12.03535,50,0.99,30,10,89.82,211.35,120,30,298.66
2019-12-01,"Standard","Fossil",1,3,4,1,4,20,7,0,2,16,243.04,5,1,1,18,9.85152,12.57172,49.3604,1,30.01,11.17515,89.85,200.91,110,30,300
2019-12-02,"Standard","Fossil",1,2.18182,4,2,4,17.90505,7,0,3,15,246.96,4,1,1,18,9.5101,13,48.1,1,34,10,90,200,110,30,299.97
2019-12-03,"Standard","Fossil",1,2,4,1,4,16,7.48,0,1,16,240,5,1,1,17.96505,9,13,50,0.48505,30,9.96,90,199.37,119.97,30,300
2019-12-04,"Standard","Fossil",1,2,4.05556,1,5,16.5803,7.55,0,2,16,230,6,1,1,16.48525,9,13,50,0.62505,30,10,85.82,197.08732,111.98,30,280
2019-12-05,"Standard","Fossil",1,2,4.20505,1,5,17,8,0,1,16,223.43672,5.53525,1,1,18,9,13,54.9901,0.9,33,10,82.72,173.58907,119.14,30,274.86
2019-12-06,"Standard","Fossil",1,2,5,1.69586,5,17,8,0,1,16.02,223.67,5.6001,1,1,18,9.91,13,55,0.81505,32.41535,10,80.18,173.2,110,30,270
2019-12-07,"Standard","Fossil",1,2,5,2,5,18.88515,8,0,1,15,222.8181,5,1,1,18,10.3601,14,54.49,1,35,10.3,74.4,172.6946,100,44.27,279.73
2019-12-08,"Standard","Fossil",1,2,5,2,5,19,8,0,1,15,219.55265,4,1,1,15.92096,9.5401,13,55,1,34,12,67.27,176.81429,100,44.86,279.34
2019-12-09,"Standard","Fossil",1,2,5,1.99,4,17.22061,8,0,1,15,204.98161,4,0.6,1,18.8501,9.2303,12,50,1,32.1301,12,60,170.37202,100,44.88,284.45
2019-12-13,"Standard","Fossil",1,4,4,2,3,10,5,0,1,16,217.64,4,0.80505,1,15,10,10.01515,57.68,1,40,10,70,180,100.76,40,290.70535
2019-12-14,"Standard","Fossil",1,3.06,5,3,2,10,5.12318,0,1,15,219.23071,4,0.55025,1,16.71025,10,10.47106,55,0.5,38,10,70,179.72005,100,39.66729,299.07
2019-12-15,"Standard","Fossil",1,3,5,2,2,10,5,0,1,14.36,217.61,4,0.73,1,17.08,10,10,53.13,1,36.82,10,70,178.03505,100,40,299.25
2019-12-16,"Standard","Fossil",1,3,5,3,2,10,5.53,0,1,15,212.0001,3,0.87,1,16,10,10,50,1,35,10,70,176.36005,100,40,284.7601
2019-12-17,"Standard","Fossil",1,3,5,3,2,10,5.9701,0,1,15,208.04015,3,0.76,1,16.25056,9,9,50,1,35,10,67.83,176.4302,100,40,282.26
2019-12-18,"Standard","Fossil",1,3,4,2,2,10,5.97,0,1,14.73,211.57525,2,0.87,1,15,9,8.86,50,1,31.18515,10,65,176.33,100,39.1,281.85505
2019-12-19,"Standard","Fossil",1,3,4,2.71,2,10,5.9,0,1,14.94,210.1201,1,0.97,1,15,8,8,49.31505,1,28,10,65,175.1001,100,40,280.10515
2019-12-20,"Standard","Fossil",1,3,4,3,2,10,5.94005,0,1,14.91,210.6201,2,0.7,1,15,6,6.13,49.61,1,22.2402,10,65,175.52005,100,40,280.79025
2019-12-21,"Standard","Fossil",1,3,4,3.35,2,10,6,0,1,15,210.78025,2.92,0.66,1,15,6.49,8,47.90051,1,25,9.81005,65,175.42,100,39.80476,280.6
2019-12-22,"Standard","Fossil",1,3,4.8,4,2,10,6,0,1,15,218.83,3,0.64,1,15,8,8,50,1,25.46,9.56384,64.99,175.56,100,40,279.4404
2019-12-23,"Standard","Fossil",1,2.9401,5,4,2,9,6,0,1,14.74,219.69,2,0.71,1,15,8,8.00025,49,1,25,9,60.71,175.51,100,40,263.26
2019-12-24,"Standard","Fossil",1,3,5,4.17,2,9,6,0,1,14,221.31,2,0.62,1,15,8,7.30015,49.47015,0.86,22.71,9,60,175.60734,100,40,263.83015
2019-12-25,"Standard","Fossil",1,3,5.44515,4.28,2,9.21,6,0,1,15,220,2,0.5,1,15,8,9,48,0.5,20.76919,9.97525,60,174.70058,100,40,261.92586
2019-12-26,"Standard","Fossil",1,3,6.3,4.73,2,10,7,0,1,15,219.7,3,0.56,1,16,8,9,45,1,24,10,60,178.04,100,40,260.96
2019-12-27,"Standard","Fossil",1,5,5,4,2,9,6.07,0,1,14.81986,214.2,2,0.5,1,16,8,7,45,1,23,9,60,200,99.3,55.78,260.81022
2019-12-28,"Standard","Fossil",1,4.0963,5,4.00818,2,9,6,0,1,15,220,3,0.5,1,15,8,7,43.30198,1,23.48101,10,60,212.57,99.3,70.88,258.66
2019-12-29,"Standard","Fossil",1,5,5,4.72,2,9,6.37888,0,1,15,220,3.54,0.66,1,15,8,7,41.63,1,24.65,10,60,202.23,99.35,51.04,249.67
2019-12-30,"Standard","Fossil",1,5,5,4.2001,2,9,7,0,1,15,220,4,1,1,15.33066,8,8.52066,39.49909,1,25.45,11.07101,60,205.27,99.58,66.42,249.66
2019-12-31,"Standard","Fossil",1,5,5,4,2,10,7,0,1,15,210.11,4,1,1,14,6,8,36.85552,1,25,10.52015,60,205.22493,99.6,65.44,242.16
2020-01-01,"Standard","Fossil",1,5,5,4,2,10,7,0,1,15,205.57,4.13,1,1,14.46,6.39,8,40,0.7903,25,10.00505,60,198.6,98.59,64.65,241.34286
2020-01-02,"Standard","Fossil",1,5,5,4.44,2,10,7,0,1,15,206.35944,4,1,1,15,8,8,40,0.79,25,10,60,217.3991,98.35,65,239.40865
2020-01-03,"Standard","Fossil",1,3.99505,5,5,2,10,7,0,1,14.63,212.21,3.36,1,1,15.8702,8,7,40,1,25,10,60,219.92143,98.7,65,238.80208
2020-01-04,"Standard","Fossil",1,4.08,6,5,2.78556,10,7,0,1,14.03,219.17118,4,1,1,17,8,8,42.06,1,25,10,60,193.85971,90,48.44,239.44
2020-01-05,"Standard","Fossil",1,4.81,5.89005,5,2,10,7,0,1,15,220,5,0.82,1,18,9,10,45,1,25.92,10,60,200,90,48.21,246.2044
2020-01-06,"Standard","Fossil",1,5.7,5.5,5,2,12.36,7,0,1,15,213.29,6.77106,0.99,1,18,9,9.22,48.8,1,25,10,63.69,195.58,90,49,238.26828
2020-01-07,"Standard","Fossil",1,5,5,5,3,13,7,0,1,15,211.14658,5,1,1,15,9.0801,9,48.97392,1,23.27,10.76,70.19,196.21,90,49.47,235.28
2020-01-08,"Standard","Fossil",1,6,6,5.54035,3,13,7,0,1.50025,15,216.93571,5,1,1,15,10,10,45,1,25,12,70.59534,200,90,49.23,234.12
2020-01-09,"Standard","Fossil",1,6,5.06,5,3,11.0101,7,0,1,15,207.38,5,1,1,15,10,9.13005,45,1,25,12,73.73621,200,90,49.13977,234.02415
2020-01-10,"Standard","Fossil",1,6,6,5,3,10,7,0,1,15,215.17,4,1,1,15,8.80015,9,49.45524,1,22.35152,12,80.45,200.02,90,49,233.81
2020-01-11,"Standard","Fossil",1,6,6,7.0803,3,10,7,0,1,16,217.13821,4.7302,1,1,16,8,8,50,1,20,11.02,80.69,202.79,90,49,233.82907
2020-01-12,"Standard","Fossil",1,6,7,5.98,3,10.0101,7,0,1,16,215.11552,5,1,1,17.45096,6.89,9,50,1,22,11.73,80.91,195.84744,90,49.5,230.80357
2020-01-13,"Standard","Fossil",1,6,6,6,3,10,7,0,1,15,235.33667,4.45,1,1,16,6,8,48,1,23,11,77.60681,198.12,145.70091,49.5,232.01567
2020-01-14,"Standard","Fossil",1,7,8.22051,6.92005,2,10,7,0,1,15,203.40374,5,1,1,16.72005,7.00096,8,45.27,1,22.8,10,70.5358,197.72007,136.89,49,231.1
2020-01-15,"Standard","Fossil",1,6,7.83045,6.03,2,10,7.11,0,1,15,209.8501,5,1,1,16.8301,7,8,46.92,0.69005,24.19,10,70,190.77284,176.38005,49.03,231.2
2020-01-16,"Standard","Fossil",1,6,9,8,2,10,7,0,1,15,206.64596,4.89515,1,1,16.03535,9,8,46.89758,0.99,24,10,69.78705,189.19,190.82,49.28,231.8
2020-01-17,"Standard","Fossil",1,7,9,7,3,10,7.08,0,1,15,200,5,1,1,16,9,9,50,1,24.33005,11,70,183.51,160.84096,49.48,231.81145
2020-01-18,"Standard","Fossil",1,7,9,8,2.7801,10,7.42,0,1,14.62,181.11,6,1,1,16,9,9.31,44.73,1,24,10,70,192.73,158.67,50,232.77702
2020-01-19,"Standard","Fossil",1,7,9,8,2,10,8,0,1,14.96,166.51,6,1,1,15,8,8.5304,45.2501,1,23.8202,9,70.55,190,145.72,49,233.11
2020-01-20,"Standard","Fossil",1,6.6,8.82005,6,2,9,7.99876,0,1,15,174.98,5,1,1,15,7,8,49.24091,0.94,24.27,10,70.8,190,145,48.02,234.51
2020-01-21,"Standard","Fossil",1,8,7.11596,6,2,9,7.5601,0,1,15,166.9704,8,1,1,15,9,8.7304,41.4301,1,25,10.53505,70.55268,190,142.57,39.94663,233.59045
2020-01-22,"Standard","Fossil",1,8,7,6.77015,2,10,8,0,1,14,160.28273,8,1,1,15,8.11051,9,40,1,24,10,71.38,190,134.67566,39.63,216.99935
2020-01-23,"Standard","Fossil",1,8,7,5.62545,3,10,8,0,1,14,156.88505,5,1,1,15,8,9,39.56444,1,24,10,75.55,176.85285,106.15182,38,217.5939
2020-01-24,"Standard","Fossil",1,8,7,4,3,12.04,8,0,1,13.5,149.58,5,1,1,15,8,8,39.31005,1,24,10,76.2,166.47,106.87,38,217.12029
2020-01-25,"Standard","Fossil",1,6,7.44025,5.88015,3,12,8,0,1,13.3501,150,5,1,1,15.83005,7,9,40,1,23,10,80,167.01,102.39,36.14,212.66193
2020-01-26,"Standard","Fossil",1,5.5501,6,4,2,13,8,0,1,13.42,141.22,3.42005,1,1,15,7,9,40,1,24,10,80,167.01,100,35,209.92
2020-01-27,"Standard","Fossil",1,5.67051,6,3.48545,2,10.66505,8,0,1,14,135.1,3.93071,1,1,15,7,8,38.59,1,24,10,80,167.46,100,35,202.01
2020-01-28,"Standard","Fossil",1,6,6,5,3,10.79,8,0,1,14,135,5,1,1,15,7,8,35,1,23.8802,10,78.9975,166.91,85,35,200.54465
2020-01-29,"Standard","Fossil",1,5,8,4.9,3,13,8,0,1,14,133.2501,5.49045,1,1,15,7,8.39066,34.85,1,24,10,76.64,166.63959,84.04,35,200.97049
2020-01-30,"Standard","Fossil",1,5,7,3,3,13,7,0,1,14,132.78,5.72061,1,1,14.79212,7,8,37.20505,1,24.99,10,77.24,166.04641,81.47512,35,212.0211
2020-01-31,"Standard","Fossil",1,4,7,3,3,12,7,0,1,13.34,133.34015,7,1,1,15,7,9,39,1,24,10,80,166.62,80.58,35,200.29488
2020-02-01,"Standard","Fossil",1,4.72056,7,3.27,3,12.13,7,0,1,13,132.46086,7,1,1,15,9,9,40,1,25,10,80,165.99357,80.38,32.03,200
2020-02-02,"Standard","Fossil",1,4,6.96,4,3,13.1304,6,0,1,13,134.47,6.15505,1,1,15,9,9.16505,40,1,24.74,10,75,165.89951,76.64767,34.78,200
2020-02-03,"Standard","Fossil",1,4.01,6.19545,3.94545,3,13.1601,5.67707,0,1,13.33,133.08,6,1,1,15,8,10,40,1,23.29798,10,70.3714,165.61298,64.93,34.50955,198.966
2020-02-04,"Standard","Fossil",1,4,8,3.7202,3,13,5,0,1,14,131.41015,6,1,1,15,8,9,39.9801,1,20.9604,10,70,166.11933,69.47,30,199.34
2020-02-05,"Standard","Fossil",1,5,8,5,3,13,5.18,0,1,14,127.4901,7,1,1,15,8,9,39,1,23.4301,10.00505,69.634,166.33861,68.06469,30,199.60565
2020-02-06,"Standard","Fossil",1,5,7,4,3,10.2,5,0,1,14,121.27,6,1,1,14.98,8,9,38,1,25,10,62.18,166.47891,67.57,30,199.78
2020-02-07,"Standard","Fossil",1,5,7,4,3,11,5,0,1,14,120,6.66505,1,1,14.37,7.0602,8,35.50163,1,25.21505,10,60,167.43714,69.59,30,200.92125
2020-02-08,"Standard","Fossil",1,4,7.5301,5,3,11.5501,6,0,1,14,120,7,1,1,14,8,8,37.69789,1,22.49,10,70.57206,167.47,66.99,30,201.24755
2020-02-09,"Standard","Fossil",1,3,7.7302,5,3,11.94005,6,0,1,14.72,120,7,1,1,14.86025,8,8,40,1,25,10,73.06,168.53,79.99,34.5,204.39
2020-02-10,"Standard","Fossil",1,3,6.6004,4.00313,3.32015,11,5,0,1,15,120,5.9602,1,1,15,8,8,40,1,25,10,71.59244,169.46102,80,34,203.35
2020-02-11,"Standard","Fossil",1,4,7,5,4,13.21,5,0,1,14.72,119.59,4.77,1,1,15,8,8,40.46,1,24.56,12,75.68,170.25532,85.79,37.03,204.11038
2020-02-12,"Standard","Fossil",1,4,6,4,3,13,5,0,1,14.6,115.35,5.03,1,1,15,8,8,40,1,26.02,13,77.15311,171.47302,90,35,206.02673
2020-02-13,"Standard","Fossil",1,4,6.3901,4,3,12.34,5,0,1,15,113.32,5,1,1,14.3701,10,9,40,1,30,12,71.91,171.97,90,35,207.69
2020-02-14,"Standard","Fossil",1,4,7,4,3,14,5,0,1,15,119.66,6,1,1,14,8,8.16,42.1502,1,28,13,71.97693,172.65457,90,35,208.59382
2020-02-15,"Standard","Fossil",1,4,7,4,3,13,5,0,1,15,122.57684,6,1,1,15,8.01,8,45.06,1,30,13,80,172.7557,90,34.96,207.56
2020-02-16,"Standard","Fossil",1,4,7.0004,4,3,13,5,0,1,15,123.65045,6,1,1,17.65086,8,8,49,1,30,13.96005,72.96595,173.25,90,35,207.56
2020-02-17,"Standard","Fossil",1,4,8,4,3.00015,14,5,0,1,15,121.18,6,1,1,18,8.65005,8,50,1,30,13,72.4,173.51891,90,34.24,208.27
2020-02-18,"Standard","Fossil",1,4,8,5,3,13,5,0,1,14,120,6,1,1,15,9,10,49,1,30,12.02525,68.6522,173.56,90,30,209.05
2020-02-19,"Standard","Fossil",1,4,7,5,3,12.66076,6,0,1,14.68,120,5,1,1,16,8,9.82005,50,1,30,10,72.61676,173.56967,90,33.21,209.46
2020-02-20,"Standard","Fossil",1,4,8,3,3.82,13,6,0,1,15,120,5,1,1,15,7,10,50,1,31.8,10,73.24,174.01,90,35,218.81
2020-02-21,"Standard","Fossil",1,5,8,3.73121,4,13,6.08513,0,1.66061,15,120,5,1,1,15.16505,8,9.36505,49,1,31,10,73.05,174.01,90,35,219.15727
2020-02-22,"Standard","Fossil",1,5,8,3,4,13,6,0,2,14.07101,120,5,1,1,15,8.11566,10,49.20202,1,30,10,69.95,174.01,90,32.93,210.55414
2020-02-23,"Standard","Fossil",1,8,8,4,3.92,12,7,0,2,14,119,3,1,1,19,7,9.00025,50,0.76,28,10,69.51,174.16,90,34.09366,209.13
2020-02-24,"Standard","Fossil",1,6,8,4,3.65,12,7,0,1,14.13192,114.4197,5,1,1,17,8,8,49.02,1,26,10.4402,67.71514,174.96,90,35,210.22466
2020-02-25,"Standard","Fossil",1,6,8,4,4,12,7,0,1,14.5,114.5399,5,1,1,15.83066,8,9,47.09,1,27.72005,12,64.95,175.14,90,35,210.35
2020-02-26,"Standard","Fossil",1,5,8,4,5,12,7,0,1,14.03,112.93747,5,1,1,16,8,9.6602,45.71,1,28,13,65.84886,175.23128,91.11867,37.75,210.37
2020-02-27,"Standard","Fossil",1,5,7,4,4,13,7,0,1,14.58664,110,5,1,1,16,8,9,45,1,30,13,65,174.77288,93.75,35,209.89517
2020-02-28,"Standard","Fossil",1,5,7,4,4,13,7,0,1,12.52,110,5,1,1,15,7.12121,8,45,1,28.59556,12.87505,66.18,174.83053,89.85,35,210.17
2020-02-29,"Standard","Fossil",1,5,7,4,3.16525,14,7,0,1,13,110,5,1,1,16.32525,8,8,45,1,29,12,64.81,171.53632,89,35,210.19
2020-03-01,"Standard","Fossil",1,6,8,4.0704,3,15,7,0,1,14.88,110,5,1,1,17,8,8.24015,45,1,28,12,66.69,171.88893,88.17,35,210.01
2020-03-02,"Standard","Fossil",1,6,8.43131,4,2.98515,15,7,0,1,17.57443,112.88,5,1,1,17,7.93,10,44.61,1,28,12,50,170,76.55,35,210.21264
2020-03-03,"Standard","Fossil",1,5.98,8,4,3,15,7,0,1,18.55,110,5,1,1,16.36525,8,9,44,0.79,25,12,64.06333,165.98,77.01,35,210.55
2020-03-04,"Standard","Fossil",1,5,8,5,3,13.59061,7,0,1,18,110,4,1,1,15.58071,9,8.5003,44,0.49,25,12.00217,69.81,166.29,78.28,35,211.266
2020-03-05,"Standard","Fossil",1,5,8,5,3,13,6,0,1,18,110.77,4,1,1,15,8,7.9403,44,0.5,25,12,70.16,160.90813,77.17,35,212.63
2020-03-06,"Standard","Fossil",1,5,7,5,2.66,13,6,0,1,17.87536,112.07,4,1,1,17,8,8,44,1,25.79293,12,69.95,165,78.22,35,210.6001
2020-03-07,"Standard","Fossil",1,5,7,5,2.9602,14,6,0,1,19,118.13,5,1,1,16,7,7.4801,43.65025,1,30,12,69.38,160.51,83.04,35,212.38
2020-03-08,"Standard","Fossil",1,5,7.78525,5,2,14,6,0,1,20,109.92,5.79051,1,1,16,7,8,40,1,27.77727,12,70,160.27,72.82,30,207.66
2020-03-09,"Standard","Fossil",1,5,6,4,2,14.7701,6,0,1,20,110,5,1,1,16,8,8,40,1,25,11,70,160.57908,65,32.99479,210.27
